locus_tag	Gene_Symbol	Description	KO	KO_module	Pathway_1	Pathway	Main_Pathway	Sub_pathway
GFAIFJLA_03259	proC	Pyrroline-5-carboxylate reductase	K00286	M00015	"Arginine biosynthesis, ornithine => arginine"	Arginine biosynthesis	Amino acid metabolism	Arginine and proline metabolism
GFAIFJLA_03260	proA	Gamma-glutamyl phosphate reductase	K00147	M00015	"Arginine biosynthesis, ornithine => arginine"	Arginine biosynthesis	Amino acid metabolism	Arginine and proline metabolism
GFAIFJLA_03261	proB	Glutamate 5-kinase 1	K00931	M00015	"Arginine biosynthesis, ornithine => arginine"	Arginine biosynthesis	Amino acid metabolism	Arginine and proline metabolism
GFAIFJLA_03660	argG	Argininosuccinate synthase	K01940	M00844	"Arginine biosynthesis, ornithine => arginine"	Arginine biosynthesis	Amino acid metabolism	Arginine and proline metabolism
GFAIFJLA_03662	argH	Argininosuccinate lyase	K01755	M00844	"Arginine biosynthesis, ornithine => arginine"	Arginine biosynthesis	Amino acid metabolism	Arginine and proline metabolism
GFAIFJLA_03663	argC	N-acetyl-gamma-glutamyl-phosphate reductase	K00145	M00028	"Ornithine biosynthesis, glutamate => ornithine"	Ornithine biosynthesis	Amino acid metabolism	Arginine and proline metabolism
GFAIFJLA_03664	argJ	Arginine biosynthesis bifunctional protein ArgJ	K00620	M00028	"Ornithine biosynthesis, glutamate => ornithine"	Ornithine biosynthesis	Amino acid metabolism	Arginine and proline metabolism
GFAIFJLA_03666	argB	Acetylglutamate kinase	K00930	M00028	"Ornithine biosynthesis, glutamate => ornithine"	Ornithine biosynthesis	Amino acid metabolism	Arginine and proline metabolism
GFAIFJLA_03667	argD	Acetylornithine aminotransferase	K00821	M00028	"Ornithine biosynthesis, glutamate => ornithine"	Ornithine biosynthesis	Amino acid metabolism	Arginine and proline metabolism
GFAIFJLA_03668	argF	Ornithine carbamoyltransferase	K00611	M00844	"Arginine biosynthesis, ornithine => arginine"	Arginine biosynthesis	Amino acid metabolism	Arginine and proline metabolism
GFAIFJLA_00782	aroD	3-dehydroquinate dehydratase	K03785	M00022	"Shikimate pathway, phosphoenolpyruvate + erythrose-4P => chorismate"	Shikimate pathway	Amino acid metabolism	Aromatic amino acid metabolism
GFAIFJLA_01511	aroC	Chorismate synthase	K01736	M00022	"Shikimate pathway, phosphoenolpyruvate + erythrose-4P => chorismate"	Shikimate pathway	Amino acid metabolism	Aromatic amino acid metabolism
GFAIFJLA_01512	aroA	3-phosphoshikimate 1-carboxyvinyltransferase	K00800	M00022	"Shikimate pathway, phosphoenolpyruvate + erythrose-4P => chorismate"	Shikimate pathway	Amino acid metabolism	Aromatic amino acid metabolism
GFAIFJLA_01911	aroH	"Phospho-2-dehydro-3-deoxyheptonate aldolase, Trp-sensitive"	K01626	M00022	"Shikimate pathway, phosphoenolpyruvate + erythrose-4P => chorismate"	Shikimate pathway	Amino acid metabolism	Aromatic amino acid metabolism
GFAIFJLA_01997		hypothetical protein	K00891	M00022	"Shikimate pathway, phosphoenolpyruvate + erythrose-4P => chorismate"	Shikimate pathway	Amino acid metabolism	Aromatic amino acid metabolism
GFAIFJLA_02866	aroE	Shikimate dehydrogenase (NADP(+))	K00014	M00022	"Shikimate pathway, phosphoenolpyruvate + erythrose-4P => chorismate"	Shikimate pathway	Amino acid metabolism	Aromatic amino acid metabolism
GFAIFJLA_02867	aroK	Shikimate kinase 1	K00891	M00022	"Shikimate pathway, phosphoenolpyruvate + erythrose-4P => chorismate"	Shikimate pathway	Amino acid metabolism	Aromatic amino acid metabolism
GFAIFJLA_02868	aroF	Phospho-2-dehydro-3-deoxyheptonate aldolase	K03856	M00022	"Shikimate pathway, phosphoenolpyruvate + erythrose-4P => chorismate"	Shikimate pathway	Amino acid metabolism	Aromatic amino acid metabolism
GFAIFJLA_02870	aroB	3-dehydroquinate synthase	K01735	M00022	"Shikimate pathway, phosphoenolpyruvate + erythrose-4P => chorismate"	Shikimate pathway	Amino acid metabolism	Aromatic amino acid metabolism
GFAIFJLA_00088	ilvH_1	Acetolactate synthase isozyme 3 small subunit	K01653	M00019	"Valine_isoleucine biosynthesis, pyruvate "	Valine_isoleucine biosynthesis	Amino acid metabolism	Branched-chain amino acid metabolism
GFAIFJLA_00088	ilvH_1	Acetolactate synthase isozyme 3 small subunit	K01653	M00570	"Isoleucine biosynthesis, threonine => 2-oxobutanoate => isoleucine"	Isoleucine biosynthesis	Amino acid metabolism	Branched-chain amino acid metabolism
GFAIFJLA_00089	ilvB	Acetolactate synthase large subunit	K01652	M00019	"Valine_isoleucine biosynthesis, pyruvate "	Valine_isoleucine biosynthesis	Amino acid metabolism	Branched-chain amino acid metabolism
GFAIFJLA_00089	ilvB	Acetolactate synthase large subunit	K01652	M00570	"Isoleucine biosynthesis, threonine => 2-oxobutanoate => isoleucine"	Isoleucine biosynthesis	Amino acid metabolism	Branched-chain amino acid metabolism
GFAIFJLA_02381	ilvD_1	Dihydroxy-acid dehydratase	K01687	M00019	"Valine_isoleucine biosynthesis, pyruvate "	Valine_isoleucine biosynthesis	Amino acid metabolism	Branched-chain amino acid metabolism
GFAIFJLA_02381	ilvD_1	Dihydroxy-acid dehydratase	K01687	M00570	"Isoleucine biosynthesis, threonine => 2-oxobutanoate => isoleucine"	Isoleucine biosynthesis	Amino acid metabolism	Branched-chain amino acid metabolism
GFAIFJLA_02482	ilvK	Branched-chain-amino-acid aminotransferase 2	K00826	M00019	"Valine_isoleucine biosynthesis, pyruvate "	Valine_isoleucine biosynthesis	Amino acid metabolism	Branched-chain amino acid metabolism
GFAIFJLA_02482	ilvK	Branched-chain-amino-acid aminotransferase 2	K00826	M00570	"Isoleucine biosynthesis, threonine => 2-oxobutanoate => isoleucine"	Isoleucine biosynthesis	Amino acid metabolism	Branched-chain amino acid metabolism
GFAIFJLA_02879	ilvD_2	Dihydroxy-acid dehydratase	K01687	M00019	"Valine_isoleucine biosynthesis, pyruvate "	Valine_isoleucine biosynthesis	Amino acid metabolism	Branched-chain amino acid metabolism
GFAIFJLA_02879	ilvD_2	Dihydroxy-acid dehydratase	K01687	M00570	"Isoleucine biosynthesis, threonine => 2-oxobutanoate => isoleucine"	Isoleucine biosynthesis	Amino acid metabolism	Branched-chain amino acid metabolism
GFAIFJLA_02882	ilvC	Ketol-acid reductoisomerase (NAD(+))	K00053	M00019	"Valine_isoleucine biosynthesis, pyruvate "	Valine_isoleucine biosynthesis	Amino acid metabolism	Branched-chain amino acid metabolism
GFAIFJLA_02882	ilvC	Ketol-acid reductoisomerase (NAD(+))	K00053	M00570	"Isoleucine biosynthesis, threonine => 2-oxobutanoate => isoleucine"	Isoleucine biosynthesis	Amino acid metabolism	Branched-chain amino acid metabolism
GFAIFJLA_02884	ilvH_2	Acetolactate synthase small subunit	K01653	M00019	"Valine_isoleucine biosynthesis, pyruvate "	Valine_isoleucine biosynthesis	Amino acid metabolism	Branched-chain amino acid metabolism
GFAIFJLA_02884	ilvH_2	Acetolactate synthase small subunit	K01653	M00570	"Isoleucine biosynthesis, threonine => 2-oxobutanoate => isoleucine"	Isoleucine biosynthesis	Amino acid metabolism	Branched-chain amino acid metabolism
GFAIFJLA_02885	ilvG	Acetolactate synthase isozyme 2 large subunit	K01652	M00019	"Valine_isoleucine biosynthesis, pyruvate "	Valine_isoleucine biosynthesis	Amino acid metabolism	Branched-chain amino acid metabolism
GFAIFJLA_02885	ilvG	Acetolactate synthase isozyme 2 large subunit	K01652	M00570	"Isoleucine biosynthesis, threonine => 2-oxobutanoate => isoleucine"	Isoleucine biosynthesis	Amino acid metabolism	Branched-chain amino acid metabolism
GFAIFJLA_02887	tdcB	L-threonine ammonia-lyase	K01754	M00570	"Isoleucine biosynthesis, threonine => 2-oxobutanoate => isoleucine"	Isoleucine biosynthesis	Amino acid metabolism	Branched-chain amino acid metabolism
GFAIFJLA_01288	cysE	Serine acetyltransferase	K00640	M00021	"Cysteine biosynthesis, serine => cysteine"	Cysteine biosynthesis	Amino acid metabolism	Cysteine and methionine metabolism
GFAIFJLA_02100	cysK1	O-acetylserine sulfhydrylase	K01738	M00021	"Cysteine biosynthesis, serine => cysteine"	Cysteine biosynthesis	Amino acid metabolism	Cysteine and methionine metabolism
GFAIFJLA_00120	asd	Aspartate-semialdehyde dehydrogenase	K00133	M00527	"Lysine biosynthesis, DAP aminotransferase pathway, aspartate => lysine"	Lysine biosynthesis	Amino acid metabolism	Lysine metabolism
GFAIFJLA_00121	dapA_1	4-hydroxy-tetrahydrodipicolinate synthase	K01714	M00527	"Lysine biosynthesis, DAP aminotransferase pathway, aspartate => lysine"	Lysine biosynthesis	Amino acid metabolism	Lysine metabolism
GFAIFJLA_00122	dapB	4-hydroxy-tetrahydrodipicolinate reductase	K00215	M00527	"Lysine biosynthesis, DAP aminotransferase pathway, aspartate => lysine"	Lysine biosynthesis	Amino acid metabolism	Lysine metabolism
GFAIFJLA_00696	dapL	LL-diaminopimelate aminotransferase	K10206	M00527	"Lysine biosynthesis, DAP aminotransferase pathway, aspartate => lysine"	Lysine biosynthesis	Amino acid metabolism	Lysine metabolism
GFAIFJLA_00699	dapF	Diaminopimelate epimerase	K01778	M00527	"Lysine biosynthesis, DAP aminotransferase pathway, aspartate => lysine"	Lysine biosynthesis	Amino acid metabolism	Lysine metabolism
GFAIFJLA_03242	lysC_2	Aspartokinase	K00928	M00527	"Lysine biosynthesis, DAP aminotransferase pathway, aspartate => lysine"	Lysine biosynthesis	Amino acid metabolism	Lysine metabolism
GFAIFJLA_03570	dapA_2	4-hydroxy-tetrahydrodipicolinate synthase	K01714	M00527	"Lysine biosynthesis, DAP aminotransferase pathway, aspartate => lysine"	Lysine biosynthesis	Amino acid metabolism	Lysine metabolism
GFAIFJLA_03754	lysA	Diaminopimelate decarboxylase	K01586	M00527	"Lysine biosynthesis, DAP aminotransferase pathway, aspartate => lysine"	Lysine biosynthesis	Amino acid metabolism	Lysine metabolism
GFAIFJLA_00120	asd	Aspartate-semialdehyde dehydrogenase	K00133	M00018	"Threonine biosynthesis, aspartate => homoserine => threonine"	Threonine biosynthesis	Amino acid metabolism	Serine and threonine metabolism
GFAIFJLA_00833	pspA	Phosphoserine phosphatase 1	K22305	M00020	"Serine biosynthesis, glycerate-3P => serine"	Serine biosynthesis	Amino acid metabolism	Serine and threonine metabolism
GFAIFJLA_00885	serC	Phosphoserine aminotransferase	K00831	M00020	"Serine biosynthesis, glycerate-3P => serine"	Serine biosynthesis	Amino acid metabolism	Serine and threonine metabolism
GFAIFJLA_00887	serA	D-3-phosphoglycerate dehydrogenase	K00058	M00020	"Serine biosynthesis, glycerate-3P => serine"	Serine biosynthesis	Amino acid metabolism	Serine and threonine metabolism
GFAIFJLA_03240		hypothetical protein	K00003	M00018	"Threonine biosynthesis, aspartate => homoserine => threonine"	Threonine biosynthesis	Amino acid metabolism	Serine and threonine metabolism
GFAIFJLA_03241	thrB	Homoserine kinase	K00872	M00018	"Threonine biosynthesis, aspartate => homoserine => threonine"	Threonine biosynthesis	Amino acid metabolism	Serine and threonine metabolism
GFAIFJLA_03242	lysC_2	Aspartokinase	K00928	M00018	"Threonine biosynthesis, aspartate => homoserine => threonine"	Threonine biosynthesis	Amino acid metabolism	Serine and threonine metabolism
GFAIFJLA_03761	thrC	Threonine synthase	K01733	M00018	"Threonine biosynthesis, aspartate => homoserine => threonine"	Threonine biosynthesis	Amino acid metabolism	Serine and threonine metabolism
GFAIFJLA_00394	fba	Fructose-bisphosphate aldolase	K01624	M00001	"Glycolysis (Embden-Meyerhof pathway), glucose => pyruvate "	Glycolysis (Embden-Meyerhof pathway)	Carbohydrate metabolism	Central carbohydrate metabolism
GFAIFJLA_00799	gap	Glyceraldehyde-3-phosphate dehydrogenase	K00134	M00001	"Glycolysis (Embden-Meyerhof pathway), glucose => pyruvate"	Glycolysis (Embden-Meyerhof pathway)	Carbohydrate metabolism	Central carbohydrate metabolism
GFAIFJLA_00799	gap	Glyceraldehyde-3-phosphate dehydrogenase	K00134	M00002	"Glycolysis, core module involving three-carbon compounds"	Glycolysis	Carbohydrate metabolism	Central carbohydrate metabolism
GFAIFJLA_01289	prs	Putative ribose-phosphate pyrophosphokinase	K00948	M00005	"PRPP biosynthesis, ribose-5P => PRPP"	PRPP biosynthesis	Carbohydrate metabolism	Central carbohydrate metabolism
GFAIFJLA_02115	pyk	Pyruvate kinase	K00873	M00001	"Glycolysis (Embden-Meyerhof pathway), glucose => pyruvate "	Glycolysis (Embden-Meyerhof pathway)	Carbohydrate metabolism	Central carbohydrate metabolism
GFAIFJLA_02115	pyk	Pyruvate kinase	K00873	M00002	"Glycolysis, core module involving three-carbon compounds"	Glycolysis	Carbohydrate metabolism	Central carbohydrate metabolism
GFAIFJLA_02808	pgiB	Glucose-6-phosphate isomerase B	K01810	M00001	"Glycolysis (Embden-Meyerhof pathway), glucose => pyruvate "	Glycolysis (Embden-Meyerhof pathway)	Carbohydrate metabolism	Central carbohydrate metabolism
GFAIFJLA_02831	gpmI_2	"2,3-bisphosphoglycerate-independent phosphoglycerate mutase"	K15633	M00001	"Glycolysis (Embden-Meyerhof pathway), glucose => pyruvate "	Glycolysis (Embden-Meyerhof pathway)	Carbohydrate metabolism	Central carbohydrate metabolism
GFAIFJLA_02831	gpmI_2	"2,3-bisphosphoglycerate-independent phosphoglycerate mutase"	K15633	M00002	"Glycolysis, core module involving three-carbon compounds"	Glycolysis	Carbohydrate metabolism	Central carbohydrate metabolism
GFAIFJLA_02833	tpiA	Triosephosphate isomerase	K01803	M00001	"Glycolysis (Embden-Meyerhof pathway), glucose => pyruvate "	Glycolysis (Embden-Meyerhof pathway)	Carbohydrate metabolism	Central carbohydrate metabolism
GFAIFJLA_02833	tpiA	Triosephosphate isomerase	K01803	M00002	"Glycolysis, core module involving three-carbon compounds"	Glycolysis	Carbohydrate metabolism	Central carbohydrate metabolism
GFAIFJLA_02834	pgk	Phosphoglycerate kinase	K00927	M00001	"Glycolysis (Embden-Meyerhof pathway), glucose => pyruvate "	Glycolysis (Embden-Meyerhof pathway)	Carbohydrate metabolism	Central carbohydrate metabolism
GFAIFJLA_02834	pgk	Phosphoglycerate kinase	K00927	M00002	"Glycolysis, core module involving three-carbon compounds"	Glycolysis	Carbohydrate metabolism	Central carbohydrate metabolism
GFAIFJLA_03063	ydjI	putative protein YdjI	K01624	M00001	"Glycolysis (Embden-Meyerhof pathway), glucose => pyruvate "	Glycolysis (Embden-Meyerhof pathway)	Carbohydrate metabolism	Central carbohydrate metabolism
GFAIFJLA_03308	eno	Enolase	K01689	M00001	"Glycolysis (Embden-Meyerhof pathway), glucose => pyruvate "	Glycolysis (Embden-Meyerhof pathway)	Carbohydrate metabolism	Central carbohydrate metabolism
GFAIFJLA_03308	eno	Enolase	K01689	M00002	"Glycolysis, core module involving three-carbon compounds"	Glycolysis	Carbohydrate metabolism	Central carbohydrate metabolism
GFAIFJLA_03639	pfkA2	ATP-dependent 6-phosphofructokinase 2	K21071	M00001	"Glycolysis (Embden-Meyerhof pathway), glucose => pyruvate "	Glycolysis (Embden-Meyerhof pathway)	Carbohydrate metabolism	Central carbohydrate metabolism
GFAIFJLA_03651		Pyruvate:ferredoxin oxidoreductase	K03737	M00307	"Pyruvate oxidation, pyruvate => acetyl-CoA"	Pyruvate oxidation	Carbohydrate metabolism	Central carbohydrate metabolism
GFAIFJLA_03675	glkA	Glucokinase	K25026	M00001	"Glycolysis (Embden-Meyerhof pathway), glucose => pyruvate "	Glycolysis (Embden-Meyerhof pathway)	Carbohydrate metabolism	Central carbohydrate metabolism
GFAIFJLA_03821	pfkA	ATP-dependent 6-phosphofructokinase	K00850	M00001	"Glycolysis (Embden-Meyerhof pathway), glucose => pyruvate "	Glycolysis (Embden-Meyerhof pathway)	Carbohydrate metabolism	Central carbohydrate metabolism
GFAIFJLA_00366	galK	Galactokinase	K00849	M00632	"Galactose degradation, Leloir pathway, galactose => alpha-D-glucose-1P"	Galactose degradation	Carbohydrate metabolism	Other carbohydrate metabolism
GFAIFJLA_01261	galM	Aldose 1-epimerase	K01785	M00632	"Galactose degradation, Leloir pathway, galactose => alpha-D-glucose-1P"	Galactose degradation	Carbohydrate metabolism	Other carbohydrate metabolism
GFAIFJLA_01724	galT	Galactose-1-phosphate uridylyltransferase	K00965	M00632	"Galactose degradation, Leloir pathway, galactose => alpha-D-glucose-1P"	Galactose degradation	Carbohydrate metabolism	Other carbohydrate metabolism
GFAIFJLA_02340	gtaB	UTP--glucose-1-phosphate uridylyltransferase	K00963	M00854	"Glycogen biosynthesis, glucose-1P => glycogen/starch"	Glycogen biosynthesis	Carbohydrate metabolism	Other carbohydrate metabolism
GFAIFJLA_03447	glgB	"1,4-alpha-glucan branching enzyme GlgB"	K00700	M00854	"Glycogen biosynthesis, glucose-1P => glycogen/starch"	Glycogen biosynthesis	Carbohydrate metabolism	Other carbohydrate metabolism
GFAIFJLA_03448	glgC	Glucose-1-phosphate adenylyltransferase	K00975	M00854	"Glycogen biosynthesis, glucose-1P => glycogen/starch"	Glycogen biosynthesis	Carbohydrate metabolism	Other carbohydrate metabolism
GFAIFJLA_03449	glgD	Glycogen biosynthesis protein GlgD	K00975	M00854	"Glycogen biosynthesis, glucose-1P => glycogen/starch"	Glycogen biosynthesis	Carbohydrate metabolism	Other carbohydrate metabolism
GFAIFJLA_03450	glgA	Glycogen synthase	K00703	M00854	"Glycogen biosynthesis, glucose-1P => glycogen/starch"	Glycogen biosynthesis	Carbohydrate metabolism	Other carbohydrate metabolism
GFAIFJLA_03676	mro	Aldose 1-epimerase	K01785	M00632	"Galactose degradation, Leloir pathway, galactose => alpha-D-glucose-1P"	Galactose degradation	Carbohydrate metabolism	Other carbohydrate metabolism
GFAIFJLA_03819	lnpD	UDP-glucose 4-epimerase	K01784	M00632	"Galactose degradation, Leloir pathway, galactose => alpha-D-glucose-1P"	Galactose degradation	Carbohydrate metabolism	Other carbohydrate metabolism
GFAIFJLA_00366	galK	Galactokinase	K00849	M00554	" UDP-Gal biosynthesis, Gal => UDP-Gal"	 UDP-Gal biosynthesis	Glycan metabolism	Nucleotide sugar biosynthesis
GFAIFJLA_01724	galT	Galactose-1-phosphate uridylyltransferase	K00965	M00554	" UDP-Gal biosynthesis, Gal => UDP-Gal"	 UDP-Gal biosynthesis	Glycan metabolism	Nucleotide sugar biosynthesis
GFAIFJLA_02043	pgcA	Phosphoglucomutase	K01835	M00549	"UDP-Glc biosynthesis, Glc => UDP-Glc"	UDP-Glc biosynthesis	Glycan metabolism	Nucleotide sugar biosynthesis
GFAIFJLA_02340	gtaB	UTP--glucose-1-phosphate uridylyltransferase	K00963	M00549	"UDP-Glc biosynthesis, Glc => UDP-Glc"	UDP-Glc biosynthesis	Glycan metabolism	Nucleotide sugar biosynthesis
GFAIFJLA_03675	glkA	Glucokinase	K25026	M00549	"UDP-Glc biosynthesis, Glc => UDP-Glc"	UDP-Glc biosynthesis	Glycan metabolism	Nucleotide sugar biosynthesis
GFAIFJLA_02000	accA	Acetyl-coenzyme A carboxylase carboxyl transferase subunit alpha	K01962	M00082	"Fatty acid biosynthesis, initiation"	Fatty acid biosynthesis	Lipid metabolism	Fatty acid metabolism
GFAIFJLA_02001	accD	Acetyl-coenzyme A carboxylase carboxyl transferase subunit beta	K01963	M00082	"Fatty acid biosynthesis, initiation"	Fatty acid biosynthesis	Lipid metabolism	Fatty acid metabolism
GFAIFJLA_02002	accC	Biotin carboxylase	K01961	M00082	"Fatty acid biosynthesis, initiation"	Fatty acid biosynthesis	Lipid metabolism	Fatty acid metabolism
GFAIFJLA_02003	fabZ	3-hydroxyacyl-[acyl-carrier-protein] dehydratase FabZ	K02372	M00083	"Fatty acid biosynthesis, elongation"	Fatty acid biosynthesis	Lipid metabolism	Fatty acid metabolism
GFAIFJLA_02004	accB	Biotin carboxyl carrier protein of acetyl-CoA carboxylase	K02160	M00082	"Fatty acid biosynthesis, initiation"	Fatty acid biosynthesis	Lipid metabolism	Fatty acid metabolism
GFAIFJLA_02005	fabF	3-oxoacyl-[acyl-carrier-protein] synthase 2	K09458	M00083	"Fatty acid biosynthesis, elongation"	Fatty acid biosynthesis	Lipid metabolism	Fatty acid metabolism
GFAIFJLA_02006	fabG_1	3-oxoacyl-[acyl-carrier-protein] reductase FabG	K00059	M00083	"Fatty acid biosynthesis, elongation"	Fatty acid biosynthesis	Lipid metabolism	Fatty acid metabolism
GFAIFJLA_02007	fabD	Malonyl CoA-acyl carrier protein transacylase	K00645	M00082	"Fatty acid biosynthesis, initiation"	Fatty acid biosynthesis	Lipid metabolism	Fatty acid metabolism
GFAIFJLA_02008		NADH:quinone reductase	K02371	M00083	"Fatty acid biosynthesis, elongation"	Fatty acid biosynthesis	Lipid metabolism	Fatty acid metabolism
GFAIFJLA_02009	fabH	3-oxoacyl-[acyl-carrier-protein] synthase 3	K00648	M00082	"Fatty acid biosynthesis, initiation"	Fatty acid biosynthesis	Lipid metabolism	Fatty acid metabolism
GFAIFJLA_02042	fabG_2	3-oxoacyl-[acyl-carrier-protein] reductase FabG	K00059	M00083	"Fatty acid biosynthesis, elongation"	Fatty acid biosynthesis	Lipid metabolism	Fatty acid metabolism
GFAIFJLA_00101	thiD	Hydroxymethylpyrimidine/phosphomethylpyrimidine kinase	K00941	M00899	"Thiamine salvage pathway, HMP/HET => TMP"	Thiamine salvage pathway	Metabolism of cofactors and vitamins	Cofactor and vitamin metabolism
GFAIFJLA_00103	thiE	Thiamine-phosphate synthase	K00788	M00899	"Thiamine salvage pathway, HMP/HET => TMP"	Thiamine salvage pathway	Metabolism of cofactors and vitamins	Cofactor and vitamin metabolism
GFAIFJLA_00104	thiM	Hydroxyethylthiazole kinase	K00878	M00899	"Thiamine salvage pathway, HMP/HET => TMP"	Thiamine salvage pathway	Metabolism of cofactors and vitamins	Cofactor and vitamin metabolism
GFAIFJLA_00133	folD	Bifunctional protein FolD protein	K01491	M00140	"C1-unit interconversion, prokaryotes"	C1-unit interconversion	Metabolism of cofactors and vitamins	Cofactor and vitamin metabolism
GFAIFJLA_00141	fhs	Formate--tetrahydrofolate ligase	K01938	M00140	"C1-unit interconversion, prokaryotes"	C1-unit interconversion	Metabolism of cofactors and vitamins	Cofactor and vitamin metabolism
GFAIFJLA_02900	glyA	Serine hydroxymethyltransferase	K00600	M00140	"C1-unit interconversion, prokaryotes"	C1-unit interconversion	Metabolism of cofactors and vitamins	Cofactor and vitamin metabolism
GFAIFJLA_00353	purE	N5-carboxyaminoimidazole ribonucleotide mutase	K01588	M00048	"De novo purine biosynthesis, PRPP + glutamine => IMP (9)  (complete 8/8)"	De novo purine biosynthesis	Nucleotide metabolism	Purine metabolism
GFAIFJLA_00355	purM_1	Phosphoribosylformylglycinamidine cyclo-ligase	K01933	M00048	"De novo purine biosynthesis, PRPP + glutamine => IMP (9)  (complete 8/8)"	De novo purine biosynthesis	Nucleotide metabolism	Purine metabolism
GFAIFJLA_00356	purN	Phosphoribosylglycinamide formyltransferase	K11175	M00048	"De novo purine biosynthesis, PRPP + glutamine => IMP (9)  (complete 8/8)"	De novo purine biosynthesis	Nucleotide metabolism	Purine metabolism
GFAIFJLA_00358	purH	Bifunctional purine biosynthesis protein PurH	K00602	M00048	"De novo purine biosynthesis, PRPP + glutamine => IMP (9)  (complete 8/8)"	De novo purine biosynthesis	Nucleotide metabolism	Purine metabolism
GFAIFJLA_00360	purD	Phosphoribosylamine--glycine ligase	K01945	M00048	"De novo purine biosynthesis, PRPP + glutamine => IMP (9)  (complete 8/8)"	De novo purine biosynthesis	Nucleotide metabolism	Purine metabolism
GFAIFJLA_00475	purM_2	Phosphoribosylformylglycinamidine cyclo-ligase	K01933	M00048	"De novo purine biosynthesis, PRPP + glutamine => IMP (9)  (complete 8/8)"	De novo purine biosynthesis	Nucleotide metabolism	Purine metabolism
GFAIFJLA_00674	purF_1	Amidophosphoribosyltransferase	K00764	M00048	"De novo purine biosynthesis, PRPP + glutamine => IMP (9)  (complete 8/8)"	De novo purine biosynthesis	Nucleotide metabolism	Purine metabolism
GFAIFJLA_00860	purB	Adenylosuccinate lyase	K01756	M00048	"De novo purine biosynthesis, PRPP + glutamine => IMP (9)  (complete 8/8)"	De novo purine biosynthesis	Nucleotide metabolism	Purine metabolism
GFAIFJLA_01912	purL	Phosphoribosylformylglycinamidine synthase	K01952	M00048	"De novo purine biosynthesis, PRPP + glutamine => IMP (9)  (complete 8/8)"	De novo purine biosynthesis	Nucleotide metabolism	Purine metabolism
GFAIFJLA_02107	purC	Phosphoribosylaminoimidazole-succinocarboxamide synthase	K01923	M00048	"De novo purine biosynthesis, PRPP + glutamine => IMP (9)  (complete 8/8)"	De novo purine biosynthesis	Nucleotide metabolism	Purine metabolism
GFAIFJLA_03028	purF_3	Amidophosphoribosyltransferase	K00764	M00048	"De novo purine biosynthesis, PRPP + glutamine => IMP (9)  (complete 8/8)"	De novo purine biosynthesis	Nucleotide metabolism	Purine metabolism
GFAIFJLA_00368	pyrF	Orotidine 5'-phosphate decarboxylase	K01591	M00051	"De novo pyrimidine biosynthesis, glutamine (+ PRPP) => UMP "	De novo pyrimidine biosynthesis	Nucleotide metabolism	Pyrimidine metabolism
GFAIFJLA_00369	pyrC	Dihydroorotase	K01465	M00051	"De novo pyrimidine biosynthesis, glutamine (+ PRPP) => UMP "	De novo pyrimidine biosynthesis	Nucleotide metabolism	Pyrimidine metabolism
GFAIFJLA_00702	carB	Carbamoyl-phosphate synthase large chain	K01955	M00051	"De novo pyrimidine biosynthesis, glutamine (+ PRPP) => UMP "	De novo pyrimidine biosynthesis	Nucleotide metabolism	Pyrimidine metabolism
GFAIFJLA_00703	carA	Carbamoyl-phosphate synthase small chain	K01956	M00051	"De novo pyrimidine biosynthesis, glutamine (+ PRPP) => UMP "	De novo pyrimidine biosynthesis	Nucleotide metabolism	Pyrimidine metabolism
GFAIFJLA_00834	pyrD	"Dihydroorotate dehydrogenase B (NAD(+)), catalytic subunit"	K17828	M00051	"De novo pyrimidine biosynthesis, glutamine (+ PRPP) => UMP "	De novo pyrimidine biosynthesis	Nucleotide metabolism	Pyrimidine metabolism
GFAIFJLA_01142		hypothetical protein	K01955	M00051	"De novo pyrimidine biosynthesis, glutamine (+ PRPP) => UMP "	De novo pyrimidine biosynthesis	Nucleotide metabolism	Pyrimidine metabolism
GFAIFJLA_02040	pyrE_2	Orotate phosphoribosyltransferase	K00762	M00051	"De novo pyrimidine biosynthesis, glutamine (+ PRPP) => UMP "	De novo pyrimidine biosynthesis	Nucleotide metabolism	Pyrimidine metabolism
GFAIFJLA_02295	pyrI	Aspartate carbamoyltransferase regulatory chain	K00610	M00051	"De novo pyrimidine biosynthesis, glutamine (+ PRPP) => UMP "	De novo pyrimidine biosynthesis	Nucleotide metabolism	Pyrimidine metabolism
GFAIFJLA_02297	pyrB	Aspartate carbamoyltransferase catalytic subunit	K00609	M00051	"De novo pyrimidine biosynthesis, glutamine (+ PRPP) => UMP "	De novo pyrimidine biosynthesis	Nucleotide metabolism	Pyrimidine metabolism
