BBMMJFJC_00239	mobileOG_000083203|recR|A0A2N8IVD8|replication/recombination/repair|NA|GPD|Homology	100	202	0	0	1	202	1	202	4.67e-148	411	100
BBMMJFJC_00243	mobileOG_000005209|dinB|A0A2N8I4M5|replication/recombination/repair|NA|GPD|Manual	99.7	349	1	0	11	359	1	349	5.19e-253	689	97.2
BBMMJFJC_00767	mobileOG_000226035|oppD|A0A139TPE7|transfer|competence|GPD|Homology	96.3	325	12	0	1	325	1	325	2.08e-226	620	100
BBMMJFJC_00973	mobileOG_000155947|cas2|A0A3S5YUU6|stability/transfer/defense|crispr|GPD|Homology	96.9	96	3	0	1	96	1	96	3.33e-63	188	100
BBMMJFJC_00974	mobileOG_000155946|cas1|A0A3S5YUW1|stability/transfer/defense|crispr,spacer	98.2	330	6	0	10	339	1	330	5.54e-245	667	97.3
BBMMJFJC_01139	mobileOG_000133915|dpnM|A0A411SV23|stability/transfer/defense|NA|GPD|Homology	93.2	265	18	0	1	265	1	265	8.58e-189	520	100
BBMMJFJC_01139	mobileOG_000173390|dpnM|A0A1Q6UVG7|stability/transfer/defense|NA|GPD|Homology	93.2	265	18	0	1	265	1	265	4.96e-188	518	100
BBMMJFJC_01283	mobileOG_000116637|parB|A0A2N8I238|replication/recombination/repair|partitioning|GPD|Homology	98.3	294	5	0	1	294	1	294	3.11e-201	553	100
BBMMJFJC_01989	mobileOG_000274111|ubiE_1|A0A410S9A2|stability/transfer/defense|NA|immedb|Homology	96.8	156	5	0	1	156	1	156	4.98e-116	327	100
BBMMJFJC_01989	mobileOG_000236970|ubiE_1|A0A410S9A2|stability/transfer/defense|NA|GPD|Homology	96.8	156	5	0	1	156	1	156	7.08e-116	326	100
BBMMJFJC_01989	mobileOG_000148661|ubiE_1|WP_155844488.1|stability/transfer/defense|NA|GPD|Homology	96.8	156	5	0	1	156	1	156	1.01e-115	326	100
BBMMJFJC_01989	mobileOG_000114571|ubiE_1|A0A410S9A2|stability/transfer/defense|NA|GPD|Homology	96.2	156	6	0	1	156	1	156	1.43e-115	325	100
BBMMJFJC_01989	mobileOG_000107699|ubiE_1|A0A410S9A2|stability/transfer/defense|NA|GPD|Homology	96.2	156	6	0	1	156	1	156	5.82e-115	324	100
BBMMJFJC_01989	mobileOG_000249872|ubiE_1|A0A410S9A2|stability/transfer/defense|NA|GPD|Homology	95.5	156	7	0	1	156	1	156	8.27e-115	323	100
BBMMJFJC_01989	mobileOG_000125001|ubiE_1|A0A410S9A2|stability/transfer/defense|NA|GPD|Homology	95.5	156	7	0	1	156	1	156	1.18e-114	323	100
BBMMJFJC_01989	mobileOG_000131652|ubiE_1|A0A410S9A2|stability/transfer/defense|NA|GPD|Homology	96.2	156	6	0	1	156	1	156	1.67e-114	323	100
BBMMJFJC_01989	mobileOG_000100901|ubiE_1|A0A410S9A2|stability/transfer/defense|NA|GPD|Homology	95.5	156	7	0	1	156	1	156	2.37e-114	322	100
BBMMJFJC_01989	mobileOG_000265921|ubiE_1|A0A410S9A2|stability/transfer/defense|NA|GPD|Homology	95.5	156	7	0	1	156	1	156	2.37e-114	322	100
BBMMJFJC_01989	mobileOG_000097836|ubiE_1|WP_155844488.1|stability/transfer/defense|NA|GPD|Homology	94.9	156	8	0	1	156	1	156	4.79e-114	322	100
BBMMJFJC_01989	mobileOG_000136631|ubiE_1|WP_155844488.1|stability/transfer/defense|NA|GPD|Homology	95.5	156	7	0	1	156	1	156	4.79e-114	322	100
BBMMJFJC_01989	mobileOG_000083902|ubiE_1|WP_155844488.1|stability/transfer/defense|NA|Multiple|Homology	94.2	156	9	0	1	156	1	156	6.80e-114	321	100
BBMMJFJC_01989	mobileOG_000142335|ubiE_1|WP_155844488.1|stability/transfer/defense|NA|GPD|Homology	94.9	156	8	0	1	156	1	156	6.80e-114	321	100
BBMMJFJC_01989	mobileOG_000207624|ubiE_1|A0A410S9A2|stability/transfer/defense|NA|GPD|Homology	94.9	156	8	0	1	156	1	156	2.77e-113	320	100
BBMMJFJC_02185	mobileOG_000205147|rdgB|A0A2N8HN23|replication/recombination/repair|NA|GPD|Homology	90.5	189	18	0	15	203	10	198	9.25e-123	347	92.6
