sys_id	type	subtype	activity	sys_beg	sys_end	protein_in_syst	genes_count	name_of_profiles_in_sys
GCF_016696745.1_ASM1669674v1_translated_cds_RM_Type_II_6	RM	RM_Type_II	Defense	lcl|NZ_CP065312.1_prot_WP_065542066.1_233	lcl|NZ_CP065312.1_prot_WP_065542069.1_237	lcl|NZ_CP065312.1_prot_WP_065542066.1_233,lcl|NZ_CP065312.1_prot_WP_084043514.1_235,lcl|NZ_CP065312.1_prot_WP_065542068.1_236,lcl|NZ_CP065312.1_prot_WP_065542069.1_237	4	RM_Type_II__Type_II_MTases_FAM_0,RM_Type_II__Type_II_MTases_FAM_22,RM_Type_II__Type_II_REase19,RM_Type_II__Type_II_REase34
GCF_016696745.1_ASM1669674v1_translated_cds_RM_Type_II_7	RM	RM_Type_II	Defense	lcl|NZ_CP065312.1_prot_WP_065542956.1_1252	lcl|NZ_CP065312.1_prot_WP_065542957.1_1253	lcl|NZ_CP065312.1_prot_WP_065542956.1_1252,lcl|NZ_CP065312.1_prot_WP_065542957.1_1253	2	RM_Type_II__Type_II_MTases_FAM_32,RM_Type_II__Type_II_REase06
GCF_016696745.1_ASM1669674v1_translated_cds_Thoeris_II_5	Thoeris	Thoeris_II	Defense	lcl|NZ_CP065312.1_prot_WP_065542961.1_1259	lcl|NZ_CP065312.1_prot_WP_065542962.1_1260	lcl|NZ_CP065312.1_prot_WP_065542961.1_1259,lcl|NZ_CP065312.1_prot_WP_065542962.1_1260	2	Thoeris_II__ThsA_new_petit,Thoeris__ThsB_Global
GCF_016696745.1_ASM1669674v1_translated_cds_RM_Type_II_8	RM	RM_Type_II	Defense	lcl|NZ_CP065312.1_prot_WP_084043606.1_1295	lcl|NZ_CP065312.1_prot_WP_065542983.1_1296	lcl|NZ_CP065312.1_prot_WP_084043606.1_1295,lcl|NZ_CP065312.1_prot_WP_065542983.1_1296	2	RM_Type_II__Type_II_MTases_FAM_15,RM_Type_II__Type_II_REase16
GCF_016696745.1_ASM1669674v1_translated_cds_CAS_Class1-Subtype-I-C_10	Cas	CAS_Class1-Subtype-I-C	Defense	lcl|NZ_CP065312.1_prot_1853	lcl|NZ_CP065312.1_prot_WP_065543457.1_1859	lcl|NZ_CP065312.1_prot_1853,lcl|NZ_CP065312.1_prot_WP_065543452.1_1854,lcl|NZ_CP065312.1_prot_WP_065543453.1_1855,lcl|NZ_CP065312.1_prot_WP_065543454.1_1856,lcl|NZ_CP065312.1_prot_WP_065543455.1_1857,lcl|NZ_CP065312.1_prot_WP_065543456.1_1858,lcl|NZ_CP065312.1_prot_WP_065543457.1_1859	7	cas1_I_II_III_IV_V_VI_6,cas2_I_II_III_IV_V_VI_3,cas3_I_5,cas4_I_II_III_IV_V_VI_6,cas5_I-C_11,cas7b_I-B_I-C_2,cas8c_I-C_4
GCF_016696745.1_ASM1669674v1_translated_cds_RM_Type_IV_9	RM	RM_Type_IV	Defense	lcl|NZ_CP065312.1_prot_WP_065543621.1_2047	lcl|NZ_CP065312.1_prot_WP_065543621.1_2047	lcl|NZ_CP065312.1_prot_WP_065543621.1_2047	1	RM_Type_IV__FAM_1
GCF_016696745.1_ASM1669674v1_translated_cds_AbiE_1	AbiE	AbiE	Defense	lcl|NZ_CP065312.1_prot_WP_065543635.1_2068	lcl|NZ_CP065312.1_prot_WP_084043665.1_2069	lcl|NZ_CP065312.1_prot_WP_065543635.1_2068,lcl|NZ_CP065312.1_prot_WP_084043665.1_2069	2	AbiEii__AbiEi_4,AbiEii__AbiEii
GCF_016696745.1_ASM1669674v1_translated_cds_SoFic_4	SoFIC	SoFic	Defense	lcl|NZ_CP065312.1_prot_WP_065543744.1_2217	lcl|NZ_CP065312.1_prot_WP_065543744.1_2217	lcl|NZ_CP065312.1_prot_WP_065543744.1_2217	1	SoFic__SoFic
GCF_016696745.1_ASM1669674v1_translated_cds_BREX_I_3	BREX	BREX_I	Defense	lcl|NZ_CP065312.1_prot_WP_065540589.1_3218	lcl|NZ_CP065312.1_prot_WP_065540593.1_3222	lcl|NZ_CP065312.1_prot_WP_065540589.1_3218,lcl|NZ_CP065312.1_prot_WP_065540590.1_3219,lcl|NZ_CP065312.1_prot_WP_065540591.1_3220,lcl|NZ_CP065312.1_prot_WP_065540592.1_3221,lcl|NZ_CP065312.1_prot_WP_065540593.1_3222	5	BREX__brxA_DUF1819,BREX__brxB_DUF1788,BREX__brxC,BREX__pglX1,BREX__pglZA
