LFHPKGDB_00317	mobileOG_000079954|tndX|A0A2J4JQQ1|integration/excision|NA|Multiple|Homology	95.1	185	9	0	1	185	1	185	1.33e-121	356	95.9
LFHPKGDB_00317	mobileOG_000178963|tndX|A0A3A6DZJ9|integration/excision|NA|GPD|Homology	95.1	185	9	0	1	185	1	185	1.33e-121	356	95.9
LFHPKGDB_00317	mobileOG_000210462|tndX|A0A2J4JQQ1|integration/excision|NA|GPD|Homology	93.0	185	13	0	1	185	1	185	2.79e-118	348	95.9
LFHPKGDB_00317	mobileOG_000167307|tndX|A0A414EG20|integration/excision|NA|Multiple|Homology	90.3	185	18	0	1	185	1	185	2.03e-116	343	95.9
LFHPKGDB_00317	mobileOG_000271632|tndX|E5XF89|integration/excision|NA|immedb|Homology	90.3	185	18	0	1	185	1	185	9.97e-116	341	95.9
LFHPKGDB_01097	mobileOG_000097475|ltrA|A0A373HM52|integration/excision|introns|GPD|Homology	93.2	429	29	0	1	429	1	429	1.17e-296	806	100
LFHPKGDB_01097	mobileOG_000194325|ltrA|EKC69775.1|integration/excision|introns|GPD|Homology	92.3	429	33	0	1	429	1	429	6.48e-294	799	100
LFHPKGDB_01097	mobileOG_000271004|ltrA|A0A396ABH4|integration/excision|introns|immedb|Homology	92.1	429	34	0	1	429	1	429	3.75e-293	797	100
LFHPKGDB_01097	mobileOG_000166498|ltrA|R6WBF6|integration/excision|introns|GPD|Homology	91.6	429	36	0	1	429	1	429	5.32e-293	797	100
LFHPKGDB_01097	mobileOG_000222021|ltrA|A0A1C6E3U1|integration/excision|introns|GPD|Homology	91.8	429	35	0	1	429	1	429	3.08e-292	795	100
LFHPKGDB_01879	mobileOG_000270601|cas2|A0A173UFF0|stability/transfer/defense|crispr|immedb|Homology	93.3	45	3	0	1	45	1	45	1.05e-23	86.7	97.8
LFHPKGDB_01879	mobileOG_000206669|cas2|A0A417JZP7|stability/transfer/defense|crispr|GPD|Homology	91.1	45	4	0	1	45	1	45	1.49e-23	86.3	97.8
LFHPKGDB_01879	mobileOG_000256880|cas2|A0A417JZP7|stability/transfer/defense|crispr|GPD|Homology	91.1	45	4	0	1	45	15	59	2.17e-23	86.3	97.8
LFHPKGDB_01879	mobileOG_000141209|cas2|A0A386XF66|stability/transfer/defense|crispr|GPD|Homology	90.9	44	4	0	1	44	1	44	1.73e-22	83.6	95.7
LFHPKGDB_01896	mobileOG_000017720|hin_1|A0A174KKC5|integration/excision|NA|GPD|Manual	91.7	96	8	0	1	96	243	338	6.83e-52	167	100
LFHPKGDB_01896	mobileOG_000273539|hin|A0A3E3DQ52|integration/excision|NA|immedb|Homology	93.8	96	6	0	1	96	408	503	1.03e-51	171	100
LFHPKGDB_01896	mobileOG_000048788|hin|WP_007215987.1|integration/excision|NA|Multiple|Homology	91.7	96	8	0	1	96	408	503	5.93e-50	166	100
LFHPKGDB_01896	mobileOG_000271505|hin|WP_007215987.1|integration/excision|NA|immedb|Homology	91.7	96	8	0	1	96	408	503	5.93e-50	166	100
LFHPKGDB_02215	mobileOG_000227992|mobA_2|A0A413R0D8|transfer|conjugation|GPD|Homology	91.5	176	15	0	1	176	1	176	5.99e-112	332	100
LFHPKGDB_02891	mobileOG_000077086|R00164|A0A416JEW0|integration/excision|NA|GPD|Homology	91.9	62	5	0	1	62	1	62	1.26e-29	109	100
LFHPKGDB_02891	mobileOG_000120304|R00164|A0A416JEW0|integration/excision|NA|GPD|Homology	91.9	62	5	0	1	62	1	62	1.26e-29	109	100
LFHPKGDB_02891	mobileOG_000080728|R00164|A0A417IBY6|integration/excision|NA|GPD|Homology	90.3	62	6	0	1	62	1	62	9.14e-29	107	100
LFHPKGDB_02891	mobileOG_000150176|R00164|A0A414P291|integration/excision|NA|GPD|Homology	90.3	62	6	0	1	62	1	62	9.14e-29	107	100
LFHPKGDB_02891	mobileOG_000227108|R00164|A0A1C6CG79|integration/excision|NA|GPD|Homology	90.3	62	6	0	1	62	1	62	9.14e-29	107	100
LFHPKGDB_03317	mobileOG_000261043|umuC|A0A2S4GEW6|replication/recombination/repair|NA|GPD|Homology	94.0	298	18	0	1	298	1	298	1.68e-207	570	100
LFHPKGDB_03317	mobileOG_000152838|umuC|A0A2S4GEW6|replication/recombination/repair|NA|GPD|Homology	93.6	298	19	0	1	298	1	298	4.81e-207	568	100
LFHPKGDB_03322	mobileOG_000183668|pezA|A0A1C7I753|stability/transfer/defense|NA|GPD|Homology	100	130	0	0	1	130	1	130	7.02e-90	258	100
LFHPKGDB_03361	mobileOG_000183665|2|A0A1C7I418|phage|replication,packaging|GPD|Homology	95.1	546	27	0	3	548	2	547	0.0	1063	99.6
LFHPKGDB_03361	mobileOG_000152584|2|A0A1C7I418|phage|replication,packaging|GPD|Homology	94.7	546	29	0	3	548	2	547	0.0	1062	99.6
LFHPKGDB_03361	mobileOG_000261040|2|A0A1C7I418|phage|replication,packaging|GPD|Homology	94.5	546	30	0	3	548	2	547	0.0	1058	99.6
LFHPKGDB_03361	mobileOG_000097267|2|A0A1C7I418|phage|replication,packaging|GPD|Homology	94.1	546	32	0	3	548	2	547	0.0	1058	99.6
LFHPKGDB_03361	mobileOG_000217529|2|A0A1C7I418|phage|replication,packaging|GPD|Homology	94.5	546	30	0	3	548	2	547	0.0	1056	99.6
LFHPKGDB_03361	mobileOG_000148958|2|A0A1C7I418|phage|replication,packaging|GPD|Homology	95.1	546	27	0	3	548	2	547	0.0	1053	99.6
LFHPKGDB_03361	mobileOG_000079533|2|A0A1C7I418|phage|replication,packaging|GPD|Homology	93.6	546	35	0	3	548	2	547	0.0	1046	99.6
LFHPKGDB_03643	mobileOG_000100364|ssb|A0A4P6M4K0|replication/recombination/repair|NA|GPD|Homology	92.2	153	12	0	1	153	1	153	1.42e-96	277	99.4
LFHPKGDB_03643	mobileOG_000154916|ssb|A0A2S4GPY0|replication/recombination/repair|NA|GPD|Homology	91.6	154	8	1	1	154	1	149	4.01e-95	273	100
LFHPKGDB_04768	mobileOG_000097475|ltrA|A0A373HM52|integration/excision|introns|GPD|Homology	90.8	206	19	0	1	206	224	429	4.99e-136	390	100
LFHPKGDB_04768	mobileOG_000122287|ltrA|A0A1C6E3U1|integration/excision|introns|GPD|Homology	90.8	206	19	0	1	206	131	336	2.91e-135	384	100
LFHPKGDB_04768	mobileOG_000166498|ltrA|R6WBF6|integration/excision|introns|GPD|Homology	90.3	206	20	0	1	206	224	429	8.18e-135	387	100
LFHPKGDB_04768	mobileOG_000222021|ltrA|A0A1C6E3U1|integration/excision|introns|GPD|Homology	90.8	206	19	0	1	206	224	429	6.66e-134	384	100
LFHPKGDB_04769	mobileOG_000097475|ltrA|A0A373HM52|integration/excision|introns|GPD|Homology	95.1	185	9	0	1	185	1	185	4.49e-121	351	100
LFHPKGDB_04769	mobileOG_000194325|ltrA|EKC69775.1|integration/excision|introns|GPD|Homology	94.6	184	10	0	1	184	1	184	5.17e-120	348	99.5
LFHPKGDB_04769	mobileOG_000271004|ltrA|A0A396ABH4|integration/excision|introns|immedb|Homology	94.0	184	11	0	1	184	1	184	2.96e-119	346	99.5
LFHPKGDB_04769	mobileOG_000166498|ltrA|R6WBF6|integration/excision|introns|GPD|Homology	93.0	185	13	0	1	185	1	185	4.20e-119	346	100
LFHPKGDB_04769	mobileOG_000222021|ltrA|A0A1C6E3U1|integration/excision|introns|GPD|Homology	92.4	185	14	0	1	185	1	185	1.70e-118	344	100
