OFOAEPEI_00418	mobileOG_000269641|orf23|EKC78267.1|integration/excision|NA|ICE|Homology	98.1	108	2	0	1	108	1	108	6.82e-73	214	100
OFOAEPEI_00418	mobileOG_000268108|orf23|W0XAE4|integration/excision|NA|ICE|Homology	97.2	108	3	0	1	108	1	108	9.69e-73	213	100
OFOAEPEI_00418	mobileOG_000273258|orf23|A0A416ZJJ9|integration/excision|NA|immedb|Homology	98.1	106	2	0	3	108	1	106	2.61e-72	212	98.1
OFOAEPEI_00418	mobileOG_000270659|orf23|A0A415HG83|integration/excision|NA|immedb|Homology	97.2	106	3	0	3	108	1	106	5.26e-72	211	98.1
OFOAEPEI_00418	mobileOG_000270290|orf23|A0A0M6WWP3|integration/excision|NA|immedb|Homology	97.2	106	3	0	3	108	1	106	1.06e-71	211	98.1
OFOAEPEI_00418	mobileOG_000272198|orf23|A0A396G8A6|integration/excision|NA|immedb|Homology	95.3	106	5	0	3	108	1	106	1.06e-71	211	98.1
OFOAEPEI_00418	mobileOG_000273590|orf23|EKC78267.1|integration/excision|NA|immedb|Homology	98.1	106	2	0	3	108	1	106	2.15e-71	210	98.1
OFOAEPEI_00418	mobileOG_000270180|orf23|G1WPV0|integration/excision|NA|immedb|Homology	96.2	106	4	0	3	108	1	106	3.05e-71	209	98.1
OFOAEPEI_00418	mobileOG_000270879|orf23|W0XAE4|integration/excision|NA|immedb|Homology	97.2	106	3	0	3	108	1	106	3.05e-71	209	98.1
OFOAEPEI_00418	mobileOG_000267254|orf23|Q180N8|integration/excision|NA|ICE|Homology	93.5	108	7	0	1	108	1	108	3.25e-71	209	100
OFOAEPEI_00418	mobileOG_000273886|orf23|A0A374BL84|integration/excision|NA|immedb|Homology	97.2	106	3	0	3	108	1	106	6.15e-71	209	98.1
OFOAEPEI_00418	mobileOG_000270870|orf23|D4MXI9|integration/excision|NA|immedb|Homology	96.2	106	4	0	3	108	1	106	1.77e-70	207	98.1
OFOAEPEI_00418	mobileOG_000273723|orf23|A0A373K7Z7|integration/excision|NA|immedb|Homology	95.3	106	5	0	3	108	1	106	3.56e-70	207	98.1
OFOAEPEI_00418	mobileOG_000188639|orf23|E5VID7|integration/excision|NA|GPD|Homology	91.7	108	9	0	1	108	1	108	3.13e-69	204	100
OFOAEPEI_00418	mobileOG_000271118|orf23|E5VID7|integration/excision|NA|immedb|Homology	91.5	106	9	0	3	108	1	106	9.84e-68	201	98.1
OFOAEPEI_00421	mobileOG_000272990|ftsK_2|D4KN76|replication/recombination/repair|competence|immedb|Homology	96.7	451	15	0	7	457	7	457	0.0	887	98.3
OFOAEPEI_00421	mobileOG_000267225|ftsK_2|Q18DC0|replication/recombination/repair|competence|ICE|Homology	95.2	456	22	0	1	456	1	456	0.0	885	99.3
OFOAEPEI_00421	mobileOG_000273722|ftsK_2|A0A373M8Z7|replication/recombination/repair|competence|immedb|Homology	95.0	459	23	0	1	459	1	459	0.0	883	100
OFOAEPEI_00421	mobileOG_000273591|ftsK_2|A0A3R6UFT3|replication/recombination/repair|competence|immedb|Homology	97.1	444	13	0	7	450	7	450	0.0	880	96.7
OFOAEPEI_00421	mobileOG_000273887|ftsK_2|A0A135YRY7|replication/recombination/repair|competence|immedb|Homology	94.8	459	24	0	1	459	1	459	0.0	880	100
OFOAEPEI_00421	mobileOG_000268806|ftsK_2|A0A416ZLA0|replication/recombination/repair|competence|ICE|Homology	94.1	459	27	0	1	459	1	459	0.0	879	100
OFOAEPEI_00421	mobileOG_000269642|ftsK_2|A0A135YRY7|replication/recombination/repair|competence|ICE|Homology	94.6	459	25	0	1	459	1	459	0.0	878	100
OFOAEPEI_00421	mobileOG_000270179|ftsK_2|A0A1Q2C806|replication/recombination/repair|competence|immedb|Homology	95.3	450	21	0	1	450	1	450	0.0	874	98.0
OFOAEPEI_00421	mobileOG_000270871|ftsK_2|D4MXI6|replication/recombination/repair|competence|immedb|Homology	96.6	444	15	0	7	450	7	450	0.0	874	96.7
OFOAEPEI_00421	mobileOG_000268109|ftsK_2|A0A1C0BXC9|replication/recombination/repair|competence|ICE|Homology	96.4	444	16	0	7	450	7	450	0.0	872	96.7
OFOAEPEI_00421	mobileOG_000270878|ftsK_2|B0P4Y7|replication/recombination/repair|competence|immedb|Homology	96.4	444	16	0	7	450	7	450	0.0	872	96.7
OFOAEPEI_00421	mobileOG_000272197|ftsK_2|A0A416NL22|replication/recombination/repair|competence|immedb|Homology	95.6	450	20	0	1	450	1	450	0.0	872	98.0
OFOAEPEI_00421	mobileOG_000270291|ftsK_2|A0A0M6WUA3|replication/recombination/repair|competence|immedb|Homology	96.4	444	16	0	7	450	7	450	0.0	869	96.7
OFOAEPEI_00421	mobileOG_000271117|ftsK_2|E5VID4|replication/recombination/repair|competence|immedb|Homology	96.6	444	15	0	7	450	7	450	0.0	869	96.7
OFOAEPEI_00421	mobileOG_000273259|ftsK_2|A0A2U2EF47|replication/recombination/repair|competence|immedb|Homology	95.9	444	18	0	7	450	7	450	0.0	868	96.7
OFOAEPEI_00423	mobileOG_000273721|orf20|U2CNI6|replication/recombination/repair|transfer,initiation,conjugation|immedb|Homology	98.7	398	5	0	1	398	1	398	2.62e-291	790	100
OFOAEPEI_00423	mobileOG_000270872|orf20|A0A450B0R6|replication/recombination/repair|transfer,initiation,conjugation|immedb|Homology	98.5	398	6	0	1	398	1	398	7.50e-291	789	100
OFOAEPEI_00423	mobileOG_000271116|orf20|A0A395XQK8|replication/recombination/repair|transfer,initiation,conjugation|immedb|Homology	99.0	398	4	0	1	398	1	398	7.50e-291	789	100
OFOAEPEI_00423	mobileOG_000270707|orf20|A0A414SLY9|replication/recombination/repair|transfer,initiation,conjugation|immedb|Homology	98.7	398	5	0	1	398	1	398	1.07e-290	788	100
OFOAEPEI_00423	mobileOG_000273260|orf20|A0A2U2EF63|replication/recombination/repair|transfer,initiation,conjugation|immedb|Homology	98.5	398	6	0	1	398	1	398	1.07e-290	788	100
OFOAEPEI_00423	mobileOG_000273518|orf20|A0A174GX58|replication/recombination/repair|transfer,initiation,conjugation|immedb|Homology	98.5	398	6	0	1	398	1	398	1.51e-290	788	100
OFOAEPEI_00423	mobileOG_000273003|orf20|D4KN78|replication/recombination/repair|transfer,initiation,conjugation|immedb|Homology	98.0	398	8	0	1	398	1	398	6.16e-290	786	100
OFOAEPEI_00423	mobileOG_000270178|orf20|A0A395XE56|replication/recombination/repair|transfer,initiation,conjugation|immedb|Homology	98.2	398	7	0	1	398	1	398	1.77e-289	785	100
OFOAEPEI_00423	mobileOG_000268110|orf20|W0XAE5|replication/recombination/repair|transfer,initiation,conjugation|ICE|Homology	98.5	397	6	0	1	397	1	397	3.56e-289	785	99.7
OFOAEPEI_00423	mobileOG_000270877|orf20|B0P4Y6|replication/recombination/repair|transfer,initiation,conjugation|immedb|Homology	98.5	398	6	0	1	398	1	398	3.56e-289	785	100
OFOAEPEI_00423	mobileOG_000270292|orf20|A0A0M6WVH3|replication/recombination/repair|transfer,initiation,conjugation|immedb|Homology	98.2	398	7	0	1	398	1	398	5.06e-289	784	100
OFOAEPEI_00423	mobileOG_000271541|orf20|F3ART2|replication/recombination/repair|transfer,initiation,conjugation|immedb|Homology	97.7	398	9	0	1	398	1	398	5.06e-289	784	100
OFOAEPEI_00423	mobileOG_000273888|orf20|A0A0M6WVH3|replication/recombination/repair|transfer,initiation,conjugation|immedb|Homology	98.0	398	8	0	1	398	1	398	2.93e-288	782	100
OFOAEPEI_00423	mobileOG_000273592|orf20|A0A0J9BR90|replication/recombination/repair|transfer,initiation,conjugation|immedb|Homology	97.7	398	9	0	1	398	1	398	3.42e-287	780	100
OFOAEPEI_00423	mobileOG_000272196|orf20|A0A374BQK8|replication/recombination/repair|transfer,initiation,conjugation|immedb|Homology	97.2	398	11	0	1	398	1	398	3.99e-286	777	100
OFOAEPEI_00425	mobileOG_000347241|ltrA|WP_002286940.1|integration/excision|introns|Multiple|Homology	98.0	636	13	0	1	636	1	636	0.0	1233	100
OFOAEPEI_00431	mobileOG_000141680|ardA|A0A174BGK8|stability/transfer/defense|NA|Multiple|Homology	98.8	166	2	0	1	166	1	166	4.51e-122	343	99.4
OFOAEPEI_00431	mobileOG_000273517|ardA|A0A3R6RXQ4|stability/transfer/defense|NA|immedb|Homology	98.2	166	3	0	1	166	1	166	6.41e-122	342	99.4
OFOAEPEI_00431	mobileOG_000268111|ardA|W0XAC5|stability/transfer/defense|NA|ICE|Homology	98.2	166	3	0	1	166	1	166	1.84e-121	341	99.4
OFOAEPEI_00431	mobileOG_000273889|ardA|G1WSD1|stability/transfer/defense|NA|immedb|Homology	97.6	166	4	0	1	166	1	166	3.71e-121	340	99.4
OFOAEPEI_00431	mobileOG_000270873|ardA|A0A174EE01|stability/transfer/defense|NA|immedb|Homology	98.2	166	3	0	1	166	1	166	7.49e-121	340	99.4
OFOAEPEI_00431	mobileOG_000270293|ardA|A0A0M6WVI2|stability/transfer/defense|NA|immedb|Homology	98.2	166	3	0	1	166	1	166	1.06e-120	339	99.4
OFOAEPEI_00431	mobileOG_000267251|ardA|Q180N0|stability/transfer/defense|NA|ICE|Homology	95.8	166	7	0	1	166	1	166	1.24e-119	337	99.4
OFOAEPEI_00431	mobileOG_000267223|ardA|Q18DB6|stability/transfer/defense|NA|ICE|Homology	96.4	166	6	0	1	166	1	166	8.41e-118	332	99.4
OFOAEPEI_00432	mobileOG_000141679|O17|EKC73054.1|transfer|conjugation|Multiple|Homology	100	132	0	0	1	132	1	132	3.07e-94	270	100
OFOAEPEI_00432	mobileOG_000273593|O17|A0A414J4B1|transfer|conjugation|immedb|Homology	99.2	132	1	0	1	132	1	132	6.20e-94	269	100
OFOAEPEI_00432	mobileOG_000270874|O17|F3BA75|transfer|conjugation|immedb|Homology	99.2	132	1	0	1	132	1	132	8.81e-94	268	100
OFOAEPEI_00432	mobileOG_000267222|O17|A0A174Z8E0|transfer|conjugation|Multiple|Homology	99.2	132	1	0	1	132	1	132	1.78e-93	268	100
OFOAEPEI_00432	mobileOG_000273261|O17|A0A415MSE9|transfer|conjugation|immedb|Homology	99.2	132	1	0	1	132	1	132	1.78e-93	268	100
OFOAEPEI_00432	mobileOG_000267250|O17|A0A373HKP5|transfer|conjugation|ICE|Homology	98.5	132	2	0	1	132	1	132	5.10e-93	266	100
OFOAEPEI_00432	mobileOG_000268809|O17|A0A416ZLB5|transfer|conjugation|ICE|Homology	94.7	132	7	0	1	132	1	132	1.92e-88	255	100
OFOAEPEI_00451	mobileOG_000142715|xis|EKC46945.1|integration/excision|replication/recombination/repair|Multiple|Homology	100	67	0	0	1	67	1	67	1.18e-43	137	100
OFOAEPEI_00451	mobileOG_000197090|xis|A0A380K7W7|integration/excision|replication/recombination/repair|Multiple|Homology	98.5	67	1	0	1	67	1	67	2.39e-43	136	100
OFOAEPEI_00451	mobileOG_000272195|xis|A0A3E5E6D3|integration/excision|replication/recombination/repair|immedb|Homology	97.0	67	2	0	1	67	1	67	3.40e-43	135	100
OFOAEPEI_00451	mobileOG_000054362|xis|A0A1Y4SA41|integration/excision|replication/recombination/repair|Multiple|Homology	97.0	66	2	0	2	67	3	68	2.03e-42	134	98.5
OFOAEPEI_00451	mobileOG_000039338|xis|Q70C65|integration/excision|replication/recombination/repair|CIME|Homology	91.0	67	6	0	1	67	1	67	9.42e-41	129	100
OFOAEPEI_00452	mobileOG_000142717|int|A0A449J3M0|integration/excision|NA|GPD|Homology	99.7	396	1	0	1	396	1	396	7.49e-290	786	100
OFOAEPEI_00452	mobileOG_000273890|int|G1WWJ4|integration/excision|NA|immedb|Homology	99.5	396	2	0	1	396	1	396	2.15e-289	785	100
OFOAEPEI_00452	mobileOG_000270295|int|A0A0M6WUL8|integration/excision|NA|immedb|Homology	99.2	396	3	0	1	396	1	396	8.74e-289	783	100
OFOAEPEI_00452	mobileOG_000267221|int|A0A413DIM1|integration/excision|NA|ICE|Homology	99.2	396	3	0	1	396	1	396	1.24e-288	783	100
OFOAEPEI_00452	mobileOG_000273719|int|U2D6U7|integration/excision|NA|immedb|Homology	99.2	396	3	0	1	396	1	396	1.76e-288	783	100
OFOAEPEI_00452	mobileOG_000260507|int|B0A9H5|integration/excision|NA|GPD|Homology	99.2	396	3	0	1	396	17	412	2.27e-288	783	100
OFOAEPEI_00452	mobileOG_000197089|int|A0A450J180|integration/excision|NA|GPD|Homology	99.2	396	3	0	1	396	27	422	3.32e-288	783	100
OFOAEPEI_00452	mobileOG_000272194|int|B0A9H5|integration/excision|NA|immedb|Homology	99.2	396	3	0	1	396	27	422	3.32e-288	783	100
OFOAEPEI_00452	mobileOG_000270875|int|B0P270|integration/excision|NA|immedb|Homology	99.0	396	4	0	1	396	1	396	5.05e-288	781	100
OFOAEPEI_00452	mobileOG_000273262|int|A0A415MXS4|integration/excision|NA|immedb|Homology	99.0	396	4	0	1	396	1	396	5.05e-288	781	100
OFOAEPEI_00452	mobileOG_000079287|int|A0A450J180|integration/excision|NA|GPD|Homology	99.0	396	4	0	1	396	17	412	6.51e-288	782	100
OFOAEPEI_00452	mobileOG_000270177|int|E7G6X8|integration/excision|NA|Multiple|Homology	99.0	396	4	0	1	396	27	422	6.69e-288	782	100
OFOAEPEI_00452	mobileOG_000271115|int|A0A417I0A7|integration/excision|NA|Multiple|Homology	99.0	396	4	0	1	396	1	396	7.18e-288	781	100
OFOAEPEI_00452	mobileOG_000229518|int|A0A381I6B5|integration/excision|NA|GPD|Homology	99.0	396	4	0	1	396	17	412	1.31e-287	781	100
OFOAEPEI_00452	mobileOG_000271542|int|A0A372SLZ5|integration/excision|NA|immedb|Homology	98.5	396	6	0	1	396	1	396	4.15e-287	779	100
OFOAEPEI_00504	mobileOG_000004634|rmuC|A0A099I6F3|replication/recombination/repair|NA|GPD|Manual	100	367	0	0	1	367	1	367	1.57e-249	682	100
OFOAEPEI_00514	mobileOG_000077649|rdgB|G1VMG8|replication/recombination/repair|NA|GPD|Homology	100	194	0	0	1	194	1	194	1.11e-138	387	99.5
OFOAEPEI_00528	mobileOG_000004633|groL|A0A099I7L9|transfer|conjugation,regulation|GPD|Manual	100	539	0	0	1	539	1	539	0.0	1001	100
OFOAEPEI_00529	mobileOG_000004632|groS|A0A099I8K0|phage|structural|GPD|Manual	100	88	0	0	1	88	1	88	3.79e-54	165	100
OFOAEPEI_00533	mobileOG_000077647|bin3|A0A099I7M2|integration/excision|replication,inversion|GPD|Homology	100	208	0	0	1	208	1	208	4.11e-145	404	100
OFOAEPEI_00622	mobileOG_000270876|int|D4MW19|integration/excision|NA|immedb|Homology	97.5	397	10	0	1	397	1	397	2.38e-282	767	100
OFOAEPEI_00622	mobileOG_000229047|int|WP_003127058.1|integration/excision|NA|Multiple|Homology	97.7	397	9	0	1	397	1	397	9.70e-282	766	100
OFOAEPEI_00622	mobileOG_000016744|Int-Tn_8|A0A174DN23|integration/excision|NA|GPD|Manual	97.5	397	10	0	1	397	1	397	2.28e-280	762	100
OFOAEPEI_00622	mobileOG_000270721|int|A5KNK3|integration/excision|NA|immedb|Homology	97.7	397	9	0	1	397	1	397	2.28e-280	762	100
OFOAEPEI_00622	mobileOG_000271635|int|A0A4R4FAJ6|integration/excision|NA|immedb|Homology	97.5	397	10	0	1	397	1	397	4.61e-280	761	100
OFOAEPEI_00622	mobileOG_000078639|int|A0A2N5NVP5|integration/excision|NA|GPD|Homology	97.2	397	11	0	1	397	1	397	6.54e-280	761	100
OFOAEPEI_00622	mobileOG_000273229|int|C0CJQ4|integration/excision|NA|immedb|Homology	97.5	397	10	0	1	397	1	397	1.54e-278	758	100
OFOAEPEI_00622	mobileOG_000271544|int|A0A413W9L7|integration/excision|NA|immedb|Homology	97.0	397	12	0	1	397	1	397	2.19e-278	757	100
OFOAEPEI_00622	mobileOG_000187252|int|A0A3T1GHI8|integration/excision|NA|GPD|Homology	96.7	397	13	0	1	397	1	397	3.11e-278	757	100
OFOAEPEI_00622	mobileOG_000235120|int|A0A413W9L7|integration/excision|NA|GPD|Homology	96.7	397	13	0	1	397	1	397	6.27e-278	756	100
OFOAEPEI_00622	mobileOG_000261268|int|A0A3R6W008|integration/excision|NA|GPD|Homology	97.0	397	12	0	1	397	1	397	6.27e-278	756	100
OFOAEPEI_00622	mobileOG_000272074|int|G1WV42|integration/excision|NA|immedb|Homology	96.7	397	13	0	1	397	1	397	6.27e-278	756	100
OFOAEPEI_00622	mobileOG_000271630|int|E5XDP3|integration/excision|NA|immedb|Homology	96.7	397	13	0	1	397	1	397	3.62e-277	754	100
OFOAEPEI_00622	mobileOG_000375576|int|WP_002322217.1|integration/excision|NA|Plasmid	96.2	397	15	0	1	397	1	397	7.31e-277	753	100
OFOAEPEI_00622	mobileOG_000273506|int|A0A396KQL2|integration/excision|NA|immedb|Homology	96.5	397	14	0	1	397	1	397	2.09e-276	752	100
OFOAEPEI_00623	mobileOG_000208437|xis|EKC46843.1|integration/excision|replication/recombination/repair|Multiple|Homology	100	67	0	0	1	67	1	67	5.86e-44	137	100
OFOAEPEI_00623	mobileOG_000260792|xis|A0A174TLS8|integration/excision|replication/recombination/repair|Multiple|Homology	98.5	67	1	0	1	67	1	67	2.39e-43	136	100
OFOAEPEI_00623	mobileOG_000187251|xis|A0A3A6EGK7|integration/excision|replication/recombination/repair|GPD|Homology	97.0	67	2	0	1	67	1	67	9.76e-43	134	100
OFOAEPEI_00623	mobileOG_000303581|xis|WP_002322216.1|integration/excision|replication/recombination/repair|Plasmid	97.0	67	2	0	1	67	1	67	9.76e-43	134	100
OFOAEPEI_00623	mobileOG_000273228|xis|A0A3E5GNX1|integration/excision|replication/recombination/repair|immedb|Homology	97.0	67	2	0	1	67	1	67	1.39e-42	134	100
OFOAEPEI_00623	mobileOG_000272073|xis|G1WV41|integration/excision|replication/recombination/repair|immedb|Homology	97.0	66	2	0	2	67	3	68	4.79e-41	130	98.5
OFOAEPEI_00623	mobileOG_000211933|xis|A0A3A6G5J5|integration/excision|replication/recombination/repair|GPD|Homology	95.5	66	3	0	2	67	3	68	1.95e-40	129	98.5
OFOAEPEI_00623	mobileOG_000303453|xis|WP_002341493.1|integration/excision|replication/recombination/repair|Plasmid	95.5	66	3	0	2	67	3	68	1.95e-40	129	98.5
OFOAEPEI_00623	mobileOG_000125799|xis|A0A374I7D5|integration/excision|replication/recombination/repair|Multiple|Homology	93.9	66	4	0	2	67	3	68	2.29e-39	126	98.5
OFOAEPEI_00895	mobileOG_000303453|xis|WP_002341493.1|integration/excision|replication/recombination/repair|Plasmid	100	68	0	0	1	68	1	68	8.93e-44	137	100
OFOAEPEI_00895	mobileOG_000211933|xis|A0A3A6G5J5|integration/excision|replication/recombination/repair|GPD|Homology	98.5	68	1	0	1	68	1	68	5.18e-43	135	100
OFOAEPEI_00895	mobileOG_000125799|xis|A0A374I7D5|integration/excision|replication/recombination/repair|Multiple|Homology	98.5	68	1	0	1	68	1	68	1.05e-42	134	100
OFOAEPEI_00895	mobileOG_000272073|xis|G1WV41|integration/excision|replication/recombination/repair|immedb|Homology	97.1	68	2	0	1	68	1	68	2.11e-42	134	100
OFOAEPEI_00895	mobileOG_000260792|xis|A0A174TLS8|integration/excision|replication/recombination/repair|Multiple|Homology	97.0	66	2	0	3	68	2	67	9.82e-41	129	97.1
OFOAEPEI_00895	mobileOG_000208437|xis|EKC46843.1|integration/excision|replication/recombination/repair|Multiple|Homology	95.5	66	3	0	3	68	2	67	4.01e-40	128	97.1
OFOAEPEI_00895	mobileOG_000187251|xis|A0A3A6EGK7|integration/excision|replication/recombination/repair|GPD|Homology	95.5	66	3	0	3	68	2	67	4.01e-40	128	97.1
OFOAEPEI_00895	mobileOG_000303581|xis|WP_002322216.1|integration/excision|replication/recombination/repair|Plasmid	95.5	66	3	0	3	68	2	67	4.01e-40	128	97.1
OFOAEPEI_00895	mobileOG_000273228|xis|A0A3E5GNX1|integration/excision|replication/recombination/repair|immedb|Homology	95.5	66	3	0	3	68	2	67	5.69e-40	127	97.1
OFOAEPEI_00896	mobileOG_000271635|int|A0A4R4FAJ6|integration/excision|NA|immedb|Homology	96.5	397	14	0	1	397	1	397	2.19e-278	757	100
OFOAEPEI_00896	mobileOG_000229047|int|WP_003127058.1|integration/excision|NA|Multiple|Homology	96.0	397	16	0	1	397	1	397	3.62e-277	754	100
OFOAEPEI_00896	mobileOG_000200118|int|A0A413U019|integration/excision|NA|GPD|Homology	96.5	397	14	0	1	397	1	397	5.15e-277	754	100
OFOAEPEI_00896	mobileOG_000187252|int|A0A3T1GHI8|integration/excision|NA|GPD|Homology	96.2	397	15	0	1	397	1	397	7.31e-277	753	100
OFOAEPEI_00896	mobileOG_000270876|int|D4MW19|integration/excision|NA|immedb|Homology	95.0	397	20	0	1	397	1	397	4.23e-276	751	100
OFOAEPEI_00896	mobileOG_000078639|int|A0A2N5NVP5|integration/excision|NA|GPD|Homology	96.2	397	15	0	1	397	1	397	6.00e-276	751	100
OFOAEPEI_00896	mobileOG_000270721|int|A5KNK3|integration/excision|NA|immedb|Homology	96.0	397	16	0	1	397	1	397	8.52e-276	751	100
OFOAEPEI_00896	mobileOG_000016744|Int-Tn_8|A0A174DN23|integration/excision|NA|GPD|Manual	96.0	397	16	0	1	397	1	397	2.44e-275	749	100
OFOAEPEI_00896	mobileOG_000273229|int|C0CJQ4|integration/excision|NA|immedb|Homology	95.7	397	17	0	1	397	1	397	2.44e-275	749	100
OFOAEPEI_00896	mobileOG_000274297|int|A0A372YN67|integration/excision|NA|immedb|Homology	95.7	397	17	0	1	397	1	397	2.44e-275	749	100
OFOAEPEI_00896	mobileOG_000273506|int|A0A396KQL2|integration/excision|NA|immedb|Homology	96.0	397	16	0	1	397	1	397	3.47e-275	749	100
OFOAEPEI_00896	mobileOG_000261268|int|A0A3R6W008|integration/excision|NA|GPD|Homology	96.0	397	16	0	1	397	1	397	4.93e-275	749	100
OFOAEPEI_00896	mobileOG_000271630|int|E5XDP3|integration/excision|NA|immedb|Homology	96.0	397	16	0	1	397	1	397	4.93e-275	749	100
OFOAEPEI_00896	mobileOG_000235120|int|A0A413W9L7|integration/excision|NA|GPD|Homology	95.7	397	17	0	1	397	1	397	9.94e-275	748	100
OFOAEPEI_00896	mobileOG_000125800|int|A0A396KQL2|integration/excision|NA|GPD|Homology	95.7	397	17	0	1	397	1	397	2.01e-274	747	100
OFOAEPEI_01159	mobileOG_000183555|mutM|R6VZ41|replication/recombination/repair|NA|GPD|Homology	98.5	273	4	0	1	273	1	273	3.15e-204	559	100
OFOAEPEI_01450	mobileOG_000208437|xis|EKC46843.1|integration/excision|replication/recombination/repair|Multiple|Homology	100	67	0	0	1	67	1	67	5.86e-44	137	100
OFOAEPEI_01450	mobileOG_000260792|xis|A0A174TLS8|integration/excision|replication/recombination/repair|Multiple|Homology	98.5	67	1	0	1	67	1	67	2.39e-43	136	100
OFOAEPEI_01450	mobileOG_000187251|xis|A0A3A6EGK7|integration/excision|replication/recombination/repair|GPD|Homology	97.0	67	2	0	1	67	1	67	9.76e-43	134	100
OFOAEPEI_01450	mobileOG_000303581|xis|WP_002322216.1|integration/excision|replication/recombination/repair|Plasmid	97.0	67	2	0	1	67	1	67	9.76e-43	134	100
OFOAEPEI_01450	mobileOG_000273228|xis|A0A3E5GNX1|integration/excision|replication/recombination/repair|immedb|Homology	97.0	67	2	0	1	67	1	67	1.39e-42	134	100
OFOAEPEI_01450	mobileOG_000272073|xis|G1WV41|integration/excision|replication/recombination/repair|immedb|Homology	97.0	66	2	0	2	67	3	68	4.79e-41	130	98.5
OFOAEPEI_01450	mobileOG_000211933|xis|A0A3A6G5J5|integration/excision|replication/recombination/repair|GPD|Homology	95.5	66	3	0	2	67	3	68	1.95e-40	129	98.5
OFOAEPEI_01450	mobileOG_000303453|xis|WP_002341493.1|integration/excision|replication/recombination/repair|Plasmid	95.5	66	3	0	2	67	3	68	1.95e-40	129	98.5
OFOAEPEI_01450	mobileOG_000125799|xis|A0A374I7D5|integration/excision|replication/recombination/repair|Multiple|Homology	93.9	66	4	0	2	67	3	68	2.29e-39	126	98.5
OFOAEPEI_01451	mobileOG_000078639|int|A0A2N5NVP5|integration/excision|NA|GPD|Homology	98.5	397	6	0	1	397	1	397	4.12e-283	769	100
OFOAEPEI_01451	mobileOG_000016744|Int-Tn_8|A0A174DN23|integration/excision|NA|GPD|Manual	98.0	397	8	0	1	397	1	397	6.83e-282	766	100
OFOAEPEI_01451	mobileOG_000187252|int|A0A3T1GHI8|integration/excision|NA|GPD|Homology	97.7	397	9	0	1	397	1	397	1.96e-281	765	100
OFOAEPEI_01451	mobileOG_000270721|int|A5KNK3|integration/excision|NA|immedb|Homology	97.7	397	9	0	1	397	1	397	5.61e-281	764	100
OFOAEPEI_01451	mobileOG_000271630|int|E5XDP3|integration/excision|NA|immedb|Homology	97.7	397	9	0	1	397	1	397	5.61e-281	764	100
OFOAEPEI_01451	mobileOG_000271544|int|A0A413W9L7|integration/excision|NA|immedb|Homology	97.5	397	10	0	1	397	1	397	1.13e-280	763	100
OFOAEPEI_01451	mobileOG_000375576|int|WP_002322217.1|integration/excision|NA|Plasmid	97.2	397	11	0	1	397	1	397	1.13e-280	763	100
OFOAEPEI_01451	mobileOG_000235120|int|A0A413W9L7|integration/excision|NA|GPD|Homology	97.2	397	11	0	1	397	1	397	3.24e-280	762	100
OFOAEPEI_01451	mobileOG_000261268|int|A0A3R6W008|integration/excision|NA|GPD|Homology	97.5	397	10	0	1	397	1	397	3.24e-280	762	100
OFOAEPEI_01451	mobileOG_000273506|int|A0A396KQL2|integration/excision|NA|immedb|Homology	97.5	397	10	0	1	397	1	397	3.24e-280	762	100
OFOAEPEI_01451	mobileOG_000260793|int|A0A3E5AJC8|integration/excision|NA|GPD|Homology	97.2	397	11	0	1	397	1	397	6.54e-280	761	100
OFOAEPEI_01451	mobileOG_000200118|int|A0A413U019|integration/excision|NA|GPD|Homology	97.0	397	12	0	1	397	1	397	9.29e-280	761	100
OFOAEPEI_01451	mobileOG_000125800|int|A0A396KQL2|integration/excision|NA|GPD|Homology	97.2	397	11	0	1	397	1	397	1.87e-279	760	100
OFOAEPEI_01451	mobileOG_000272074|int|G1WV42|integration/excision|NA|immedb|Homology	97.2	397	11	0	1	397	1	397	1.87e-279	760	100
OFOAEPEI_01451	mobileOG_000374489|int|WP_021361840.1|integration/excision|NA|Plasmid	97.2	397	11	0	1	397	1	397	1.87e-279	760	100
OFOAEPEI_01656	mobileOG_000261464|ssb|E2SML0|replication/recombination/repair|NA|GPD|Homology	91.1	158	12	1	1	158	1	156	3.40e-95	274	100
OFOAEPEI_01656	mobileOG_000266535|ssb|G1VS55|replication/recombination/repair|NA|GPD|Homology	91.1	158	12	1	1	158	1	156	5.99e-95	273	100
OFOAEPEI_01656	mobileOG_000259830|ssb|G1VS55|replication/recombination/repair|NA|GPD|Homology	91.1	158	11	2	1	158	1	155	1.94e-93	270	100
OFOAEPEI_01656	mobileOG_000266095|ssb|G1VS55|replication/recombination/repair|NA|GPD|Homology	91.1	158	11	2	1	158	1	155	1.94e-93	270	100
OFOAEPEI_02165	mobileOG_000303453|xis|WP_002341493.1|integration/excision|replication/recombination/repair|Plasmid	100	68	0	0	1	68	1	68	8.93e-44	137	100
OFOAEPEI_02165	mobileOG_000211933|xis|A0A3A6G5J5|integration/excision|replication/recombination/repair|GPD|Homology	98.5	68	1	0	1	68	1	68	5.18e-43	135	100
OFOAEPEI_02165	mobileOG_000125799|xis|A0A374I7D5|integration/excision|replication/recombination/repair|Multiple|Homology	98.5	68	1	0	1	68	1	68	1.05e-42	134	100
OFOAEPEI_02165	mobileOG_000272073|xis|G1WV41|integration/excision|replication/recombination/repair|immedb|Homology	97.1	68	2	0	1	68	1	68	2.11e-42	134	100
OFOAEPEI_02165	mobileOG_000260792|xis|A0A174TLS8|integration/excision|replication/recombination/repair|Multiple|Homology	97.0	66	2	0	3	68	2	67	9.82e-41	129	97.1
OFOAEPEI_02165	mobileOG_000208437|xis|EKC46843.1|integration/excision|replication/recombination/repair|Multiple|Homology	95.5	66	3	0	3	68	2	67	4.01e-40	128	97.1
OFOAEPEI_02165	mobileOG_000187251|xis|A0A3A6EGK7|integration/excision|replication/recombination/repair|GPD|Homology	95.5	66	3	0	3	68	2	67	4.01e-40	128	97.1
OFOAEPEI_02165	mobileOG_000303581|xis|WP_002322216.1|integration/excision|replication/recombination/repair|Plasmid	95.5	66	3	0	3	68	2	67	4.01e-40	128	97.1
OFOAEPEI_02165	mobileOG_000273228|xis|A0A3E5GNX1|integration/excision|replication/recombination/repair|immedb|Homology	95.5	66	3	0	3	68	2	67	5.69e-40	127	97.1
OFOAEPEI_02166	mobileOG_000200118|int|A0A413U019|integration/excision|NA|GPD|Homology	94.2	397	23	0	1	397	1	397	6.42e-271	738	100
OFOAEPEI_02166	mobileOG_000270577|int|A0A1E3ATD3|integration/excision|NA|immedb|Homology	93.2	397	27	0	1	397	1	397	3.55e-268	731	100
OFOAEPEI_02166	mobileOG_000270721|int|A5KNK3|integration/excision|NA|immedb|Homology	93.7	397	25	0	1	397	1	397	3.55e-268	731	100
OFOAEPEI_02166	mobileOG_000187252|int|A0A3T1GHI8|integration/excision|NA|GPD|Homology	93.7	397	25	0	1	397	1	397	7.16e-268	731	100
OFOAEPEI_02166	mobileOG_000271635|int|A0A4R4FAJ6|integration/excision|NA|immedb|Homology	93.2	397	27	0	1	397	1	397	1.02e-267	730	100
OFOAEPEI_02166	mobileOG_000016744|Int-Tn_8|A0A174DN23|integration/excision|NA|GPD|Manual	93.7	397	25	0	1	397	1	397	4.14e-267	729	100
OFOAEPEI_02166	mobileOG_000272074|int|G1WV42|integration/excision|NA|immedb|Homology	93.7	397	25	0	1	397	1	397	4.14e-267	729	100
OFOAEPEI_02166	mobileOG_000274295|int|A0A374P6L3|integration/excision|NA|immedb|Homology	92.9	397	28	0	1	397	1	397	8.35e-267	728	100
OFOAEPEI_02166	mobileOG_000078639|int|A0A2N5NVP5|integration/excision|NA|GPD|Homology	93.5	397	26	0	1	397	1	397	1.19e-266	728	100
OFOAEPEI_02166	mobileOG_000235120|int|A0A413W9L7|integration/excision|NA|GPD|Homology	93.2	397	27	0	1	397	1	397	1.19e-266	728	100
OFOAEPEI_02166	mobileOG_000261268|int|A0A3R6W008|integration/excision|NA|GPD|Homology	93.5	397	26	0	1	397	1	397	1.19e-266	728	100
OFOAEPEI_02166	mobileOG_000271630|int|E5XDP3|integration/excision|NA|immedb|Homology	93.2	397	27	0	1	397	1	397	1.68e-266	727	100
OFOAEPEI_02166	mobileOG_000260793|int|A0A3E5AJC8|integration/excision|NA|GPD|Homology	92.9	397	28	0	1	397	1	397	4.82e-266	726	100
OFOAEPEI_02166	mobileOG_000271544|int|A0A413W9L7|integration/excision|NA|immedb|Homology	92.9	397	28	0	1	397	1	397	6.85e-266	726	100
OFOAEPEI_02166	mobileOG_000273506|int|A0A396KQL2|integration/excision|NA|immedb|Homology	92.9	397	28	0	1	397	1	397	9.73e-266	725	100
OFOAEPEI_02218	mobileOG_000100382|mutS|A0A3E2VTD6|replication/recombination/repair|NA|GPD|Homology	96.9	843	26	0	1	843	1	843	0.0	1604	100
OFOAEPEI_02219	mobileOG_000006920|mutL|A0A417V244|replication/recombination/repair|NA|GPD|Manual	90.5	695	66	0	1	695	1	695	0.0	1189	100
OFOAEPEI_02227	mobileOG_000100383|tmk|A0A417V2E3|phage|stability/transfer/defense,metabolism|GPD|Homology	96.2	210	8	0	1	210	1	210	1.37e-144	403	100
OFOAEPEI_02328	mobileOG_000270577|int|A0A1E3ATD3|integration/excision|NA|immedb|Homology	96.7	397	13	0	1	397	1	397	2.38e-282	767	100
OFOAEPEI_02328	mobileOG_000274295|int|A0A374P6L3|integration/excision|NA|immedb|Homology	96.5	397	14	0	1	397	1	397	5.61e-281	764	100
OFOAEPEI_02328	mobileOG_000270721|int|A5KNK3|integration/excision|NA|immedb|Homology	94.5	397	22	0	1	397	1	397	4.72e-273	744	100
OFOAEPEI_02328	mobileOG_000271630|int|E5XDP3|integration/excision|NA|immedb|Homology	94.2	397	23	0	1	397	1	397	3.87e-272	741	100
OFOAEPEI_02328	mobileOG_000271544|int|A0A413W9L7|integration/excision|NA|immedb|Homology	94.0	397	24	0	1	397	1	397	2.24e-271	739	100
OFOAEPEI_02328	mobileOG_000273506|int|A0A396KQL2|integration/excision|NA|immedb|Homology	94.0	397	24	0	1	397	1	397	2.24e-271	739	100
OFOAEPEI_02328	mobileOG_000200118|int|A0A413U019|integration/excision|NA|GPD|Homology	92.9	397	28	0	1	397	1	397	4.52e-271	739	100
OFOAEPEI_02328	mobileOG_000375576|int|WP_002322217.1|integration/excision|NA|Plasmid	93.5	397	26	0	1	397	1	397	4.52e-271	739	100
OFOAEPEI_02328	mobileOG_000078639|int|A0A2N5NVP5|integration/excision|NA|GPD|Homology	93.7	397	25	0	1	397	1	397	6.42e-271	738	100
OFOAEPEI_02328	mobileOG_000187252|int|A0A3T1GHI8|integration/excision|NA|GPD|Homology	93.5	397	26	0	1	397	1	397	6.42e-271	738	100
OFOAEPEI_02328	mobileOG_000235120|int|A0A413W9L7|integration/excision|NA|GPD|Homology	93.7	397	25	0	1	397	1	397	6.42e-271	738	100
OFOAEPEI_02328	mobileOG_000261268|int|A0A3R6W008|integration/excision|NA|GPD|Homology	94.0	397	24	0	1	397	1	397	6.42e-271	738	100
OFOAEPEI_02328	mobileOG_000016744|Int-Tn_8|A0A174DN23|integration/excision|NA|GPD|Manual	93.7	397	25	0	1	397	1	397	9.11e-271	738	100
OFOAEPEI_02328	mobileOG_000272074|int|G1WV42|integration/excision|NA|immedb|Homology	93.7	397	25	0	1	397	1	397	9.11e-271	738	100
OFOAEPEI_02328	mobileOG_000125800|int|A0A396KQL2|integration/excision|NA|GPD|Homology	93.7	397	25	0	1	397	1	397	1.29e-270	738	100
OFOAEPEI_02329	mobileOG_000260792|xis|A0A174TLS8|integration/excision|replication/recombination/repair|Multiple|Homology	98.5	67	1	0	1	67	1	67	4.83e-43	135	100
OFOAEPEI_02329	mobileOG_000208437|xis|EKC46843.1|integration/excision|replication/recombination/repair|Multiple|Homology	97.0	67	2	0	1	67	1	67	1.97e-42	134	100
OFOAEPEI_02329	mobileOG_000187251|xis|A0A3A6EGK7|integration/excision|replication/recombination/repair|GPD|Homology	97.0	67	2	0	1	67	1	67	1.97e-42	134	100
OFOAEPEI_02329	mobileOG_000303581|xis|WP_002322216.1|integration/excision|replication/recombination/repair|Plasmid	97.0	67	2	0	1	67	1	67	1.97e-42	134	100
OFOAEPEI_02329	mobileOG_000273228|xis|A0A3E5GNX1|integration/excision|replication/recombination/repair|immedb|Homology	97.0	67	2	0	1	67	1	67	2.80e-42	133	100
OFOAEPEI_02329	mobileOG_000211933|xis|A0A3A6G5J5|integration/excision|replication/recombination/repair|GPD|Homology	97.0	66	2	0	2	67	3	68	2.37e-41	131	98.5
OFOAEPEI_02329	mobileOG_000303453|xis|WP_002341493.1|integration/excision|replication/recombination/repair|Plasmid	97.0	66	2	0	2	67	3	68	2.37e-41	131	98.5
OFOAEPEI_02329	mobileOG_000272073|xis|G1WV41|integration/excision|replication/recombination/repair|immedb|Homology	95.5	66	3	0	2	67	3	68	9.68e-41	129	98.5
OFOAEPEI_02329	mobileOG_000125799|xis|A0A374I7D5|integration/excision|replication/recombination/repair|Multiple|Homology	95.5	66	3	0	2	67	3	68	2.78e-40	128	98.5
OFOAEPEI_02532	mobileOG_000176504|ftsH|G1VV38|phage|infection,regulation|GPD|Homology	99.7	674	2	0	1	674	1	674	0.0	1290	100
OFOAEPEI_02640	mobileOG_000142717|int|A0A449J3M0|integration/excision|NA|GPD|Homology	95.5	397	17	1	1	397	1	396	2.46e-277	754	100
OFOAEPEI_02640	mobileOG_000271542|int|A0A372SLZ5|integration/excision|NA|immedb|Homology	95.2	397	18	1	1	397	1	396	2.46e-277	754	100
OFOAEPEI_02640	mobileOG_000273890|int|G1WWJ4|integration/excision|NA|immedb|Homology	95.2	397	18	1	1	397	1	396	7.04e-277	753	100
OFOAEPEI_02640	mobileOG_000270295|int|A0A0M6WUL8|integration/excision|NA|immedb|Homology	95.0	397	19	1	1	397	1	396	2.86e-276	752	100
OFOAEPEI_02640	mobileOG_000267221|int|A0A413DIM1|integration/excision|NA|ICE|Homology	95.0	397	19	1	1	397	1	396	4.07e-276	751	100
OFOAEPEI_02640	mobileOG_000270875|int|B0P270|integration/excision|NA|immedb|Homology	95.0	397	19	1	1	397	1	396	4.07e-276	751	100
OFOAEPEI_02640	mobileOG_000273262|int|A0A415MXS4|integration/excision|NA|immedb|Homology	95.0	397	19	1	1	397	1	396	4.07e-276	751	100
OFOAEPEI_02640	mobileOG_000273719|int|U2D6U7|integration/excision|NA|immedb|Homology	95.0	397	19	1	1	397	1	396	5.78e-276	751	100
OFOAEPEI_02640	mobileOG_000260507|int|B0A9H5|integration/excision|NA|GPD|Homology	95.0	397	19	1	1	397	17	412	7.43e-276	751	100
OFOAEPEI_02640	mobileOG_000197089|int|A0A450J180|integration/excision|NA|GPD|Homology	95.0	397	19	1	1	397	27	422	1.08e-275	751	100
OFOAEPEI_02640	mobileOG_000272194|int|B0A9H5|integration/excision|NA|immedb|Homology	95.0	397	19	1	1	397	27	422	1.08e-275	751	100
OFOAEPEI_02640	mobileOG_000079287|int|A0A450J180|integration/excision|NA|GPD|Homology	94.7	397	20	1	1	397	17	412	2.13e-275	750	100
OFOAEPEI_02640	mobileOG_000270177|int|E7G6X8|integration/excision|NA|Multiple|Homology	94.7	397	20	1	1	397	27	422	2.18e-275	751	100
OFOAEPEI_02640	mobileOG_000271115|int|A0A417I0A7|integration/excision|NA|Multiple|Homology	94.7	397	20	1	1	397	1	396	2.35e-275	749	100
OFOAEPEI_02640	mobileOG_000229518|int|A0A381I6B5|integration/excision|NA|GPD|Homology	94.7	397	20	1	1	397	17	412	4.30e-275	749	100
OFOAEPEI_02641	mobileOG_000197090|xis|A0A380K7W7|integration/excision|replication/recombination/repair|Multiple|Homology	100	67	0	0	1	67	1	67	1.18e-43	137	100
OFOAEPEI_02641	mobileOG_000272195|xis|A0A3E5E6D3|integration/excision|replication/recombination/repair|immedb|Homology	98.5	67	1	0	1	67	1	67	1.68e-43	136	100
OFOAEPEI_02641	mobileOG_000142715|xis|EKC46945.1|integration/excision|replication/recombination/repair|Multiple|Homology	98.5	67	1	0	1	67	1	67	2.39e-43	136	100
OFOAEPEI_02641	mobileOG_000054362|xis|A0A1Y4SA41|integration/excision|replication/recombination/repair|Multiple|Homology	98.5	66	1	0	2	67	3	68	1.00e-42	134	98.5
OFOAEPEI_02641	mobileOG_000039338|xis|Q70C65|integration/excision|replication/recombination/repair|CIME|Homology	92.5	67	5	0	1	67	1	67	4.66e-41	130	100
OFOAEPEI_02650	mobileOG_000208695|ltrA|A0A1R5HFZ7|integration/excision|introns|GPD|Homology	99.8	598	1	0	1	598	1	598	0.0	1199	100
OFOAEPEI_02654	mobileOG_000141679|O17|EKC73054.1|transfer|conjugation|Multiple|Homology	91.5	129	11	0	1	129	1	129	1.91e-85	247	100
OFOAEPEI_02654	mobileOG_000270874|O17|F3BA75|transfer|conjugation|immedb|Homology	91.5	129	11	0	1	129	1	129	1.91e-85	247	100
OFOAEPEI_02654	mobileOG_000273593|O17|A0A414J4B1|transfer|conjugation|immedb|Homology	90.7	129	12	0	1	129	1	129	3.85e-85	246	100
OFOAEPEI_02654	mobileOG_000267222|O17|A0A174Z8E0|transfer|conjugation|Multiple|Homology	91.5	129	11	0	1	129	1	129	5.47e-85	246	100
OFOAEPEI_02654	mobileOG_000267250|O17|A0A373HKP5|transfer|conjugation|ICE|Homology	91.5	129	11	0	1	129	1	129	5.47e-85	246	100
OFOAEPEI_02654	mobileOG_000273261|O17|A0A415MSE9|transfer|conjugation|immedb|Homology	90.7	129	12	0	1	129	1	129	1.10e-84	245	100
OFOAEPEI_02659	mobileOG_000347241|ltrA|WP_002286940.1|integration/excision|introns|Multiple|Homology	98.0	636	13	0	1	636	1	636	0.0	1233	100
OFOAEPEI_02662	mobileOG_000270179|ftsK_2|A0A1Q2C806|replication/recombination/repair|competence|immedb|Homology	95.9	464	19	0	1	464	1	464	0.0	913	100
OFOAEPEI_02662	mobileOG_000272197|ftsK_2|A0A416NL22|replication/recombination/repair|competence|immedb|Homology	96.3	464	17	0	1	464	1	464	0.0	912	100
OFOAEPEI_02662	mobileOG_000273591|ftsK_2|A0A3R6UFT3|replication/recombination/repair|competence|immedb|Homology	95.7	464	20	0	1	464	1	464	0.0	911	100
OFOAEPEI_02662	mobileOG_000268109|ftsK_2|A0A1C0BXC9|replication/recombination/repair|competence|ICE|Homology	95.3	464	22	0	1	464	1	464	0.0	907	100
OFOAEPEI_02662	mobileOG_000271117|ftsK_2|E5VID4|replication/recombination/repair|competence|immedb|Homology	95.9	464	19	0	1	464	1	464	0.0	906	100
OFOAEPEI_02662	mobileOG_000270291|ftsK_2|A0A0M6WUA3|replication/recombination/repair|competence|immedb|Homology	95.3	464	22	0	1	464	1	464	0.0	904	100
OFOAEPEI_02662	mobileOG_000270878|ftsK_2|B0P4Y7|replication/recombination/repair|competence|immedb|Homology	95.0	464	23	0	1	464	1	464	0.0	903	100
OFOAEPEI_02662	mobileOG_000270871|ftsK_2|D4MXI6|replication/recombination/repair|competence|immedb|Homology	95.3	464	22	0	1	464	1	464	0.0	902	100
OFOAEPEI_02662	mobileOG_000273259|ftsK_2|A0A2U2EF47|replication/recombination/repair|competence|immedb|Homology	94.6	464	25	0	1	464	1	464	0.0	900	100
OFOAEPEI_02662	mobileOG_000267253|ftsK_2|Q180N5|replication/recombination/repair|competence|ICE|Homology	94.8	464	24	0	1	464	1	464	0.0	899	100
OFOAEPEI_02662	mobileOG_000272990|ftsK_2|D4KN76|replication/recombination/repair|competence|immedb|Homology	95.1	450	22	0	1	450	1	450	0.0	877	97.0
OFOAEPEI_02662	mobileOG_000267225|ftsK_2|Q18DC0|replication/recombination/repair|competence|ICE|Homology	95.5	445	20	0	7	451	7	451	0.0	875	95.9
OFOAEPEI_02662	mobileOG_000273722|ftsK_2|A0A373M8Z7|replication/recombination/repair|competence|immedb|Homology	94.7	450	24	0	1	450	1	450	0.0	874	97.0
OFOAEPEI_02662	mobileOG_000273887|ftsK_2|A0A135YRY7|replication/recombination/repair|competence|immedb|Homology	94.4	450	25	0	1	450	1	450	0.0	871	97.0
OFOAEPEI_02662	mobileOG_000269642|ftsK_2|A0A135YRY7|replication/recombination/repair|competence|ICE|Homology	94.2	450	26	0	1	450	1	450	0.0	868	97.0
OFOAEPEI_02665	mobileOG_000268805|orf23|A0A416RXD4|integration/excision|NA|ICE|Homology	93.5	108	7	0	1	108	1	108	6.56e-71	209	100
OFOAEPEI_02665	mobileOG_000267226|orf23|Q18DB8|integration/excision|NA|ICE|Homology	91.7	108	9	0	1	108	1	108	1.55e-69	205	100
OFOAEPEI_02702	mobileOG_000078639|int|A0A2N5NVP5|integration/excision|NA|GPD|Homology	97.5	397	10	0	1	397	1	397	1.13e-280	763	100
OFOAEPEI_02702	mobileOG_000270721|int|A5KNK3|integration/excision|NA|immedb|Homology	97.5	397	10	0	1	397	1	397	1.32e-279	760	100
OFOAEPEI_02702	mobileOG_000016744|Int-Tn_8|A0A174DN23|integration/excision|NA|GPD|Manual	97.2	397	11	0	1	397	1	397	2.66e-279	759	100
OFOAEPEI_02702	mobileOG_000271630|int|E5XDP3|integration/excision|NA|immedb|Homology	97.2	397	11	0	1	397	1	397	5.37e-279	759	100
OFOAEPEI_02702	mobileOG_000271544|int|A0A413W9L7|integration/excision|NA|immedb|Homology	97.0	397	12	0	1	397	1	397	1.08e-278	758	100
OFOAEPEI_02702	mobileOG_000375576|int|WP_002322217.1|integration/excision|NA|Plasmid	96.7	397	13	0	1	397	1	397	1.08e-278	758	100
OFOAEPEI_02702	mobileOG_000200118|int|A0A413U019|integration/excision|NA|GPD|Homology	96.7	397	13	0	1	397	1	397	2.19e-278	757	100
OFOAEPEI_02702	mobileOG_000235120|int|A0A413W9L7|integration/excision|NA|GPD|Homology	96.7	397	13	0	1	397	1	397	3.11e-278	757	100
OFOAEPEI_02702	mobileOG_000261268|int|A0A3R6W008|integration/excision|NA|GPD|Homology	97.0	397	12	0	1	397	1	397	3.11e-278	757	100
OFOAEPEI_02702	mobileOG_000273506|int|A0A396KQL2|integration/excision|NA|immedb|Homology	97.0	397	12	0	1	397	1	397	3.11e-278	757	100
OFOAEPEI_02702	mobileOG_000260793|int|A0A3E5AJC8|integration/excision|NA|GPD|Homology	96.7	397	13	0	1	397	1	397	6.27e-278	756	100
OFOAEPEI_02702	mobileOG_000272074|int|G1WV42|integration/excision|NA|immedb|Homology	97.0	397	12	0	1	397	1	397	6.27e-278	756	100
OFOAEPEI_02702	mobileOG_000273524|int|A0A1S1FHG6|integration/excision|NA|immedb|Homology	96.5	397	14	0	1	397	1	397	8.90e-278	756	100
OFOAEPEI_02702	mobileOG_000125800|int|A0A396KQL2|integration/excision|NA|GPD|Homology	96.7	397	13	0	1	397	1	397	1.80e-277	755	100
OFOAEPEI_02702	mobileOG_000187252|int|A0A3T1GHI8|integration/excision|NA|GPD|Homology	96.5	397	14	0	1	397	1	397	1.80e-277	755	100
OFOAEPEI_02703	mobileOG_000208437|xis|EKC46843.1|integration/excision|replication/recombination/repair|Multiple|Homology	100	67	0	0	1	67	1	67	5.86e-44	137	100
OFOAEPEI_02703	mobileOG_000260792|xis|A0A174TLS8|integration/excision|replication/recombination/repair|Multiple|Homology	98.5	67	1	0	1	67	1	67	2.39e-43	136	100
OFOAEPEI_02703	mobileOG_000187251|xis|A0A3A6EGK7|integration/excision|replication/recombination/repair|GPD|Homology	97.0	67	2	0	1	67	1	67	9.76e-43	134	100
OFOAEPEI_02703	mobileOG_000303581|xis|WP_002322216.1|integration/excision|replication/recombination/repair|Plasmid	97.0	67	2	0	1	67	1	67	9.76e-43	134	100
OFOAEPEI_02703	mobileOG_000273228|xis|A0A3E5GNX1|integration/excision|replication/recombination/repair|immedb|Homology	97.0	67	2	0	1	67	1	67	1.39e-42	134	100
OFOAEPEI_02703	mobileOG_000272073|xis|G1WV41|integration/excision|replication/recombination/repair|immedb|Homology	97.0	66	2	0	2	67	3	68	4.79e-41	130	98.5
OFOAEPEI_02703	mobileOG_000211933|xis|A0A3A6G5J5|integration/excision|replication/recombination/repair|GPD|Homology	95.5	66	3	0	2	67	3	68	1.95e-40	129	98.5
OFOAEPEI_02703	mobileOG_000303453|xis|WP_002341493.1|integration/excision|replication/recombination/repair|Plasmid	95.5	66	3	0	2	67	3	68	1.95e-40	129	98.5
OFOAEPEI_02703	mobileOG_000125799|xis|A0A374I7D5|integration/excision|replication/recombination/repair|Multiple|Homology	93.9	66	4	0	2	67	3	68	2.29e-39	126	98.5
OFOAEPEI_02832	mobileOG_000130949|rnr|E4LYG1|replication/recombination/repair|NA|GPD|Homology	99.9	710	1	0	1	710	1	710	0.0	1400	100
OFOAEPEI_02839	mobileOG_000014701|mobC|A0A372YPA2|transfer|conjugation,relaxosome|GPD|Manual	100	147	0	0	1	147	1	147	8.42e-97	277	100
OFOAEPEI_02839	mobileOG_000097264|mobC|E3GPA0|transfer|conjugation,relaxosome|GPD|Homology	98.0	147	3	0	1	147	1	147	1.98e-95	274	100
OFOAEPEI_02840	mobileOG_000185570|mobA|E3GPA1|transfer|conjugation|GPD|Homology	97.4	504	13	0	1	504	1	504	0.0	915	100
OFOAEPEI_02840	mobileOG_000097265|mobA|A0A4V6P1X1|transfer|conjugation|GPD|Homology	95.8	504	21	0	1	504	1	504	0.0	907	100
OFOAEPEI_03162	mobileOG_000221717|ndoA_2|A0A099I3B8|stability/transfer/defense|NA|GPD|Homology	100	110	0	0	1	110	1	110	4.07e-75	219	100
OFOAEPEI_03162	mobileOG_000206148|ndoA_2|U5F5A7|stability/transfer/defense|NA|GPD|Homology	92.7	110	8	0	1	110	1	110	2.27e-72	213	100
OFOAEPEI_03256	mobileOG_000211744|immR_1|A0A414ATG7|stability/transfer/defense|NA|GPD|Homology	99.2	119	1	0	1	119	3	121	2.52e-76	223	100
OFOAEPEI_03256	mobileOG_000272326|immR_1|A0A417LWF8|stability/transfer/defense|NA|immedb|Homology	99.2	119	1	0	1	119	1	119	3.35e-76	223	100
OFOAEPEI_03256	mobileOG_000085945|immR_1|A0A3E5ABQ2|stability/transfer/defense|NA|GPD|Homology	98.3	119	2	0	1	119	3	121	5.93e-75	220	100
OFOAEPEI_03256	mobileOG_000168015|immR_1|A0A174TZ23|stability/transfer/defense|NA|GPD|Homology	96.6	119	4	0	1	119	3	121	6.93e-74	217	100
OFOAEPEI_03256	mobileOG_000089820|immR_1|A0A413ART6|stability/transfer/defense|NA|GPD|Homology	95.8	119	5	0	1	119	3	121	5.70e-73	215	100
OFOAEPEI_03256	mobileOG_000234371|immR_1|A0A0M6WF48|stability/transfer/defense|NA|GPD|Homology	93.3	119	8	0	1	119	3	121	5.48e-71	210	100
OFOAEPEI_03257	mobileOG_000273249|mobC|A0A1Q9K1V2|transfer|conjugation,relaxosome|immedb|Homology	96.4	84	3	0	1	84	26	109	1.19e-51	159	100
OFOAEPEI_03257	mobileOG_000273832|mobC|A0A564W5L2|transfer|conjugation,relaxosome|immedb|Homology	94.0	84	5	0	1	84	26	109	1.69e-51	159	100
OFOAEPEI_03257	mobileOG_000267235|mobC|A0A416JN16|transfer|conjugation,relaxosome|Multiple|Homology	95.2	84	4	0	1	84	26	109	4.85e-51	157	100
OFOAEPEI_03257	mobileOG_000234370|mobC|A0A413W2I6|transfer|conjugation,relaxosome|Multiple|Homology	95.2	84	4	0	1	84	26	109	1.39e-50	156	100
OFOAEPEI_03257	mobileOG_000076683|mobC|A0A518NJ05|transfer|conjugation,relaxosome|GPD|Homology	95.2	83	4	0	1	83	26	108	1.97e-50	156	98.8
OFOAEPEI_03257	mobileOG_000274004|mobC|A0A3E5A3Y1|transfer|conjugation,relaxosome|immedb|Homology	94.0	84	5	0	1	84	26	109	1.97e-50	156	100
OFOAEPEI_03257	mobileOG_000273408|mobC|GAF99015.1|transfer|conjugation,relaxosome|immedb|Homology	91.6	83	7	0	1	83	26	108	4.65e-49	152	98.8
OFOAEPEI_03257	mobileOG_000274057|mobC|B0NIC9|transfer|conjugation,relaxosome|immedb|Homology	91.6	83	7	0	1	83	26	108	4.65e-49	152	98.8
OFOAEPEI_03257	mobileOG_000085946|mobC|A0A3E5ABY6|transfer|conjugation,relaxosome|GPD|Homology	90.5	84	8	0	1	84	26	109	3.82e-48	150	100
OFOAEPEI_03503	mobileOG_000271637|orf20|E5XH89|replication/recombination/repair|transfer,initiation,conjugation|immedb|Homology	93.1	404	28	0	1	404	1	404	1.95e-280	763	100
OFOAEPEI_03503	mobileOG_000135973|orf20|A0A4P7WGL5|replication/recombination/repair|transfer,initiation,conjugation|Multiple|Homology	93.3	404	27	0	1	404	1	404	3.23e-279	760	100
OFOAEPEI_03503	mobileOG_000375369|orf20|WP_002303260.1|replication/recombination/repair|transfer,initiation,conjugation|Plasmid	93.1	404	28	0	1	404	1	404	9.27e-279	759	100
OFOAEPEI_03503	mobileOG_000205721|orf20|A0A374MKX5|replication/recombination/repair|transfer,initiation,conjugation|GPD|Homology	92.6	404	30	0	1	404	1	404	1.47e-278	758	100
OFOAEPEI_03503	mobileOG_000274296|orf20|A0A396KU23|replication/recombination/repair|transfer,initiation,conjugation|immedb|Homology	91.8	404	33	0	1	404	1	404	6.97e-274	746	100
OFOAEPEI_03544	mobileOG_000125799|xis|A0A374I7D5|integration/excision|replication/recombination/repair|Multiple|Homology	97.1	68	2	0	1	68	1	68	7.36e-43	135	100
OFOAEPEI_03544	mobileOG_000303453|xis|WP_002341493.1|integration/excision|replication/recombination/repair|Plasmid	95.6	68	3	0	1	68	1	68	8.62e-42	132	100
OFOAEPEI_03544	mobileOG_000272073|xis|G1WV41|integration/excision|replication/recombination/repair|immedb|Homology	95.6	68	3	0	1	68	1	68	1.23e-41	132	100
OFOAEPEI_03544	mobileOG_000211933|xis|A0A3A6G5J5|integration/excision|replication/recombination/repair|GPD|Homology	94.1	68	4	0	1	68	1	68	5.00e-41	130	100
OFOAEPEI_03544	mobileOG_000208437|xis|EKC46843.1|integration/excision|replication/recombination/repair|Multiple|Homology	93.9	66	4	0	3	68	2	67	2.32e-39	126	97.1
OFOAEPEI_03544	mobileOG_000260792|xis|A0A174TLS8|integration/excision|replication/recombination/repair|Multiple|Homology	92.4	66	5	0	3	68	2	67	9.48e-39	124	97.1
OFOAEPEI_03544	mobileOG_000187251|xis|A0A3A6EGK7|integration/excision|replication/recombination/repair|GPD|Homology	90.9	66	6	0	3	68	2	67	3.87e-38	123	97.1
OFOAEPEI_03544	mobileOG_000303581|xis|WP_002322216.1|integration/excision|replication/recombination/repair|Plasmid	90.9	66	6	0	3	68	2	67	3.87e-38	123	97.1
OFOAEPEI_03544	mobileOG_000273228|xis|A0A3E5GNX1|integration/excision|replication/recombination/repair|immedb|Homology	90.9	66	6	0	3	68	2	67	5.49e-38	122	97.1
OFOAEPEI_03545	mobileOG_000016744|Int-Tn_8|A0A174DN23|integration/excision|NA|GPD|Manual	96.5	397	14	0	1	397	1	397	3.24e-280	762	100
OFOAEPEI_03545	mobileOG_000270721|int|A5KNK3|integration/excision|NA|immedb|Homology	96.2	397	15	0	1	397	1	397	6.54e-280	761	100
OFOAEPEI_03545	mobileOG_000235120|int|A0A413W9L7|integration/excision|NA|GPD|Homology	95.7	397	17	0	1	397	1	397	1.08e-278	758	100
OFOAEPEI_03545	mobileOG_000261268|int|A0A3R6W008|integration/excision|NA|GPD|Homology	96.0	397	16	0	1	397	1	397	1.08e-278	758	100
OFOAEPEI_03545	mobileOG_000187252|int|A0A3T1GHI8|integration/excision|NA|GPD|Homology	96.0	397	16	0	1	397	1	397	1.54e-278	758	100
OFOAEPEI_03545	mobileOG_000271544|int|A0A413W9L7|integration/excision|NA|immedb|Homology	95.5	397	18	0	1	397	1	397	6.27e-278	756	100
OFOAEPEI_03545	mobileOG_000272074|int|G1WV42|integration/excision|NA|immedb|Homology	95.7	397	17	0	1	397	1	397	8.90e-278	756	100
OFOAEPEI_03545	mobileOG_000078639|int|A0A2N5NVP5|integration/excision|NA|GPD|Homology	95.7	397	17	0	1	397	1	397	1.80e-277	755	100
OFOAEPEI_03545	mobileOG_000270876|int|D4MW19|integration/excision|NA|immedb|Homology	95.2	397	19	0	1	397	1	397	1.80e-277	755	100
OFOAEPEI_03545	mobileOG_000260793|int|A0A3E5AJC8|integration/excision|NA|GPD|Homology	95.2	397	19	0	1	397	1	397	7.31e-277	753	100
OFOAEPEI_03545	mobileOG_000271630|int|E5XDP3|integration/excision|NA|immedb|Homology	95.2	397	19	0	1	397	1	397	1.04e-276	753	100
OFOAEPEI_03545	mobileOG_000200118|int|A0A413U019|integration/excision|NA|GPD|Homology	95.2	397	19	0	1	397	1	397	1.47e-276	753	100
OFOAEPEI_03545	mobileOG_000375576|int|WP_002322217.1|integration/excision|NA|Plasmid	94.7	397	21	0	1	397	1	397	2.09e-276	752	100
OFOAEPEI_03545	mobileOG_000273524|int|A0A1S1FHG6|integration/excision|NA|immedb|Homology	95.2	397	19	0	1	397	1	397	4.23e-276	751	100
OFOAEPEI_03545	mobileOG_000125800|int|A0A396KQL2|integration/excision|NA|GPD|Homology	95.0	397	20	0	1	397	1	397	6.00e-276	751	100
OFOAEPEI_03593	mobileOG_000209811|ORF5|A0A1Y4BF19|transfer|conjugation|GPD|Homology	92.1	558	44	0	1	558	1	558	0.0	1025	96.4
OFOAEPEI_03593	mobileOG_000089821|ORF5|A0A416JHU5|transfer|conjugation|GPD|Homology	91.6	557	47	0	1	557	1	557	0.0	1020	96.2
OFOAEPEI_03593	mobileOG_000136598|ORF5|A0A417T180|transfer|conjugation|GPD|Homology	91.4	557	48	0	1	557	1	557	0.0	1019	96.2
OFOAEPEI_03593	mobileOG_000267237|ORF5|Q18AX5|transfer|conjugation|ICE|Homology	91.2	557	49	0	1	557	1	557	0.0	1015	96.2
OFOAEPEI_03593	mobileOG_000272343|ORF5|D4M5W7|transfer|conjugation|immedb|Homology	90.7	557	52	0	1	557	1	557	0.0	1013	96.2
OFOAEPEI_03593	mobileOG_000270918|ORF5|A0A416HJA1|transfer|conjugation|immedb|Homology	90.1	563	51	1	1	558	1	563	0.0	1011	96.4
OFOAEPEI_03593	mobileOG_000274002|ORF5|A0A3E5A411|transfer|conjugation|immedb|Homology	90.8	552	51	0	6	557	7	558	0.0	1005	95.3
OFOAEPEI_03593	mobileOG_000274079|ORF5|A0A417QVB9|transfer|conjugation|immedb|Homology	90.0	552	55	0	6	557	7	558	0.0	995	95.3
OFOAEPEI_03666	mobileOG_000177183|kilA|A0A223MHW5|phage|lysis/lysogeny,regulation|GPD|Homology	95.0	262	13	0	4	265	5	266	8.20e-184	507	97.4
OFOAEPEI_03673	mobileOG_000177181|kilA|A0A223MI11|phage|integration/excision|GPD|Homology	94.6	186	10	0	1	186	1	186	3.07e-127	357	100
OFOAEPEI_03673	mobileOG_000076405|kilA|H1BHQ8|phage|integration/excision|GPD|Homology	91.4	186	16	0	1	186	1	186	1.40e-123	348	100
OFOAEPEI_03673	mobileOG_000085454|kilA|H1BHQ8|phage|integration/excision|GPD|Homology	90.3	186	18	0	1	186	1	186	5.71e-123	347	100
OFOAEPEI_03673	mobileOG_000147149|kilA|H1BHQ8|phage|integration/excision|GPD|Homology	90.9	186	17	0	1	186	1	186	5.71e-123	347	100
OFOAEPEI_03682	mobileOG_000177180|polA_2|A0A223MI15|replication/recombination/repair|NA|GPD|Homology	96.3	647	24	0	1	647	1	647	0.0	1241	100
OFOAEPEI_03683	mobileOG_000177179|gp26|A0A223MHT6|transfer|conjugation|GPD|Homology	96.9	800	25	0	1	800	1	800	0.0	1575	100
OFOAEPEI_03692	mobileOG_000183857|gp44|A0A223MIM3|phage|infection,regulation|GPD|Homology	100	236	0	0	1	236	1	236	4.96e-169	467	100
OFOAEPEI_03692	mobileOG_000150925|gp44|A0A223MIM3|phage|infection,regulation|GPD|Homology	99.6	236	1	0	1	236	1	236	1.42e-168	466	100
OFOAEPEI_03692	mobileOG_000258501|gp44|A0A223MIM3|phage|infection,regulation|GPD|Homology	99.6	236	1	0	1	236	1	236	8.23e-168	464	100
OFOAEPEI_03692	mobileOG_000177574|gp44|A0A223MIM3|phage|infection,regulation|GPD|Homology	93.8	224	14	0	1	224	1	224	2.67e-148	415	94.9
OFOAEPEI_04190	mobileOG_000266536|lexA_2|A0A223MJ37|phage|lysis/lysogeny,regulation|GPD|Homology	99.6	280	1	0	1	280	1	280	2.38e-198	545	100
OFOAEPEI_04208	mobileOG_000076788|rusA|A0A223MJ59|replication/recombination/repair|NA|GPD|Homology	99.3	140	1	0	1	140	1	140	7.07e-97	277	100
OFOAEPEI_04208	mobileOG_000150933|rusA|A0A175A224|replication/recombination/repair|NA|GPD|Homology	96.4	140	5	0	1	140	1	140	1.73e-95	273	100
OFOAEPEI_04208	mobileOG_000258523|rusA|A0A175A224|replication/recombination/repair|NA|GPD|Homology	96.4	140	5	0	1	140	1	140	4.79e-95	272	100
OFOAEPEI_04218	mobileOG_000130941|ssb|A0A223MJH9|replication/recombination/repair|NA|GPD|Homology	95.3	149	7	0	2	150	1	149	2.50e-97	279	99.3
OFOAEPEI_04218	mobileOG_000150505|ssb|A0A223MJH9|replication/recombination/repair|NA|GPD|Homology	94.7	150	8	0	1	150	1	150	4.29e-96	276	100
OFOAEPEI_04218	mobileOG_000077485|ssb|A0A223MJH9|replication/recombination/repair|NA|GPD|Homology	94.0	150	8	1	1	150	1	149	1.59e-94	272	100
OFOAEPEI_04218	mobileOG_000101265|ssb|A0A223MJQ6|replication/recombination/repair|NA|GPD|Homology	92.1	152	10	1	1	150	1	152	5.15e-93	268	100
OFOAEPEI_04218	mobileOG_000152711|ssb|A0A223MJQ6|replication/recombination/repair|NA|GPD|Homology	92.1	152	9	2	1	150	1	151	2.03e-92	266	100
OFOAEPEI_04218	mobileOG_000205271|ssb|A0A223MJQ6|replication/recombination/repair|NA|GPD|Homology	91.5	153	9	1	2	150	1	153	2.17e-92	266	99.3
OFOAEPEI_04218	mobileOG_000077652|ssb|A0A223MJQ6|replication/recombination/repair|NA|GPD|Homology	92.1	152	9	2	1	150	1	151	2.88e-92	266	100
OFOAEPEI_04218	mobileOG_000199866|ssb|A0A223MJQ6|replication/recombination/repair|NA|GPD|Homology	91.4	152	11	1	1	150	1	152	2.98e-92	266	100
OFOAEPEI_04218	mobileOG_000266535|ssb|G1VS55|replication/recombination/repair|NA|GPD|Homology	90.4	156	9	2	1	150	1	156	3.98e-91	263	100
OFOAEPEI_04349	mobileOG_000258522|hhaIM|A0A223MJU4|stability/transfer/defense|NA|GPD|Homology	94.1	323	19	0	1	323	1	323	1.58e-229	628	98.2
OFOAEPEI_04349	mobileOG_000153697|hhaIM|A0A223MJU4|stability/transfer/defense|NA|GPD|Homology	94.1	323	19	0	1	323	1	323	2.24e-229	628	98.2
OFOAEPEI_04377	mobileOG_000076788|rusA|A0A223MJ59|replication/recombination/repair|NA|GPD|Homology	98.6	140	2	0	1	140	1	140	1.17e-95	274	100
OFOAEPEI_04377	mobileOG_000150933|rusA|A0A175A224|replication/recombination/repair|NA|GPD|Homology	95.7	140	6	0	1	140	1	140	2.87e-94	270	100
OFOAEPEI_04377	mobileOG_000258523|rusA|A0A175A224|replication/recombination/repair|NA|GPD|Homology	95.7	140	6	0	1	140	1	140	7.95e-94	269	100
OFOAEPEI_04389	mobileOG_000101265|ssb|A0A223MJQ6|replication/recombination/repair|NA|GPD|Homology	96.7	151	5	0	1	151	2	152	5.19e-100	286	100
OFOAEPEI_04389	mobileOG_000199866|ssb|A0A223MJQ6|replication/recombination/repair|NA|GPD|Homology	96.0	151	6	0	1	151	2	152	3.01e-99	284	100
OFOAEPEI_04389	mobileOG_000205271|ssb|A0A223MJQ6|replication/recombination/repair|NA|GPD|Homology	96.1	153	4	1	1	151	1	153	3.63e-98	281	100
OFOAEPEI_04389	mobileOG_000150934|ssb|A0A223MJQ6|replication/recombination/repair|NA|GPD|Homology	94.1	153	6	2	1	151	1	152	3.71e-94	271	100
OFOAEPEI_04389	mobileOG_000150505|ssb|A0A223MJH9|replication/recombination/repair|NA|GPD|Homology	94.0	151	7	1	1	151	2	150	4.29e-94	271	100
OFOAEPEI_04389	mobileOG_000152711|ssb|A0A223MJQ6|replication/recombination/repair|NA|GPD|Homology	93.4	151	9	1	1	151	2	151	4.44e-94	271	100
OFOAEPEI_04389	mobileOG_000130941|ssb|A0A223MJH9|replication/recombination/repair|NA|GPD|Homology	93.4	151	8	1	1	151	1	149	1.69e-93	269	100
OFOAEPEI_04389	mobileOG_000077652|ssb|A0A223MJQ6|replication/recombination/repair|NA|GPD|Homology	92.1	151	11	1	1	151	2	151	5.18e-93	268	100
OFOAEPEI_04389	mobileOG_000200538|ssb|G1VS55|replication/recombination/repair|NA|GPD|Homology	92.9	155	6	3	1	151	2	155	5.94e-93	268	100
OFOAEPEI_04389	mobileOG_000261464|ssb|E2SML0|replication/recombination/repair|NA|GPD|Homology	91.0	155	10	2	1	151	2	156	4.07e-92	266	100
OFOAEPEI_04389	mobileOG_000077485|ssb|A0A223MJH9|replication/recombination/repair|NA|GPD|Homology	93.4	151	7	2	1	151	2	149	4.56e-92	266	100
OFOAEPEI_04389	mobileOG_000266095|ssb|G1VS55|replication/recombination/repair|NA|GPD|Homology	91.6	155	8	3	1	151	2	155	6.93e-92	265	100
OFOAEPEI_04389	mobileOG_000116156|ssb|G1VS55|replication/recombination/repair|NA|GPD|Homology	92.3	155	7	3	1	151	2	155	1.40e-91	265	100
OFOAEPEI_04389	mobileOG_000262663|ssb|G1VS55|replication/recombination/repair|NA|GPD|Homology	91.0	155	9	3	1	151	2	155	1.15e-90	262	100
OFOAEPEI_04389	mobileOG_000266535|ssb|G1VS55|replication/recombination/repair|NA|GPD|Homology	90.3	155	11	2	1	151	2	156	1.19e-90	262	100
