replicon	hit_id	gene_name	hit_pos	model_fqn	sys_id	sys_loci	locus_num	sys_wholeness	sys_score	sys_occ	hit_gene_ref	hit_status	hit_seq_len	hit_i_eval	hit_score	hit_profile_cov	hit_seq_cov	hit_begin_match	hit_end_match	counterpart	used_in	type	subtype	activity
enterocloster_clostridioformis_YL32	IFBJBKOH_00570	Aristaios__Aristaios	565	defense-finder-models/DefenseFinder/Aristaios/Aristaios	enterocloster_clostridioformis_YL32_Aristaios_4	1	1	1.0	1.0	1	Aristaios__Aristaios	mandatory	406	4.7e-46	156.4	0.66	0.837	48	387			Aristaios	Aristaios	Defense
enterocloster_clostridioformis_YL32	IFBJBKOH_00584	Avs2__Avs2	579	defense-finder-models/DefenseFinder/Avs/Avs2	enterocloster_clostridioformis_YL32_Avs2_5	1	1	1.0	1.0	1	Avs2__Avs2	mandatory	1371	2.3e-248	826.2	0.843	0.959	52	1366			Avs	Avs2	Defense
enterocloster_clostridioformis_YL32	IFBJBKOH_00613	Gabija__GajB_1	608	defense-finder-models/DefenseFinder/Gabija/Gabija	enterocloster_clostridioformis_YL32_Gabija_7	1	1	1.0	2.0	1	Gabija__GajB_1	mandatory	645	1.3e-73	247.1	0.933	0.952	13	626			Gabija	Gabija	Defense
enterocloster_clostridioformis_YL32	IFBJBKOH_00614	Gabija__GajA	609	defense-finder-models/DefenseFinder/Gabija/Gabija	enterocloster_clostridioformis_YL32_Gabija_7	1	1	1.0	2.0	1	Gabija__GajA	mandatory	671	5.3e-82	275.2	0.989	1.0	1	671			Gabija	Gabija	Defense
enterocloster_clostridioformis_YL32	IFBJBKOH_00773	AbiD__AbiD	768	defense-finder-models/DefenseFinder/AbiD/AbiD	enterocloster_clostridioformis_YL32_AbiD_1	1	1	1.0	1.0	1	AbiD__AbiD	mandatory	313	2.2e-82	275.7	0.913	0.971	3	306			AbiD	AbiD	Defense
enterocloster_clostridioformis_YL32	IFBJBKOH_00933	Kiwa__KwaA	928	defense-finder-models/DefenseFinder/Kiwa/Kiwa	enterocloster_clostridioformis_YL32_Kiwa_11	1	1	1.0	2.0	1	Kiwa__KwaA	mandatory	212	3.8999999999999996e-39	132.9	0.948	0.986	3	211			Kiwa	Kiwa	Defense
enterocloster_clostridioformis_YL32	IFBJBKOH_00934	Kiwa__KwaB	929	defense-finder-models/DefenseFinder/Kiwa/Kiwa	enterocloster_clostridioformis_YL32_Kiwa_11	1	1	1.0	2.0	1	Kiwa__KwaB	mandatory	347	5.599999999999999e-63	211.9	0.99	0.911	18	333			Kiwa	Kiwa	Defense
enterocloster_clostridioformis_YL32	IFBJBKOH_01032	SanaTA__SanaT_1	1027	defense-finder-models/DefenseFinder/SanaTA/SanaTA	enterocloster_clostridioformis_YL32_SanaTA_15	1	1	1.0	2.0	1	SanaTA__SanaT_1	mandatory	332	1.4e-108	362.2	0.89	0.997	1	331			SanaTA	SanaTA	Defense
enterocloster_clostridioformis_YL32	IFBJBKOH_01033	SanaTA__SanaA	1028	defense-finder-models/DefenseFinder/SanaTA/SanaTA	enterocloster_clostridioformis_YL32_SanaTA_15	1	1	1.0	2.0	1	SanaTA__SanaA	mandatory	205	4.3e-09	35.4	0.776	0.507	7	110			SanaTA	SanaTA	Defense
enterocloster_clostridioformis_YL32	IFBJBKOH_01225	RM_Type_II__Type_II_REase09	1219	defense-finder-models/RM/RM_Type_II/DNA_met_RM_Type_II_PDDEXK	enterocloster_clostridioformis_YL32_DNA_met_RM_Type_II_PDDEXK_21	1	1	1.0	2.0	1	RM_Type_II__Type_II_REase02	mandatory	348	4.1e-12	45.7	0.782	0.853	27	323			RM_Type_II	DNA_met_RM_Type_II_PDDEXK	Defense
enterocloster_clostridioformis_YL32	IFBJBKOH_01226	RM_Type_II__Type_II_MTases_FAM_0	1220	defense-finder-models/RM/RM_Type_II/DNA_met_RM_Type_II_PDDEXK	enterocloster_clostridioformis_YL32_DNA_met_RM_Type_II_PDDEXK_21	1	1	1.0	2.0	1	RM_Type_II__Type_II_MTases_FAM_0	mandatory	352	5.8e-82	274.5	0.975	0.974	3	345			RM_Type_II	DNA_met_RM_Type_II_PDDEXK	Defense
enterocloster_clostridioformis_YL32	IFBJBKOH_01840	RM_Type_II__Type_II_REase32	1830	defense-finder-models/RM/RM_Type_II/N6_N4_RM_Type_II_PDDEXK	enterocloster_clostridioformis_YL32_N6_N4_RM_Type_II_PDDEXK_22	1	1	1.0	2.0	1	RM_Type_II__Type_II_REase02	mandatory	287	6e-112	372.2	0.968	0.99	3	286		enterocloster_clostridioformis_YL32_D12_RM_Type_II_PDDEXK_19	RM_Type_II	N6_N4_RM_Type_II_PDDEXK	Defense
enterocloster_clostridioformis_YL32	IFBJBKOH_01840	RM_Type_II__Type_II_REase32	1830	defense-finder-models/RM/RM_Type_II/D12_RM_Type_II_PDDEXK	enterocloster_clostridioformis_YL32_D12_RM_Type_II_PDDEXK_19	1	1	1.0	2.0	1	RM_Type_II__Type_II_REase02	mandatory	287	6e-112	372.2	0.968	0.99	3	286		enterocloster_clostridioformis_YL32_N6_N4_RM_Type_II_PDDEXK_22	RM_Type_II	D12_RM_Type_II_PDDEXK	Defense
enterocloster_clostridioformis_YL32	IFBJBKOH_01841	RM_Type_II__Type_II_MTases_FAM_3	1831	defense-finder-models/RM/RM_Type_II/N6_N4_RM_Type_II_PDDEXK	enterocloster_clostridioformis_YL32_N6_N4_RM_Type_II_PDDEXK_22	1	1	1.0	2.0	1	RM_Type_II__Type_II_MTases_FAM_1	mandatory	265	1.4e-93	311.9	0.918	0.928	16	261			RM_Type_II	N6_N4_RM_Type_II_PDDEXK	Defense
enterocloster_clostridioformis_YL32	IFBJBKOH_01842	RM_Type_II__Type_II_MTases_FAM_4	1832	defense-finder-models/RM/RM_Type_II/D12_RM_Type_II_PDDEXK	enterocloster_clostridioformis_YL32_D12_RM_Type_II_PDDEXK_19	1	1	1.0	2.0	1	RM_Type_II__Type_II_MTases_FAM_11	mandatory	275	4.8e-85	283.8	1.0	1.0	1	275			RM_Type_II	D12_RM_Type_II_PDDEXK	Defense
enterocloster_clostridioformis_YL32	IFBJBKOH_02187	Hachiman__HamB	2171	defense-finder-models/DefenseFinder/Hachiman/Hachiman	enterocloster_clostridioformis_YL32_Hachiman_8	1	1	1.0	2.0	1	Hachiman__HamB	mandatory	1051	3.3e-228	759.1	0.983	0.993	2	1045		enterocloster_clostridioformis_YL32_Hachiman_II_9	Hachiman	Hachiman	Defense
enterocloster_clostridioformis_YL32	IFBJBKOH_02188	Hachiman__HamA_1	2172	defense-finder-models/DefenseFinder/Hachiman/Hachiman	enterocloster_clostridioformis_YL32_Hachiman_8	1	1	1.0	2.0	1	Hachiman__HamA_1	mandatory	268	1.1e-50	171.4	0.897	0.989	2	266		enterocloster_clostridioformis_YL32_Hachiman_II_9	Hachiman	Hachiman	Defense
enterocloster_clostridioformis_YL32	IFBJBKOH_02865	Lamassu__LmuB_Short	2829	defense-finder-models/DefenseFinder/Lamassu-Fam/Lamassu_Cap4	enterocloster_clostridioformis_YL32_Lamassu_Cap4_13	1	1	1.0	2.5	1	Lamassu__LmuB_Long	mandatory	641	6.3e-94	314.5	0.97	1.0	1	641		enterocloster_clostridioformis_YL32_Lamassu-PDDEXK_12	Lamassu-Fam	Lamassu_Cap4	Defense
enterocloster_clostridioformis_YL32	IFBJBKOH_02866	Lamassu__LmuC_Clade_V	2830	defense-finder-models/DefenseFinder/Lamassu-Fam/Lamassu_Cap4	enterocloster_clostridioformis_YL32_Lamassu_Cap4_13	1	1	1.0	2.5	1	Lamassu__LmuC_Clade_I	accessory	162	4.4e-19	67.1	0.945	0.963	4	159		enterocloster_clostridioformis_YL32_Lamassu-PDDEXK_12	Lamassu-Fam	Lamassu_Cap4	Defense
enterocloster_clostridioformis_YL32	IFBJBKOH_02867	Lamassu__LmuA_Cap4_I	2831	defense-finder-models/DefenseFinder/Lamassu-Fam/Lamassu_Cap4	enterocloster_clostridioformis_YL32_Lamassu_Cap4_13	1	1	1.0	2.5	1	Lamassu__LmuA_Cap4_I	mandatory	384	2.1999999999999997e-53	180.5	0.98	0.984	3	380			Lamassu-Fam	Lamassu_Cap4	Defense
enterocloster_clostridioformis_YL32	IFBJBKOH_02868	AbiEii__AbiEii	2832	defense-finder-models/DefenseFinder/AbiE/AbiE	enterocloster_clostridioformis_YL32_AbiE_3	1	1	1.0	2.0	1	AbiEii__AbiEii	mandatory	310	2.3e-37	127.9	0.962	0.777	35	275			AbiE	AbiE	Defense
enterocloster_clostridioformis_YL32	IFBJBKOH_02869	AbiEii__AbiEi_4	2833	defense-finder-models/DefenseFinder/AbiE/AbiE	enterocloster_clostridioformis_YL32_AbiE_3	1	1	1.0	2.0	1	AbiEii__AbiEi_1	mandatory	202	1.4e-10	39.8	0.939	0.228	9	54			AbiE	AbiE	Defense
enterocloster_clostridioformis_YL32	IFBJBKOH_02929	Wadjet__JetD_II	2893	defense-finder-models/DefenseFinder/Wadjet/Wadjet_II	enterocloster_clostridioformis_YL32_Wadjet_II_18	1	1	1.0	4.0	1	Wadjet__JetD_II	mandatory	432	6.6e-139	462.3	0.955	0.998	1	431			Wadjet	Wadjet_II	Defense
enterocloster_clostridioformis_YL32	IFBJBKOH_02930	Wadjet__JetC_II	2894	defense-finder-models/DefenseFinder/Wadjet/Wadjet_II	enterocloster_clostridioformis_YL32_Wadjet_II_18	1	1	1.0	4.0	1	Wadjet__JetC_II	mandatory	1355	0.0	1130.0	0.996	0.997	1	1351			Wadjet	Wadjet_II	Defense
enterocloster_clostridioformis_YL32	IFBJBKOH_02931	Wadjet__JetB_II	2895	defense-finder-models/DefenseFinder/Wadjet/Wadjet_II	enterocloster_clostridioformis_YL32_Wadjet_II_18	1	1	1.0	4.0	1	Wadjet__JetB_II	mandatory	378	7.299999999999999e-116	386.1	0.916	0.987	1	373			Wadjet	Wadjet_II	Defense
enterocloster_clostridioformis_YL32	IFBJBKOH_02932	Wadjet__JetA_II	2896	defense-finder-models/DefenseFinder/Wadjet/Wadjet_II	enterocloster_clostridioformis_YL32_Wadjet_II_18	1	1	1.0	4.0	1	Wadjet__JetA_II	mandatory	491	8.4e-154	511.7	0.932	0.988	5	489			Wadjet	Wadjet_II	Defense
enterocloster_clostridioformis_YL32	IFBJBKOH_02988	PD-Lambda-1__PD-Lambda-1	2952	defense-finder-models/DefenseFinder/SNIPE/SNIPE	enterocloster_clostridioformis_YL32_SNIPE_14	1	1	1.0	1.0	1	PD-Lambda-1__PD-Lambda-1	mandatory	447	8.6e-122	406.0	0.85	0.875	55	445			SNIPE	SNIPE	Defense
enterocloster_clostridioformis_YL32	IFBJBKOH_03448	acriia21	3408	defense-finder-models/ADF/Anti_CRISPR/acriia21	enterocloster_clostridioformis_YL32_acriia21_30	1	1	0.071	1.0	1	acriia21	mandatory	128	1.5e-19	68.9	0.806	0.781	12	111			Anti_CRISPR	acriia21	Antidefense
enterocloster_clostridioformis_YL32	IFBJBKOH_03496	DS-20__DS-20	3456	defense-finder-models/DefenseFinder/DS-20/DS-20	enterocloster_clostridioformis_YL32_DS-20_6	1	1	1.0	1.0	1	DS-20__DS-20	mandatory	449	7.9e-128	425.9	0.902	0.953	1	428			DS-20	DS-20	Defense
enterocloster_clostridioformis_YL32	IFBJBKOH_03732	RM_Type_IIG__Type_IIG_1	3680	defense-finder-models/RM/RM_Type_IIG/N6_RM_Type_IIG	enterocloster_clostridioformis_YL32_N6_RM_Type_IIG_23	1	1	0.125	1.0	1	RM_Type_IIG__Type_IIG_1	mandatory	605	1.8e-154	515.1	0.757	0.95	25	599			RM_Type_IIG	N6_RM_Type_IIG	Defense
enterocloster_clostridioformis_YL32	IFBJBKOH_04023	acriia21	3960	defense-finder-models/ADF/Anti_CRISPR/acriia21	enterocloster_clostridioformis_YL32_acriia21_31	1	1	0.071	1.0	1	acriia21	mandatory	131	5.6e-19	67.0	0.806	0.763	14	113			Anti_CRISPR	acriia21	Antidefense
enterocloster_clostridioformis_YL32	IFBJBKOH_04145	cas3_I_5	4082	CasFinder/CAS_Class1-Subtype-I-C	enterocloster_clostridioformis_YL32_CAS_Class1-Subtype-I-C_24	1	1	1.0	7.0	1	cas3_I_5	accessory	725	1.2e-58	197.7	0.448	0.491	230	585		enterocloster_clostridioformis_YL32_CAS_Class1-Type-I_26,enterocloster_clostridioformis_YL32_CAS_Cluster_28	Cas	CAS_Class1-Subtype-I-C	Defense
enterocloster_clostridioformis_YL32	IFBJBKOH_04146	cas5_I-C_11	4083	CasFinder/CAS_Class1-Subtype-I-C	enterocloster_clostridioformis_YL32_CAS_Class1-Subtype-I-C_24	1	1	1.0	7.0	1	cas5_I-C_11	mandatory	219	5.9e-78	259.9	0.995	0.95	5	212		enterocloster_clostridioformis_YL32_CAS_Class1-Type-I_26,enterocloster_clostridioformis_YL32_CAS_Cluster_28	Cas	CAS_Class1-Subtype-I-C	Defense
enterocloster_clostridioformis_YL32	IFBJBKOH_04147	cas8c_I-C_4	4084	CasFinder/CAS_Class1-Subtype-I-C	enterocloster_clostridioformis_YL32_CAS_Class1-Subtype-I-C_24	1	1	1.0	7.0	1	cas8c_I-C_4	mandatory	591	2.3000000000000003e-174	579.6	1.0	0.978	6	583		enterocloster_clostridioformis_YL32_CAS_Class1-Type-I_26,enterocloster_clostridioformis_YL32_CAS_Cluster_28	Cas	CAS_Class1-Subtype-I-C	Defense
enterocloster_clostridioformis_YL32	IFBJBKOH_04148	cas7b_I-B_I-C_2	4085	CasFinder/CAS_Class1-Subtype-I-C	enterocloster_clostridioformis_YL32_CAS_Class1-Subtype-I-C_24	1	1	1.0	7.0	1	cas7b_I-B_I-C_2	accessory	296	4.7e-106	352.6	0.996	0.929	7	281		enterocloster_clostridioformis_YL32_CAS_Class1-Type-I_26,enterocloster_clostridioformis_YL32_CAS_Cluster_28	Cas	CAS_Class1-Subtype-I-C	Defense
enterocloster_clostridioformis_YL32	IFBJBKOH_04149	cas4_I_II_III_IV_V_VI_6	4086	CasFinder/CAS_Class1-Subtype-I-C	enterocloster_clostridioformis_YL32_CAS_Class1-Subtype-I-C_24	1	1	1.0	7.0	1	cas4_I_II_III_IV_V_VI_1	accessory	220	1.5000000000000002e-38	131.1	0.994	0.864	11	200		enterocloster_clostridioformis_YL32_CAS_Class1-Type-I_26,enterocloster_clostridioformis_YL32_CAS_Cluster_28	Cas	CAS_Class1-Subtype-I-C	Defense
enterocloster_clostridioformis_YL32	IFBJBKOH_04150	cas1_I_II_III_IV_V_VI_6	4087	CasFinder/CAS_Class1-Subtype-I-C	enterocloster_clostridioformis_YL32_CAS_Class1-Subtype-I-C_24	1	1	1.0	7.0	1	cas1_I_II_III_IV_V_VI_6	accessory	343	1.4e-147	489.9	1.0	0.985	4	341		enterocloster_clostridioformis_YL32_CAS_Class1-Type-I_26,enterocloster_clostridioformis_YL32_CAS_Cluster_28	Cas	CAS_Class1-Subtype-I-C	Defense
enterocloster_clostridioformis_YL32	IFBJBKOH_04151	cas2_I_II_III_IV_V_VI_3	4088	CasFinder/CAS_Class1-Subtype-I-C	enterocloster_clostridioformis_YL32_CAS_Class1-Subtype-I-C_24	1	1	1.0	7.0	1	cas2_I_II_III_IV_V_VI_3	accessory	96	7.5e-27	92.0	0.987	0.865	3	85		enterocloster_clostridioformis_YL32_CAS_Class1-Type-I_26,enterocloster_clostridioformis_YL32_CAS_Cluster_28	Cas	CAS_Class1-Subtype-I-C	Defense
enterocloster_clostridioformis_YL32	IFBJBKOH_04498	apyc1	4435	defense-finder-models/ADF/Anti_Pycsar/apyc1	enterocloster_clostridioformis_YL32_apyc1_34	1	1	1.0	1.0	1	apyc1	mandatory	232	3.4000000000000003e-32	110.5	0.763	0.966	3	226			Anti_Pycsar	apyc1	Antidefense
enterocloster_clostridioformis_YL32	IFBJBKOH_05004	SspBCDE__SspD_2	4941	defense-finder-models/DefenseFinder/SspBCDE/SspBCDE	enterocloster_clostridioformis_YL32_SspBCDE_16	1	1	0.429	3.0	1	SspBCDE__SspD	mandatory	571	1e-265	881.4	0.995	1.0	1	571			SspBCDE	SspBCDE	Defense
enterocloster_clostridioformis_YL32	IFBJBKOH_05005	SspBCDE__SspB	4942	defense-finder-models/DefenseFinder/SspBCDE/SspBCDE	enterocloster_clostridioformis_YL32_SspBCDE_16	1	1	0.429	3.0	1	SspBCDE__SspB	mandatory	298	1.5000000000000002e-28	98.5	0.895	0.909	2	272			SspBCDE	SspBCDE	Defense
enterocloster_clostridioformis_YL32	IFBJBKOH_05006	SspBCDE__SspC	4943	defense-finder-models/DefenseFinder/SspBCDE/SspBCDE	enterocloster_clostridioformis_YL32_SspBCDE_16	1	1	0.429	3.0	1	SspBCDE__SspC	mandatory	1205	7.2e-77	257.9	0.845	0.808	231	1204			SspBCDE	SspBCDE	Defense
enterocloster_clostridioformis_YL32	IFBJBKOH_05097	RM_Type_II__Type_II_MTases_FAM_16	5034	defense-finder-models/RM/RM_Type_II/DNA_met_RM_Type_II_HATPase	enterocloster_clostridioformis_YL32_DNA_met_RM_Type_II_HATPase_20	1	1	1.0	2.0	1	RM_Type_II__Type_II_MTases_FAM_0	mandatory	358	1.8000000000000002e-193	641.0	0.983	0.961	9	352			RM_Type_II	DNA_met_RM_Type_II_HATPase	Defense
enterocloster_clostridioformis_YL32	IFBJBKOH_05098	RM_Type_II__Type_II_REase01	5035	defense-finder-models/RM/RM_Type_II/DNA_met_RM_Type_II_HATPase	enterocloster_clostridioformis_YL32_DNA_met_RM_Type_II_HATPase_20	1	1	1.0	2.0	1	RM_Type_II__Type_II_REase01	mandatory	518	4.8e-17	61.9	0.885	0.915	42	515			RM_Type_II	DNA_met_RM_Type_II_HATPase	Defense
enterocloster_clostridioformis_YL32	IFBJBKOH_05316	cas5_I-C_11	5251	CasFinder/CAS_Class1-Subtype-I-C	enterocloster_clostridioformis_YL32_CAS_Class1-Subtype-I-C_25	1	1	0.571	4.0	1	cas5_I-C_11	mandatory	220	4.3e-26	90.6	0.778	0.745	8	171		enterocloster_clostridioformis_YL32_CAS_Class1-Type-I_27,enterocloster_clostridioformis_YL32_CAS_Cluster_29	Cas	CAS_Class1-Subtype-I-C	Defense
enterocloster_clostridioformis_YL32	IFBJBKOH_05317	cas8c_I-C_3	5252	CasFinder/CAS_Class1-Subtype-I-C	enterocloster_clostridioformis_YL32_CAS_Class1-Subtype-I-C_25	1	1	0.571	4.0	1	cas8c_I-C_4	mandatory	712	5.599999999999999e-230	764.2	0.992	0.979	1	697		enterocloster_clostridioformis_YL32_CAS_Class1-Type-I_27,enterocloster_clostridioformis_YL32_CAS_Cluster_29	Cas	CAS_Class1-Subtype-I-C	Defense
enterocloster_clostridioformis_YL32	IFBJBKOH_05318	cas7b_I-B_I-C_2	5253	CasFinder/CAS_Class1-Subtype-I-C	enterocloster_clostridioformis_YL32_CAS_Class1-Subtype-I-C_25	1	1	0.571	4.0	1	cas7b_I-B_I-C_2	accessory	296	2.4e-59	199.6	0.992	0.916	6	276		enterocloster_clostridioformis_YL32_CAS_Class1-Type-I_27,enterocloster_clostridioformis_YL32_CAS_Cluster_29	Cas	CAS_Class1-Subtype-I-C	Defense
enterocloster_clostridioformis_YL32	IFBJBKOH_05319	cas3HD_I_1	5254	CasFinder/CAS_Class1-Subtype-I-C	enterocloster_clostridioformis_YL32_CAS_Class1-Subtype-I-C_25	1	1	0.571	4.0	1	cas3HD_I_1	accessory	730	4.6e-21	74.2	0.98	0.249	12	193		enterocloster_clostridioformis_YL32_CAS_Class1-Type-I_27	Cas	CAS_Class1-Subtype-I-C	Defense
enterocloster_clostridioformis_YL32	IFBJBKOH_05416	acriia21	5349	defense-finder-models/ADF/Anti_CRISPR/acriia21	enterocloster_clostridioformis_YL32_acriia21_32	1	1	0.071	1.0	1	acriia21	mandatory	236	3.2e-13	48.4	0.767	0.386	4	94			Anti_CRISPR	acriia21	Antidefense
enterocloster_clostridioformis_YL32	IFBJBKOH_06171	acriia21	6094	defense-finder-models/ADF/Anti_CRISPR/acriia21	enterocloster_clostridioformis_YL32_acriia21_33	1	1	0.071	1.0	1	acriia21	mandatory	400	1.3999999999999999e-24	85.2	0.806	0.263	15	119			Anti_CRISPR	acriia21	Antidefense
enterocloster_clostridioformis_YL32	IFBJBKOH_06266	AbiD__AbiD	6189	defense-finder-models/DefenseFinder/AbiD/AbiD	enterocloster_clostridioformis_YL32_AbiD_2	1	1	1.0	1.0	1	AbiD__AbiD	mandatory	314	1.8e-72	243.0	0.926	0.975	2	307			AbiD	AbiD	Defense
enterocloster_clostridioformis_YL32	IFBJBKOH_06566	Hesat__Hesat	6489	defense-finder-models/DefenseFinder/Hesat/Hesat	enterocloster_clostridioformis_YL32_Hesat_10	1	1	1.0	1.0	1	Hesat__Hesat	mandatory	215	2.1e-12	45.7	0.76	0.693	33	181			Hesat	Hesat	Defense
enterocloster_clostridioformis_YL32	IFBJBKOH_06822	Wadjet__JetA_I	6732	defense-finder-models/DefenseFinder/Wadjet/Wadjet_I	enterocloster_clostridioformis_YL32_Wadjet_I_17	1	1	0.75	3.0	1	Wadjet__JetA_I	mandatory	460	2e-40	137.8	0.966	0.985	7	459			Wadjet	Wadjet_I	Defense
enterocloster_clostridioformis_YL32	IFBJBKOH_06823	Wadjet__JetB_I	6733	defense-finder-models/DefenseFinder/Wadjet/Wadjet_I	enterocloster_clostridioformis_YL32_Wadjet_I_17	1	1	0.75	3.0	1	Wadjet__JetB_I	mandatory	249	1.2e-25	88.9	0.826	0.827	33	238			Wadjet	Wadjet_I	Defense
enterocloster_clostridioformis_YL32	IFBJBKOH_06824	Wadjet__JetC_I	6734	defense-finder-models/DefenseFinder/Wadjet/Wadjet_I	enterocloster_clostridioformis_YL32_Wadjet_I_17	1	1	0.75	3.0	1	Wadjet__JetC_I	mandatory	1129	4.9e-166	553.1	0.989	0.984	12	1122			Wadjet	Wadjet_I	Defense
