Sequence Title,Query Title,Pident,Bitscore,Subject Sequence Length,e-value,Query Sequence Length,Start of Alignment in Subject,End of Alignment in Query,Start of Alignment in Query,End of Alignment in Query,mobileOG ID,Gene Name,Best Hit Accession ID,Major mobileOG Category,Minor mobileOG Category,Source Database,Evidence Type
mobileOG_000146032|ligA|A0A2X2W954|replication/recombination/repair|NA|GPD|Homology,IFBJBKOH_00441,99.1,1269,651,0.0,-,1,651,1,651,mobileOG_000146032,ligA,A0A2X2W954,replication/recombination/repair,NA,GPD,Homology
mobileOG_000204832|ligA|A8RIE5|replication/recombination/repair|NA|GPD|Homology,IFBJBKOH_00441,96.5,1239,651,0.0,-,1,651,1,651,mobileOG_000204832,ligA,A8RIE5,replication/recombination/repair,NA,GPD,Homology
mobileOG_000022205|uvrB|A0A3R6VCZ4|replication/recombination/repair|NA|GPD|Manual,IFBJBKOH_00453,90.1,1144,659,0.0,-,1,659,1,659,mobileOG_000022205,uvrB,A0A3R6VCZ4,replication/recombination/repair,NA,GPD,Manual
mobileOG_000022114|uvrB|A0A3R6VCZ4|replication/recombination/repair|NA|GPD|Manual,IFBJBKOH_00453,90.1,1143,657,0.0,-,8,659,3,664,mobileOG_000022114,uvrB,A0A3R6VCZ4,replication/recombination/repair,NA,GPD,Manual
mobileOG_000011175|ltrA|A0A395X5R7|integration/excision|introns|GPD|Manual,IFBJBKOH_00520,93.1,686,361,3.83e-248,-,1,361,1,361,mobileOG_000011175,ltrA,A0A395X5R7,integration/excision,introns,GPD,Manual
mobileOG_000273597|ltrA|A0A412YRY2|integration/excision|introns|immedb|Homology,IFBJBKOH_00831,96.1,1197,610,0.0,-,1,610,1,610,mobileOG_000273597,ltrA,A0A412YRY2,integration/excision,introns,immedb,Homology
mobileOG_000273597|ltrA|A0A412YRY2|integration/excision|introns|immedb|Homology,IFBJBKOH_01054,96.2,1202,610,0.0,-,1,610,1,610,mobileOG_000273597,ltrA,A0A412YRY2,integration/excision,introns,immedb,Homology
mobileOG_000187905|xkdM|A0A3E2U8X6|phage|structural|GPD|Homology,IFBJBKOH_01257,97.4,309,155,4.80e-109,-,1,155,1,155,mobileOG_000187905,xkdM,A0A3E2U8X6,phage,structural,GPD,Homology
mobileOG_000138381|xkdM|A0A227L4P6|phage|structural|GPD|Homology,IFBJBKOH_01257,97.4,308,155,6.81e-109,-,1,155,1,155,mobileOG_000138381,xkdM,A0A227L4P6,phage,structural,GPD,Homology
mobileOG_000192234|xkdM|A0A3E2U8X6|phage|structural|GPD|Homology,IFBJBKOH_01257,96.8,307,155,1.95e-108,-,1,155,1,155,mobileOG_000192234,xkdM,A0A3E2U8X6,phage,structural,GPD,Homology
mobileOG_000150636|xkdM|A0A3E2U8X6|phage|structural|GPD|Homology,IFBJBKOH_01257,96.1,303,155,6.55e-107,-,1,155,1,155,mobileOG_000150636,xkdM,A0A3E2U8X6,phage,structural,GPD,Homology
mobileOG_000099235|xkdM|A0A1C5TGV0|phage|structural|GPD|Homology,IFBJBKOH_01257,94.8,303,155,9.30e-107,-,1,155,1,155,mobileOG_000099235,xkdM,A0A1C5TGV0,phage,structural,GPD,Homology
mobileOG_000217602|xkdM|A0A1C5TGV0|phage|structural|GPD|Homology,IFBJBKOH_01257,94.2,303,155,1.32e-106,-,1,155,1,155,mobileOG_000217602,xkdM,A0A1C5TGV0,phage,structural,GPD,Homology
mobileOG_000079949|xkdM|A0A3E2U8X6|phage|structural|GPD|Homology,IFBJBKOH_01257,92.2,293,154,8.58e-103,-,1,154,1,154,mobileOG_000079949,xkdM,A0A3E2U8X6,phage,structural,GPD,Homology
mobileOG_000150635|orf36|A0A227L4W1|phage|structural|GPD|Homology,IFBJBKOH_01273,97.0,926,473,0.0,-,1,473,1,473,mobileOG_000150635,orf36,A0A227L4W1,phage,structural,GPD,Homology
mobileOG_000138383|orf36|A0A227L4W1|phage|structural|GPD|Homology,IFBJBKOH_01273,98.3,924,471,0.0,-,1,471,1,471,mobileOG_000138383,orf36,A0A227L4W1,phage,structural,GPD,Homology
mobileOG_000150400|orf36|N9XBS0|phage|structural|GPD|Homology,IFBJBKOH_01273,91.3,884,473,0.0,-,1,472,1,473,mobileOG_000150400,orf36,N9XBS0,phage,structural,GPD,Homology
mobileOG_000264729|orf36|A0A227L4W1|phage|structural|GPD|Homology,IFBJBKOH_01273,95.0,879,459,0.0,-,1,459,1,459,mobileOG_000264729,orf36,A0A227L4W1,phage,structural,GPD,Homology
mobileOG_000210089|orf36|N9XBS0|phage|structural|GPD|Homology,IFBJBKOH_01273,92.4,877,462,0.0,-,1,462,1,462,mobileOG_000210089,orf36,N9XBS0,phage,structural,GPD,Homology
mobileOG_000207772|gp26|N9YY42|transfer|conjugation|GPD|Homology,IFBJBKOH_01287,98.3,1667,820,0.0,-,1,820,1,820,mobileOG_000207772,gp26,N9YY42,transfer,conjugation,GPD,Homology
mobileOG_000205320|gp26|N9YY42|transfer|conjugation|GPD|Homology,IFBJBKOH_01287,98.2,1665,820,0.0,-,1,820,1,820,mobileOG_000205320,gp26,N9YY42,transfer,conjugation,GPD,Homology
mobileOG_000229434|gp26|N9YY42|transfer|conjugation|GPD|Homology,IFBJBKOH_01287,98.0,1663,820,0.0,-,1,820,1,820,mobileOG_000229434,gp26,N9YY42,transfer,conjugation,GPD,Homology
mobileOG_000165238|gp26|A0A174EE98|transfer|conjugation|GPD|Homology,IFBJBKOH_01287,98.0,1660,820,0.0,-,1,820,1,820,mobileOG_000165238,gp26,A0A174EE98,transfer,conjugation,GPD,Homology
mobileOG_000217523|gp26|N9YY42|transfer|conjugation|GPD|Homology,IFBJBKOH_01287,98.0,1660,820,0.0,-,1,820,1,820,mobileOG_000217523,gp26,N9YY42,transfer,conjugation,GPD,Homology
mobileOG_000151366|gp26|A0A174EE98|transfer|conjugation|GPD|Homology,IFBJBKOH_01287,97.8,1656,820,0.0,-,1,820,1,820,mobileOG_000151366,gp26,A0A174EE98,transfer,conjugation,GPD,Homology
mobileOG_000229433|polA_2|A0A174ECD4|replication/recombination/repair|NA|GPD|Homology,IFBJBKOH_01288,98.0,1304,654,0.0,-,1,654,1,654,mobileOG_000229433,polA_2,A0A174ECD4,replication/recombination/repair,NA,GPD,Homology
mobileOG_000151365|polA_2|A0A174ECD4|replication/recombination/repair|NA|GPD|Homology,IFBJBKOH_01288,97.7,1301,654,0.0,-,1,654,1,654,mobileOG_000151365,polA_2,A0A174ECD4,replication/recombination/repair,NA,GPD,Homology
mobileOG_000165239|polA_2|A0A414AEG5|replication/recombination/repair|NA|GPD|Homology,IFBJBKOH_01288,97.1,1294,654,0.0,-,1,654,1,654,mobileOG_000165239,polA_2,A0A414AEG5,replication/recombination/repair,NA,GPD,Homology
mobileOG_000205319|polA_2|A0A414AEG5|replication/recombination/repair|NA|GPD|Homology,IFBJBKOH_01288,97.1,1293,654,0.0,-,1,654,1,654,mobileOG_000205319,polA_2,A0A414AEG5,replication/recombination/repair,NA,GPD,Homology
mobileOG_000207771|polA_2|A0A227L4X1|replication/recombination/repair|NA|GPD|Homology,IFBJBKOH_01288,95.7,1272,654,0.0,-,1,654,1,654,mobileOG_000207771,polA_2,A0A227L4X1,replication/recombination/repair,NA,GPD,Homology
mobileOG_000217522|polA_2|A0A227L4X1|replication/recombination/repair|NA|GPD|Homology,IFBJBKOH_01288,94.0,1251,654,0.0,-,1,654,1,654,mobileOG_000217522,polA_2,A0A227L4X1,replication/recombination/repair,NA,GPD,Homology
mobileOG_000142259|pcrA|R5FKZ8|replication/recombination/repair|NA|GPD|Homology,IFBJBKOH_01432,96.5,1474,780,0.0,-,1,780,1,780,mobileOG_000142259,pcrA,R5FKZ8,replication/recombination/repair,NA,GPD,Homology
"mobileOG_000006877|groL|A0A174NX61|transfer|conjugation,regulation|GPD|Manual",IFBJBKOH_01569,100,998,540,0.0,-,1,540,1,540,mobileOG_000006877,groL,A0A174NX61,transfer,"conjugation,regulation",GPD,Manual
"mobileOG_000006774|groL|A0A0E2H8G0|transfer|conjugation,regulation|GPD|Manual",IFBJBKOH_01569,99.4,993,540,0.0,-,1,540,1,540,mobileOG_000006774,groL,A0A0E2H8G0,transfer,"conjugation,regulation",GPD,Manual
"mobileOG_000009885|groL|R5F9F1|transfer|conjugation,regulation|GPD|Manual",IFBJBKOH_01569,98.9,988,540,0.0,-,1,540,1,540,mobileOG_000009885,groL,R5F9F1,transfer,"conjugation,regulation",GPD,Manual
mobileOG_000098723|groS|A0A174NU18|phage|structural|GPD|Homology,IFBJBKOH_01570,98.9,176,94,2.20e-58,-,1,94,1,94,mobileOG_000098723,groS,A0A174NU18,phage,structural,GPD,Homology
mobileOG_000183546|groS|A0A3E2WA94|phage|structural|GPD|Homology,IFBJBKOH_01570,94.7,173,94,3.65e-57,-,1,94,1,94,mobileOG_000183546,groS,A0A3E2WA94,phage,structural,GPD,Homology
mobileOG_000205168|groS|A0A417LXN6|phage|structural|GPD|Homology,IFBJBKOH_01570,93.6,168,94,3.52e-55,-,1,94,1,94,mobileOG_000205168,groS,A0A417LXN6,phage,structural,GPD,Homology
"mobileOG_000213863|2|A0A227LAS0|phage|replication,packaging|GPD|Homology",IFBJBKOH_01610,99.1,1089,546,0.0,-,4,546,1,549,mobileOG_000213863,2,A0A227LAS0,phage,"replication,packaging",GPD,Homology
"mobileOG_000202004|2|A0A227LAS0|phage|replication,packaging|GPD|Homology",IFBJBKOH_01610,94.3,1050,546,0.0,-,1,546,1,546,mobileOG_000202004,2,A0A227LAS0,phage,"replication,packaging",GPD,Homology
"mobileOG_000080129|2|A0A227LAS0|phage|replication,packaging|GPD|Homology",IFBJBKOH_01610,91.7,1015,545,0.0,-,3,546,2,546,mobileOG_000080129,2,A0A227LAS0,phage,"replication,packaging",GPD,Homology
"mobileOG_000099762|2|A0A0F0CE32|phage|replication,packaging|GPD|Homology",IFBJBKOH_01610,90.4,1000,543,0.0,-,5,546,4,547,mobileOG_000099762,2,A0A0F0CE32,phage,"replication,packaging",GPD,Homology
"mobileOG_000165533|2|A0A227LAS0|phage|replication,packaging|GPD|Homology",IFBJBKOH_01610,90.8,987,543,0.0,-,5,546,4,547,mobileOG_000165533,2,A0A227LAS0,phage,"replication,packaging",GPD,Homology
mobileOG_000207772|gp26|N9YY42|transfer|conjugation|GPD|Homology,IFBJBKOH_01625,98.3,1667,820,0.0,-,1,820,1,820,mobileOG_000207772,gp26,N9YY42,transfer,conjugation,GPD,Homology
mobileOG_000205320|gp26|N9YY42|transfer|conjugation|GPD|Homology,IFBJBKOH_01625,98.2,1665,820,0.0,-,1,820,1,820,mobileOG_000205320,gp26,N9YY42,transfer,conjugation,GPD,Homology
mobileOG_000229434|gp26|N9YY42|transfer|conjugation|GPD|Homology,IFBJBKOH_01625,98.0,1663,820,0.0,-,1,820,1,820,mobileOG_000229434,gp26,N9YY42,transfer,conjugation,GPD,Homology
mobileOG_000165238|gp26|A0A174EE98|transfer|conjugation|GPD|Homology,IFBJBKOH_01625,98.0,1660,820,0.0,-,1,820,1,820,mobileOG_000165238,gp26,A0A174EE98,transfer,conjugation,GPD,Homology
mobileOG_000217523|gp26|N9YY42|transfer|conjugation|GPD|Homology,IFBJBKOH_01625,98.0,1660,820,0.0,-,1,820,1,820,mobileOG_000217523,gp26,N9YY42,transfer,conjugation,GPD,Homology
mobileOG_000151366|gp26|A0A174EE98|transfer|conjugation|GPD|Homology,IFBJBKOH_01625,97.8,1656,820,0.0,-,1,820,1,820,mobileOG_000151366,gp26,A0A174EE98,transfer,conjugation,GPD,Homology
mobileOG_000229433|polA_2|A0A174ECD4|replication/recombination/repair|NA|GPD|Homology,IFBJBKOH_01626,98.0,1304,654,0.0,-,1,654,1,654,mobileOG_000229433,polA_2,A0A174ECD4,replication/recombination/repair,NA,GPD,Homology
mobileOG_000151365|polA_2|A0A174ECD4|replication/recombination/repair|NA|GPD|Homology,IFBJBKOH_01626,97.7,1301,654,0.0,-,1,654,1,654,mobileOG_000151365,polA_2,A0A174ECD4,replication/recombination/repair,NA,GPD,Homology
mobileOG_000165239|polA_2|A0A414AEG5|replication/recombination/repair|NA|GPD|Homology,IFBJBKOH_01626,97.1,1294,654,0.0,-,1,654,1,654,mobileOG_000165239,polA_2,A0A414AEG5,replication/recombination/repair,NA,GPD,Homology
mobileOG_000205319|polA_2|A0A414AEG5|replication/recombination/repair|NA|GPD|Homology,IFBJBKOH_01626,97.1,1293,654,0.0,-,1,654,1,654,mobileOG_000205319,polA_2,A0A414AEG5,replication/recombination/repair,NA,GPD,Homology
mobileOG_000207771|polA_2|A0A227L4X1|replication/recombination/repair|NA|GPD|Homology,IFBJBKOH_01626,95.7,1272,654,0.0,-,1,654,1,654,mobileOG_000207771,polA_2,A0A227L4X1,replication/recombination/repair,NA,GPD,Homology
mobileOG_000217522|polA_2|A0A227L4X1|replication/recombination/repair|NA|GPD|Homology,IFBJBKOH_01626,94.0,1251,654,0.0,-,1,654,1,654,mobileOG_000217522,polA_2,A0A227L4X1,replication/recombination/repair,NA,GPD,Homology
"mobileOG_000099591|pilT|A0A174NYM3|transfer|conjugation,competence|GPD|Homology",IFBJBKOH_01644,100,679,353,4.35e-249,-,1,353,1,353,mobileOG_000099591,pilT,A0A174NYM3,transfer,"conjugation,competence",GPD,Homology
"mobileOG_000177237|pilT|A0A0E2H7U3|transfer|conjugation,competence|GPD|Homology",IFBJBKOH_01644,99.7,677,353,5.08e-248,-,1,353,1,353,mobileOG_000177237,pilT,A0A0E2H7U3,transfer,"conjugation,competence",GPD,Homology
"mobileOG_000122712|pilT|A0A412ZGC6|transfer|conjugation,competence|GPD|Homology",IFBJBKOH_01644,98.9,675,353,2.07e-247,-,1,353,1,353,mobileOG_000122712,pilT,A0A412ZGC6,transfer,"conjugation,competence",GPD,Homology
"mobileOG_000183541|pilT|A0A3E2WBF7|transfer|conjugation,competence|GPD|Homology",IFBJBKOH_01644,94.3,644,353,4.57e-235,-,1,353,1,353,mobileOG_000183541,pilT,A0A3E2WBF7,transfer,"conjugation,competence",GPD,Homology
"mobileOG_000205701|pilT|A0A3E2VQC7|transfer|conjugation,competence|GPD|Homology",IFBJBKOH_01644,94.1,641,353,7.56e-234,-,1,353,1,353,mobileOG_000205701,pilT,A0A3E2VQC7,transfer,"conjugation,competence",GPD,Homology
mobileOG_000108997|tnpB|A0A174J7I0|integration/excision|NA|GPD|Homology,IFBJBKOH_02680,96.4,228,112,2.07e-78,-,1,112,1,112,mobileOG_000108997,tnpB,A0A174J7I0,integration/excision,NA,GPD,Homology
mobileOG_000272216|tnpB|A0A1Y4M0E7|integration/excision|NA|immedb|Homology,IFBJBKOH_02680,96.4,228,112,2.36e-78,-,1,112,1,112,mobileOG_000272216,tnpB,A0A1Y4M0E7,integration/excision,NA,immedb,Homology
mobileOG_000234286|tnpB|A0A416LQ02|integration/excision|NA|GPD|Homology,IFBJBKOH_02680,93.8,222,112,5.73e-76,-,1,112,1,112,mobileOG_000234286,tnpB,A0A416LQ02,integration/excision,NA,GPD,Homology
mobileOG_000148964|tnpB|A0A174FMM5|integration/excision|NA|GPD|Homology,IFBJBKOH_02680,92.9,221,112,8.14e-76,-,1,112,1,112,mobileOG_000148964,tnpB,A0A174FMM5,integration/excision,NA,GPD,Homology
mobileOG_000188466|pinR|A0A3R6HZ35|integration/excision|NA|GPD|Homology,IFBJBKOH_02870,92.7,202,110,2.43e-62,-,550,110,1,659,mobileOG_000188466,pinR,A0A3R6HZ35,integration/excision,NA,GPD,Homology
mobileOG_000273343|hin|A0A417HZ44|integration/excision|NA|immedb|Homology,IFBJBKOH_02912,90.1,909,503,0.0,-,1,503,1,503,mobileOG_000273343,hin,A0A417HZ44,integration/excision,NA,immedb,Homology
mobileOG_000205308|immA|E7GRD5|phage|stability/transfer/defense|GPD|Homology,IFBJBKOH_02987,95.2,280,146,4.70e-98,-,1,146,1,146,mobileOG_000205308,immA,E7GRD5,phage,stability/transfer/defense,GPD,Homology
mobileOG_000262602|immA|E7GRD5|phage|stability/transfer/defense|GPD|Homology,IFBJBKOH_02987,92.5,278,146,3.87e-97,-,1,146,1,146,mobileOG_000262602,immA,E7GRD5,phage,stability/transfer/defense,GPD,Homology
mobileOG_000171561|mutS2|A0A412Z3U5|replication/recombination/repair|NA|GPD|Homology,IFBJBKOH_02993,94.5,1450,812,0.0,-,1,812,1,812,mobileOG_000171561,mutS2,A0A412Z3U5,replication/recombination/repair,NA,GPD,Homology
mobileOG_000101015|mecB|R5F0L8|transfer|competence|GPD|Homology,IFBJBKOH_03024,96.0,450,249,9.75e-162,-,1,249,1,249,mobileOG_000101015,mecB,R5F0L8,transfer,competence,GPD,Homology
mobileOG_000273436|tndX|A0A4R1QVW4|integration/excision|NA|Multiple|Homology,IFBJBKOH_03445,98.6,839,426,1.73e-307,-,120,426,1,545,mobileOG_000273436,tndX,A0A4R1QVW4,integration/excision,NA,Multiple,Homology
mobileOG_000208737|tndX|A0A4R1QVW4|integration/excision|NA|GPD|Homology,IFBJBKOH_03445,98.4,838,426,2.45e-307,-,120,426,1,545,mobileOG_000208737,tndX,A0A4R1QVW4,integration/excision,NA,GPD,Homology
mobileOG_000212189|tndX|A0A411ZXX0|integration/excision|NA|GPD|Homology,IFBJBKOH_03445,98.4,838,426,4.95e-307,-,120,426,1,545,mobileOG_000212189,tndX,A0A411ZXX0,integration/excision,NA,GPD,Homology
mobileOG_000023325|hin|A0A174V895|integration/excision|NA|immedb|Manual,IFBJBKOH_03446,96.4,969,503,0.0,-,1,503,1,503,mobileOG_000023325,hin,A0A174V895,integration/excision,NA,immedb,Manual
"mobileOG_000272218|repA|EJW99731.1|replication/recombination/repair|initiation,copy",IFBJBKOH_03448,90.3,237,124,1.64e-81,-,5,125,2,128,mobileOG_000272218,repA,EJW99731.1,replication/recombination/repair,"initiation,copy",,
"mobileOG_000271661|repA|A0A3R6KFA2|replication/recombination/repair|initiation,copy",IFBJBKOH_03448,90.3,236,124,3.30e-81,-,5,125,2,128,mobileOG_000271661,repA,A0A3R6KFA2,replication/recombination/repair,"initiation,copy",,
"mobileOG_000103900|repA|A0A373C7M1|replication/recombination/repair|initiation,copy",IFBJBKOH_03448,90.3,235,124,1.35e-80,-,5,125,2,128,mobileOG_000103900,repA,A0A373C7M1,replication/recombination/repair,"initiation,copy",,
mobileOG_000285480|ltrA|A0A373CHK7|integration/excision|introns|Multiple|Homology,IFBJBKOH_03514,94.1,853,440,1.39e-311,-,114,440,1,553,mobileOG_000285480,ltrA,A0A373CHK7,integration/excision,introns,Multiple,Homology
mobileOG_000285480|ltrA|A0A373CHK7|integration/excision|introns|Multiple|Homology,IFBJBKOH_03515,95.2,122,63,1.25e-33,-,1,63,1,63,mobileOG_000285480,ltrA,A0A373CHK7,integration/excision,introns,Multiple,Homology
mobileOG_000007159|tnpA|A0A174L5S9|integration/excision|NA|GPD|Manual,IFBJBKOH_03521,97.0,281,134,2.95e-98,-,1,134,1,134,mobileOG_000007159,tnpA,A0A174L5S9,integration/excision,NA,GPD,Manual
mobileOG_000154299|recR|A0A417LRK4|replication/recombination/repair|NA|GPD|Homology,IFBJBKOH_03776,96.0,380,198,7.73e-136,-,1,198,1,198,mobileOG_000154299,recR,A0A417LRK4,replication/recombination/repair,NA,GPD,Homology
mobileOG_000163349|recR|C5EW77|replication/recombination/repair|NA|GPD|Homology,IFBJBKOH_03776,94.4,375,198,7.42e-134,-,1,198,1,198,mobileOG_000163349,recR,C5EW77,replication/recombination/repair,NA,GPD,Homology
mobileOG_000272223|hin|A0A3D0VXW0|integration/excision|NA|immedb|Homology,IFBJBKOH_04020,100,995,503,0.0,-,1,503,1,503,mobileOG_000272223,hin,A0A3D0VXW0,integration/excision,NA,immedb,Homology
mobileOG_000272142|hin|A0A489I9G8|integration/excision|NA|immedb|Homology,IFBJBKOH_04020,97.8,978,503,0.0,-,1,503,1,503,mobileOG_000272142,hin,A0A489I9G8,integration/excision,NA,immedb,Homology
mobileOG_000273539|hin|A0A3E3DQ52|integration/excision|NA|immedb|Homology,IFBJBKOH_04020,96.6,969,503,0.0,-,1,503,1,503,mobileOG_000273539,hin,A0A3E3DQ52,integration/excision,NA,immedb,Homology
mobileOG_000273343|hin|A0A417HZ44|integration/excision|NA|immedb|Homology,IFBJBKOH_04020,97.2,969,503,0.0,-,1,503,1,503,mobileOG_000273343,hin,A0A417HZ44,integration/excision,NA,immedb,Homology
mobileOG_000205792|hin|D4CAH2|integration/excision|NA|GPD|Homology,IFBJBKOH_04020,97.4,968,503,0.0,-,1,503,1,503,mobileOG_000205792,hin,D4CAH2,integration/excision,NA,GPD,Homology
mobileOG_000273869|hin|A0A3R6QKZ1|integration/excision|NA|immedb|Homology,IFBJBKOH_04020,96.4,964,503,0.0,-,1,503,1,503,mobileOG_000273869,hin,A0A3R6QKZ1,integration/excision,NA,immedb,Homology
mobileOG_000274012|hin|A0A3F3JZF4|integration/excision|NA|immedb|Homology,IFBJBKOH_04020,96.6,964,503,0.0,-,1,503,1,503,mobileOG_000274012,hin,A0A3F3JZF4,integration/excision,NA,immedb,Homology
mobileOG_000271662|hin|A0A3R6P2P4|integration/excision|NA|immedb|Homology,IFBJBKOH_04020,96.4,960,503,0.0,-,1,503,1,503,mobileOG_000271662,hin,A0A3R6P2P4,integration/excision,NA,immedb,Homology
mobileOG_000103901|hin|A0A373C9S9|integration/excision|NA|GPD|Homology,IFBJBKOH_04020,95.8,960,503,0.0,-,1,503,1,503,mobileOG_000103901,hin,A0A373C9S9,integration/excision,NA,GPD,Homology
mobileOG_000048788|hin|WP_007215987.1|integration/excision|NA|Multiple|Homology,IFBJBKOH_04020,94.2,948,503,0.0,-,1,503,1,503,mobileOG_000048788,hin,WP_007215987.1,integration/excision,NA,Multiple,Homology
mobileOG_000259164|hin|A0A3E3DQ52|integration/excision|NA|GPD|Homology,IFBJBKOH_04020,96.5,944,490,0.0,-,1,490,1,490,mobileOG_000259164,hin,A0A3E3DQ52,integration/excision,NA,GPD,Homology
mobileOG_000271505|hin|WP_007215987.1|integration/excision|NA|immedb|Homology,IFBJBKOH_04020,92.8,932,503,0.0,-,1,503,1,503,mobileOG_000271505,hin,WP_007215987.1,integration/excision,NA,immedb,Homology
"mobileOG_000272218|repA|EJW99731.1|replication/recombination/repair|initiation,copy",IFBJBKOH_04023,100,274,131,4.21e-96,-,1,131,1,131,mobileOG_000272218,repA,EJW99731.1,replication/recombination/repair,"initiation,copy",,
"mobileOG_000271661|repA|A0A3R6KFA2|replication/recombination/repair|initiation,copy",IFBJBKOH_04023,93.8,261,130,4.55e-91,-,1,130,1,130,mobileOG_000271661,repA,A0A3R6KFA2,replication/recombination/repair,"initiation,copy",,
"mobileOG_000268565|repA|A0A1Y3RDZ5|replication/recombination/repair|initiation,copy",IFBJBKOH_04023,92.4,258,131,1.53e-89,-,1,131,1,131,mobileOG_000268565,repA,A0A1Y3RDZ5,replication/recombination/repair,"initiation,copy",,
"mobileOG_000103900|repA|A0A373C7M1|replication/recombination/repair|initiation,copy",IFBJBKOH_04023,92.4,257,131,3.08e-89,-,1,131,1,131,mobileOG_000103900,repA,A0A373C7M1,replication/recombination/repair,"initiation,copy",,
"mobileOG_000273254|repA|A0A5M9HTZ1|replication/recombination/repair|initiation,copy",IFBJBKOH_04023,92.4,256,131,4.38e-89,-,1,131,1,131,mobileOG_000273254,repA,A0A5M9HTZ1,replication/recombination/repair,"initiation,copy",,
"mobileOG_000273346|repA|A0A174XPW8|replication/recombination/repair|initiation,copy",IFBJBKOH_04023,93.1,256,130,4.38e-89,-,1,130,1,130,mobileOG_000273346,repA,A0A174XPW8,replication/recombination/repair,"initiation,copy",,
"mobileOG_000270026|repA|A0A3E3DFG9|replication/recombination/repair|initiation,copy",IFBJBKOH_04023,92.3,254,130,3.60e-88,-,1,130,1,130,mobileOG_000270026,repA,A0A3E3DFG9,replication/recombination/repair,"initiation,copy",,
"mobileOG_000210327|repA|A0A373C8S7|replication/recombination/repair|initiation,copy",IFBJBKOH_04023,92.3,253,130,7.27e-88,-,1,130,1,130,mobileOG_000210327,repA,A0A373C8S7,replication/recombination/repair,"initiation,copy",,
"mobileOG_000273868|repA|A0A174KRF6|replication/recombination/repair|initiation,copy",IFBJBKOH_04023,91.5,252,130,2.08e-87,-,1,130,1,130,mobileOG_000273868,repA,A0A174KRF6,replication/recombination/repair,"initiation,copy",,
"mobileOG_000273344|repA|A0A417XN30|replication/recombination/repair|initiation,copy",IFBJBKOH_04023,91.5,252,130,2.96e-87,-,1,130,1,130,mobileOG_000273344,repA,A0A417XN30,replication/recombination/repair,"initiation,copy",,
"mobileOG_000273423|repA|A0A416Z7S3|replication/recombination/repair|initiation,copy",IFBJBKOH_04023,93.0,251,128,5.98e-87,-,1,128,1,128,mobileOG_000273423,repA,A0A416Z7S3,replication/recombination/repair,"initiation,copy",,
"mobileOG_000269888|repA|A0A0W7TSI3|replication/recombination/repair|initiation,copy",IFBJBKOH_04023,90.8,251,130,8.50e-87,-,1,130,1,130,mobileOG_000269888,repA,A0A0W7TSI3,replication/recombination/repair,"initiation,copy",,
"mobileOG_000270905|repA|A0A518NHZ1|replication/recombination/repair|initiation,copy",IFBJBKOH_04023,90.8,251,130,8.50e-87,-,1,130,1,130,mobileOG_000270905,repA,A0A518NHZ1,replication/recombination/repair,"initiation,copy",,
"mobileOG_000272140|repA|A0A373BZW5|replication/recombination/repair|initiation,copy",IFBJBKOH_04023,91.6,251,131,8.50e-87,-,1,131,1,131,mobileOG_000272140,repA,A0A373BZW5,replication/recombination/repair,"initiation,copy",,
"mobileOG_000273540|repA|A0A3E3DQK7|replication/recombination/repair|initiation,copy",IFBJBKOH_04023,91.5,250,130,1.21e-86,-,1,130,1,130,mobileOG_000273540,repA,A0A3E3DQK7,replication/recombination/repair,"initiation,copy",,
mobileOG_000091541|ltrA|A0A415KZB9|integration/excision|introns|GPD|Homology,IFBJBKOH_04173,96.8,432,216,2.36e-150,-,1,216,1,216,mobileOG_000091541,ltrA,A0A415KZB9,integration/excision,introns,GPD,Homology
mobileOG_000272199|ltrA|A0A1E3A4G5|integration/excision|introns|immedb|Homology,IFBJBKOH_04173,96.3,432,216,3.34e-150,-,1,216,1,216,mobileOG_000272199,ltrA,A0A1E3A4G5,integration/excision,introns,immedb,Homology
mobileOG_000271133|Tb_ORF38|C0FQU7|stability/transfer/defense|NA|immedb|Homology,IFBJBKOH_04179,91.6,494,263,6.44e-179,-,1,263,1,263,mobileOG_000271133,Tb_ORF38,C0FQU7,stability/transfer/defense,NA,immedb,Homology
mobileOG_000273597|ltrA|A0A412YRY2|integration/excision|introns|immedb|Homology,IFBJBKOH_04182,96.2,1202,610,0.0,-,1,610,1,610,mobileOG_000273597,ltrA,A0A412YRY2,integration/excision,introns,immedb,Homology
mobileOG_000268805|orf23|A0A416RXD4|integration/excision|NA|ICE|Homology,IFBJBKOH_04378,91.7,204,108,6.31e-69,-,1,108,1,108,mobileOG_000268805,orf23,A0A416RXD4,integration/excision,NA,ICE,Homology
mobileOG_000267226|orf23|Q18DB8|integration/excision|NA|ICE|Homology,IFBJBKOH_04378,91.7,203,108,1.27e-68,-,1,108,1,108,mobileOG_000267226,orf23,Q18DB8,integration/excision,NA,ICE,Homology
mobileOG_000177324|ndoA_1|A0A174CW55|stability/transfer/defense|NA|GPD|Homology,IFBJBKOH_04574,98.6,274,142,9.60e-96,-,1,142,1,142,mobileOG_000177324,ndoA_1,A0A174CW55,stability/transfer/defense,NA,GPD,Homology
mobileOG_000005172|uvrA|A0A3R6UAK1|replication/recombination/repair|NA|GPD|Manual,IFBJBKOH_04970,91.7,1748,940,0.0,-,1,940,1,940,mobileOG_000005172,uvrA,A0A3R6UAK1,replication/recombination/repair,NA,GPD,Manual
mobileOG_000172968|xis|A0A395ZYG7|integration/excision|replication/recombination/repair|Multiple|Homology,IFBJBKOH_05018,93.0,107,57,6.77e-32,-,1,57,1,57,mobileOG_000172968,xis,A0A395ZYG7,integration/excision,replication/recombination/repair,Multiple,Homology
mobileOG_000260968|xis|R5H9Q5|integration/excision|replication/recombination/repair|GPD|Homology,IFBJBKOH_05018,91.2,105,57,2.76e-31,-,1,57,1,57,mobileOG_000260968,xis,R5H9Q5,integration/excision,replication/recombination/repair,GPD,Homology
mobileOG_000122849|xis|R5H9Q5|integration/excision|replication/recombination/repair|GPD|Homology,IFBJBKOH_05018,91.2,105,57,3.15e-31,-,1,57,1,57,mobileOG_000122849,xis,R5H9Q5,integration/excision,replication/recombination/repair,GPD,Homology
mobileOG_000208826|xerD_1|A0A3E5A628|integration/excision|replication/recombination/repair|GPD|Homology,IFBJBKOH_05022,92.7,549,287,3.93e-198,-,76,303,17,362,mobileOG_000208826,xerD_1,A0A3E5A628,integration/excision,replication/recombination/repair,GPD,Homology
mobileOG_000115880|xerD_1|A0A176UA54|integration/excision|replication/recombination/repair|GPD|Homology,IFBJBKOH_05022,92.0,548,287,7.93e-198,-,76,303,17,362,mobileOG_000115880,xerD_1,A0A176UA54,integration/excision,replication/recombination/repair,GPD,Homology
mobileOG_000206033|xerD_1|A0A4Q5C8T0|integration/excision|replication/recombination/repair|GPD|Homology,IFBJBKOH_05022,92.3,548,287,1.13e-197,-,76,303,17,362,mobileOG_000206033,xerD_1,A0A4Q5C8T0,integration/excision,replication/recombination/repair,GPD,Homology
mobileOG_000224832|xerD_1|A0A3E5A628|integration/excision|replication/recombination/repair|GPD|Homology,IFBJBKOH_05022,92.3,547,287,1.60e-197,-,76,303,17,362,mobileOG_000224832,xerD_1,A0A3E5A628,integration/excision,replication/recombination/repair,GPD,Homology
mobileOG_000194697|xerD_1|A0A412KPY1|integration/excision|replication/recombination/repair|GPD|Homology,IFBJBKOH_05022,92.0,546,287,3.22e-197,-,76,303,17,362,mobileOG_000194697,xerD_1,A0A412KPY1,integration/excision,replication/recombination/repair,GPD,Homology
mobileOG_000172969|xerD_1|A0A396FWL8|integration/excision|replication/recombination/repair|Multiple|Homology,IFBJBKOH_05022,90.9,538,287,7.22e-194,-,76,303,17,362,mobileOG_000172969,xerD_1,A0A396FWL8,integration/excision,replication/recombination/repair,Multiple,Homology
mobileOG_000134556|xerD_1|A0A396FWL8|integration/excision|replication/recombination/repair|GPD|Homology,IFBJBKOH_05022,90.9,538,287,7.22e-194,-,76,303,17,362,mobileOG_000134556,xerD_1,A0A396FWL8,integration/excision,replication/recombination/repair,GPD,Homology
mobileOG_000273335|tndX|A0A0E2H5F3|integration/excision|NA|immedb|Homology,IFBJBKOH_05068,90.9,1118,626,0.0,-,1,626,1,626,mobileOG_000273335,tndX,A0A0E2H5F3,integration/excision,NA,immedb,Homology
mobileOG_000273333|dnaD|A0A0E2H5D4|replication/recombination/repair|NA|immedb|Homology,IFBJBKOH_05088,91.4,127,70,2.17e-37,-,22,70,1,91,mobileOG_000273333,dnaD,A0A0E2H5D4,replication/recombination/repair,NA,immedb,Homology
mobileOG_000007159|tnpA|A0A174L5S9|integration/excision|NA|GPD|Manual,IFBJBKOH_05127,95.5,275,134,8.12e-96,-,1,134,1,134,mobileOG_000007159,tnpA,A0A174L5S9,integration/excision,NA,GPD,Manual
mobileOG_000285480|ltrA|A0A373CHK7|integration/excision|introns|Multiple|Homology,IFBJBKOH_05402,95.2,122,63,1.25e-33,-,1,63,1,63,mobileOG_000285480,ltrA,A0A373CHK7,integration/excision,introns,Multiple,Homology
mobileOG_000167307|tndX|A0A414EG20|integration/excision|NA|Multiple|Homology,IFBJBKOH_05419,91.1,974,540,0.0,-,1,540,1,540,mobileOG_000167307,tndX,A0A414EG20,integration/excision,NA,Multiple,Homology
mobileOG_000007159|tnpA|A0A174L5S9|integration/excision|NA|GPD|Manual,IFBJBKOH_05500,95.5,273,134,2.33e-95,-,1,134,1,134,mobileOG_000007159,tnpA,A0A174L5S9,integration/excision,NA,GPD,Manual
mobileOG_000205702|hicB|A0A227L9B9|stability/transfer/defense|NA|GPD|Homology,IFBJBKOH_06076,98.5,264,132,4.20e-92,-,1,132,1,132,mobileOG_000205702,hicB,A0A227L9B9,stability/transfer/defense,NA,GPD,Homology
mobileOG_000076704|hicB|A0A227L9B9|stability/transfer/defense|NA|GPD|Homology,IFBJBKOH_06076,93.2,252,132,3.19e-87,-,1,132,1,132,mobileOG_000076704,hicB,A0A227L9B9,stability/transfer/defense,NA,GPD,Homology
mobileOG_000150860|uvrC|N9Z561|replication/recombination/repair|NA|GPD|Homology,IFBJBKOH_06155,93.0,1208,659,0.0,-,1,647,1,659,mobileOG_000150860,uvrC,N9Z561,replication/recombination/repair,NA,GPD,Homology
mobileOG_000150861|dnaE|A8RX62|replication/recombination/repair|NA|GPD|Homology,IFBJBKOH_06161,98.7,2283,1161,0.0,-,1,1161,1,1161,mobileOG_000150861,dnaE,A8RX62,replication/recombination/repair,NA,GPD,Homology
mobileOG_000006806|ssbB|A0A174F1Z4|replication/recombination/repair|NA|GPD|Manual,IFBJBKOH_06217,96.3,251,136,1.23e-86,-,1,136,1,136,mobileOG_000006806,ssbB,A0A174F1Z4,replication/recombination/repair,NA,GPD,Manual
mobileOG_000231529|gyrB|A0A3R6SRZ0|replication/recombination/repair|transfer|Multiple|Homology,IFBJBKOH_06643,90.8,1187,639,0.0,-,1,639,1,639,mobileOG_000231529,gyrB,A0A3R6SRZ0,replication/recombination/repair,transfer,Multiple,Homology
mobileOG_000136972|gyrB|A0A3R6SRZ0|replication/recombination/repair|transfer|GPD|Homology,IFBJBKOH_06643,90.5,1185,639,0.0,-,1,639,1,639,mobileOG_000136972,gyrB,A0A3R6SRZ0,replication/recombination/repair,transfer,GPD,Homology
