Sequence	Cas_Cluster_Type	Cluster_Start	Cluster_End	Gene_Subtype	Gene_Start	Gene_End	Gene_Orientation
CP065314_1	CAS-TypeIC	4143728	4151290	cas3_TypeI	4143728	4145905	+
CP065314_1	CAS-TypeIC	4143728	4151290	cas5c_TypeIC	4145949	4146608	+
CP065314_1	CAS-TypeIC	4143728	4151290	cas8c_TypeIC	4146605	4148380	+
CP065314_1	CAS-TypeIC	4143728	4151290	cas7c_TypeIC	4148382	4149272	+
CP065314_1	CAS-TypeIC	4143728	4151290	cas4_TypeI-II	4149272	4149934	+
CP065314_1	CAS-TypeIC	4143728	4151290	cas1_TypeIC	4149931	4150962	+
CP065314_1	CAS-TypeIC	4143728	4151290	cas2_TypeI-II-III	4151000	4151290	+
CP065314_1	CAS-TypeIC	5307595	5313509	cas5c_TypeIC	5307595	5308257	+
CP065314_1	CAS-TypeIC	5307595	5313509	cas7c_TypeIC	5310427	5311317	+
CP065314_1	CAS-TypeIC	5307595	5313509	cas3_TypeI	5311317	5313509	+
