,Sequence Title,Query Title,Pident,Bitscore,Subject Sequence Length,e-value,Query Sequence Length,Start of Alignment in Subject,End of Alignment in Query,Start of Alignment in Query,End of Alignment in Query,mobileOG ID,Gene Name,Best Hit Accession ID,Major mobileOG Category,Minor mobileOG Category,Source Database,Evidence Type,Contig/ORF Name,ORF_Start_Stop_Strands,ORF_Start,ORF_End,Sense or Antisense Strand,Prodigal ID,Prodigal Designated Contigs,Unique_ORF,Partial Tag,Start Codon,RBS Motif,RBS Spacer,GC Content,Specific Contig,Final Sample Name
0,mobileOG_000353964|mutS2|WP_002303370.1|replication/recombination/repair|NA|Plasmid RefSeq|Homology,NZ_CP065317_1_4 # 2338 # 4704 # 1 # ID=1_4;partial=00;start_type=ATG;rbs_motif=AGxAGG/AGGxGG;rbs_spacer=5-10bp;gc_cont=0.390,75.8,1166.4,786,0.0,789,1,786,1,788,mobileOG_000353964,mutS2,WP_002303370.1,replication/recombination/repair,NA,Plasmid RefSeq,Homology,NZ_CP065317_1_4, 2338 # 4704 # 1 , 2338,4704,1 ,1_4,1,4,00,ATG,AGxAGG/AGGxGG,5-10bp,0.390,NZ_CP065317_1,mobileOG_000353964_NZ_CP065317_1
1,mobileOG_000334861|uvrC|WP_002303369.1|replication/recombination/repair|NA|Plasmid RefSeq|Homology,NZ_CP065317_1_6 # 5281 # 7077 # 1 # ID=1_6;partial=00;start_type=ATG;rbs_motif=AGGA;rbs_spacer=5-10bp;gc_cont=0.356,80.6,958.7,592,4.3e-278,599,1,592,1,591,mobileOG_000334861,uvrC,WP_002303369.1,replication/recombination/repair,NA,Plasmid RefSeq,Homology,NZ_CP065317_1_6, 5281 # 7077 # 1 , 5281,7077,1 ,1_6,1,6,00,ATG,AGGA,5-10bp,0.356,NZ_CP065317_1,mobileOG_000334861_NZ_CP065317_1
2,mobileOG_000325683|xerD|WP_002294386.1|integration/excision|replication/recombination/repair|Plasmid RefSeq|Homology,NZ_CP065317_1_66 # 71483 # 72373 # 1 # ID=1_66;partial=00;start_type=ATG;rbs_motif=GGAG/GAGG;rbs_spacer=5-10bp;gc_cont=0.388,75.3,464.9,295,9.600000000000001e-130,297,1,295,1,296,mobileOG_000325683,xerD,WP_002294386.1,integration/excision,replication/recombination/repair,Plasmid RefSeq,Homology,NZ_CP065317_1_66, 71483 # 72373 # 1 , 71483,72373,1 ,1_66,1,66,00,ATG,GGAG/GAGG,5-10bp,0.388,NZ_CP065317_1,mobileOG_000325683_NZ_CP065317_1
3,mobileOG_000278536|hup|WP_002290178.1|replication/recombination/repair|integration/excision|Plasmid RefSeq|Homology,NZ_CP065317_1_79 # 84575 # 84850 # 1 # ID=1_79;partial=00;start_type=ATG;rbs_motif=AGGAG/GGAGG;rbs_spacer=11-12bp;gc_cont=0.384,90.1,155.6,91,3.8e-37,92,1,91,1,91,mobileOG_000278536,hup,WP_002290178.1,replication/recombination/repair,integration/excision,Plasmid RefSeq,Homology,NZ_CP065317_1_79, 84575 # 84850 # 1 , 84575,84850,1 ,1_79,1,79,00,ATG,AGGAG/GGAGG,11-12bp,0.384,NZ_CP065317_1,mobileOG_000278536_NZ_CP065317_1
4,"mobileOG_000334083|thyA|WP_002294416.1|phage|replication,infection,regulation|Plasmid RefSeq|Homology",NZ_CP065317_1_104 # 108436 # 109383 # 1 # ID=1_104;partial=00;start_type=ATG;rbs_motif=GGAGG;rbs_spacer=5-10bp;gc_cont=0.388,81.6,554.7,315,9.800000000000001e-157,316,1,315,1,315,mobileOG_000334083,thyA,WP_002294416.1,phage,"replication,infection,regulation",Plasmid RefSeq,Homology,NZ_CP065317_1_104, 108436 # 109383 # 1 , 108436,109383,1 ,1_104,1,104,00,ATG,GGAGG,5-10bp,0.388,NZ_CP065317_1,mobileOG_000334083_NZ_CP065317_1
5,"mobileOG_000289861|lexA|WP_002296572.1|phage|infection,regulation|Plasmid RefSeq|Homology",NZ_CP065317_1_107 # 111102 # 111731 # -1 # ID=1_107;partial=00;start_type=GTG;rbs_motif=None;rbs_spacer=None;gc_cont=0.408,79.1,332.0,207,6.8e-90,210,1,206,4,209,mobileOG_000289861,lexA,WP_002296572.1,phage,"infection,regulation",Plasmid RefSeq,Homology,NZ_CP065317_1_107, 111102 # 111731 # -1 , 111102,111731,-1 ,1_107,1,107,00,GTG,None,None,0.408,NZ_CP065317_1,mobileOG_000289861_NZ_CP065317_1
6,mobileOG_000741744|NA:Keyword|WP_087548799.1|integration/excision|NA|Multiple|Keyword Search,NZ_CP065317_1_126 # 131332 # 132324 # 1 # ID=1_126;partial=00;start_type=ATG;rbs_motif=AGGAG;rbs_spacer=5-10bp;gc_cont=0.399,99.4,657.1,330,1.5e-187,331,1,330,1,330,mobileOG_000741744,NA:Keyword,WP_087548799.1,integration/excision,NA,Multiple,Keyword Search,NZ_CP065317_1_126, 131332 # 132324 # 1 , 131332,132324,1 ,1_126,1,126,00,ATG,AGGAG,5-10bp,0.399,NZ_CP065317_1,mobileOG_000741744_NZ_CP065317_1
7,mobileOG_000353780|parC|WP_002303213.1|replication/recombination/repair|stability/transfer/defense|Plasmid RefSeq|Homology,NZ_CP065317_1_142 # 153168 # 155639 # -1 # ID=1_142;partial=00;start_type=GTG;rbs_motif=GGA/GAG/AGG;rbs_spacer=5-10bp;gc_cont=0.381,78.8,1290.4,816,0.0,824,1,815,4,818,mobileOG_000353780,parC,WP_002303213.1,replication/recombination/repair,stability/transfer/defense,Plasmid RefSeq,Homology,NZ_CP065317_1_142, 153168 # 155639 # -1 , 153168,155639,-1 ,1_142,1,142,00,GTG,GGA/GAG/AGG,5-10bp,0.381,NZ_CP065317_1,mobileOG_000353780_NZ_CP065317_1
8,mobileOG_000353781|gyrB|WP_002303746.1|replication/recombination/repair|transfer|Plasmid RefSeq|Homology,NZ_CP065317_1_143 # 155643 # 157700 # -1 # ID=1_143;partial=00;start_type=TTG;rbs_motif=AGGAG;rbs_spacer=5-10bp;gc_cont=0.404,87.6,1129.4,681,0.0,686,1,681,1,685,mobileOG_000353781,gyrB,WP_002303746.1,replication/recombination/repair,transfer,Plasmid RefSeq,Homology,NZ_CP065317_1_143, 155643 # 157700 # -1 , 155643,157700,-1 ,1_143,1,143,00,TTG,AGGAG,5-10bp,0.404,NZ_CP065317_1,mobileOG_000353781_NZ_CP065317_1
9,mobileOG_000349232|xerC|WP_002288415.1|integration/excision|replication/recombination/repair|Plasmid RefSeq|Homology,NZ_CP065317_1_172 # 182038 # 182937 # -1 # ID=1_172;partial=00;start_type=ATG;rbs_motif=AGGAG;rbs_spacer=5-10bp;gc_cont=0.363,73.1,453.4,301,2.9000000000000002e-126,300,1,301,1,299,mobileOG_000349232,xerC,WP_002288415.1,integration/excision,replication/recombination/repair,Plasmid RefSeq,Homology,NZ_CP065317_1_172, 182038 # 182937 # -1 , 182038,182937,-1 ,1_172,1,172,00,ATG,AGGAG,5-10bp,0.363,NZ_CP065317_1,mobileOG_000349232_NZ_CP065317_1
10,mobileOG_000024564|topA|A0A0D6HS19|replication/recombination/repair|NA|Plasmid RefSeq|Manual,NZ_CP065317_1_174 # 184564 # 186642 # -1 # ID=1_174;partial=00;start_type=ATG;rbs_motif=AGGAG;rbs_spacer=5-10bp;gc_cont=0.399,66.4,895.2,691,6.7e-259,693,7,653,6,654,mobileOG_000024564,topA,A0A0D6HS19,replication/recombination/repair,NA,Plasmid RefSeq,Manual,NZ_CP065317_1_174, 184564 # 186642 # -1 , 184564,186642,-1 ,1_174,1,174,00,ATG,AGGAG,5-10bp,0.399,NZ_CP065317_1,mobileOG_000024564_NZ_CP065317_1
11,mobileOG_000328252|rnhB|WP_002296990.1|replication/recombination/repair|NA|Plasmid RefSeq|Homology,NZ_CP065317_1_178 # 188495 # 189262 # -1 # ID=1_178;partial=00;start_type=ATG;rbs_motif=AGGAG;rbs_spacer=5-10bp;gc_cont=0.389,63.5,305.1,255,1.1e-81,256,3,251,4,252,mobileOG_000328252,rnhB,WP_002296990.1,replication/recombination/repair,NA,Plasmid RefSeq,Homology,NZ_CP065317_1_178, 188495 # 189262 # -1 , 188495,189262,-1 ,1_178,1,178,00,ATG,AGGAG,5-10bp,0.389,NZ_CP065317_1,mobileOG_000328252_NZ_CP065317_1
12,mobileOG_000324787|nfo|WP_002305585.1|replication/recombination/repair|NA|Plasmid RefSeq|Homology,NZ_CP065317_1_259 # 265503 # 266396 # -1 # ID=1_259;partial=00;start_type=ATG;rbs_motif=AGGAG;rbs_spacer=5-10bp;gc_cont=0.381,77.8,464.2,300,1.5999999999999998e-129,298,1,293,1,293,mobileOG_000324787,nfo,WP_002305585.1,replication/recombination/repair,NA,Plasmid RefSeq,Homology,NZ_CP065317_1_259, 265503 # 266396 # -1 , 265503,266396,-1 ,1_259,1,259,00,ATG,AGGAG,5-10bp,0.381,NZ_CP065317_1,mobileOG_000324787_NZ_CP065317_1
13,"mobileOG_000325682|clpX|WP_002288492.1|phage|replication,chaperone|Plasmid RefSeq|Homology",NZ_CP065317_1_369 # 376887 # 378140 # -1 # ID=1_369;partial=00;start_type=ATG;rbs_motif=GGAG/GAGG;rbs_spacer=5-10bp;gc_cont=0.355,88.5,723.0,416,2.7e-207,418,1,415,1,416,mobileOG_000325682,clpX,WP_002288492.1,phage,"replication,chaperone",Plasmid RefSeq,Homology,NZ_CP065317_1_369, 376887 # 378140 # -1 , 376887,378140,-1 ,1_369,1,369,00,ATG,GGAG/GAGG,5-10bp,0.355,NZ_CP065317_1,mobileOG_000325682_NZ_CP065317_1
14,mobileOG_000071418|int|WP_081144405.1|integration/excision|NA|Multiple|Homology,NZ_CP065317_1_377 # 385639 # 386598 # 1 # ID=1_377;partial=00;start_type=ATG;rbs_motif=AGGAG/GGAGG;rbs_spacer=11-12bp;gc_cont=0.364,100.0,659.4,319,2.9e-188,320,1,319,1,319,mobileOG_000071418,int,WP_081144405.1,integration/excision,NA,Multiple,Homology,NZ_CP065317_1_377, 385639 # 386598 # 1 , 385639,386598,1 ,1_377,1,377,00,ATG,AGGAG/GGAGG,11-12bp,0.364,NZ_CP065317_1,mobileOG_000071418_NZ_CP065317_1
15,mobileOG_000193644|rarA|D4EYB2|replication/recombination/repair|NA|GPD|Homology,NZ_CP065317_1_425 # 436570 # 437847 # 1 # ID=1_425;partial=00;start_type=ATG;rbs_motif=AGGAG;rbs_spacer=5-10bp;gc_cont=0.424,99.8,832.4,425,3.2999999999999996e-240,426,1,425,1,425,mobileOG_000193644,rarA,D4EYB2,replication/recombination/repair,NA,GPD,Homology,NZ_CP065317_1_425, 436570 # 437847 # 1 , 436570,437847,1 ,1_425,1,425,00,ATG,AGGAG,5-10bp,0.424,NZ_CP065317_1,mobileOG_000193644_NZ_CP065317_1
16,mobileOG_000555805|NA:Keyword|A0A125WA04|stability/transfer/defense|NA|GPD|Keyword Search,NZ_CP065317_1_429 # 440565 # 441536 # -1 # ID=1_429;partial=00;start_type=ATG;rbs_motif=AGGA/GGAG/GAGG;rbs_spacer=11-12bp;gc_cont=0.360,99.4,634.0,335,1.3000000000000002e-180,324,13,335,1,323,mobileOG_000555805,NA:Keyword,A0A125WA04,stability/transfer/defense,NA,GPD,Keyword Search,NZ_CP065317_1_429, 440565 # 441536 # -1 , 440565,441536,-1 ,1_429,1,429,00,ATG,AGGA/GGAG/GAGG,11-12bp,0.360,NZ_CP065317_1,mobileOG_000555805_NZ_CP065317_1
17,mobileOG_000239756|comG6|A0A1J6XHE9|transfer|competence|GPD|Homology,NZ_CP065317_1_431 # 442054 # 442488 # -1 # ID=1_431;partial=00;start_type=TTG;rbs_motif=AGGAG;rbs_spacer=5-10bp;gc_cont=0.310,100.0,287.0,144,1.7e-76,145,1,144,1,144,mobileOG_000239756,comG6,A0A1J6XHE9,transfer,competence,GPD,Homology,NZ_CP065317_1_431, 442054 # 442488 # -1 , 442054,442488,-1 ,1_431,1,431,00,TTG,AGGAG,5-10bp,0.310,NZ_CP065317_1,mobileOG_000239756_NZ_CP065317_1
18,mobileOG_000419858|NA:Keyword|A0A1F0YF63|transfer|competence|GPD|Keyword Search,NZ_CP065317_1_434 # 443213 # 443488 # -1 # ID=1_434;partial=00;start_type=ATG;rbs_motif=AGGAG;rbs_spacer=5-10bp;gc_cont=0.304,62.7,83.6,89,1.9e-15,92,1,75,15,88,mobileOG_000419858,NA:Keyword,A0A1F0YF63,transfer,competence,GPD,Keyword Search,NZ_CP065317_1_434, 443213 # 443488 # -1 , 443213,443488,-1 ,1_434,1,434,00,ATG,AGGAG,5-10bp,0.304,NZ_CP065317_1,mobileOG_000419858_NZ_CP065317_1
19,mobileOG_000557875|NA:Keyword|A0A0M2AU62|transfer|competence|GPD|Keyword Search,NZ_CP065317_1_435 # 443488 # 444534 # -1 # ID=1_435;partial=00;start_type=ATG;rbs_motif=GGA/GAG/AGG;rbs_spacer=5-10bp;gc_cont=0.360,99.4,652.9,348,2.9e-186,349,1,348,1,348,mobileOG_000557875,NA:Keyword,A0A0M2AU62,transfer,competence,GPD,Keyword Search,NZ_CP065317_1_435, 443488 # 444534 # -1 , 443488,444534,-1 ,1_435,1,435,00,ATG,GGA/GAG/AGG,5-10bp,0.360,NZ_CP065317_1,mobileOG_000557875_NZ_CP065317_1
20,mobileOG_000163570|tadA|A0A1G1SF73|transfer|competence|GPD|Homology,NZ_CP065317_1_436 # 444491 # 445459 # -1 # ID=1_436;partial=00;start_type=ATG;rbs_motif=GGAG/GAGG;rbs_spacer=5-10bp;gc_cont=0.404,100.0,645.2,322,5.6e-184,323,1,322,1,322,mobileOG_000163570,tadA,A0A1G1SF73,transfer,competence,GPD,Homology,NZ_CP065317_1_436, 444491 # 445459 # -1 , 444491,445459,-1 ,1_436,1,436,00,ATG,GGAG/GAGG,5-10bp,0.404,NZ_CP065317_1,mobileOG_000163570_NZ_CP065317_1
21,mobileOG_000184209|ftsK|A0A4V0DEG1|replication/recombination/repair|conjugation|GPD|Homology,NZ_CP065317_1_442 # 452034 # 454457 # -1 # ID=1_442;partial=00;start_type=ATG;rbs_motif=GGAG/GAGG;rbs_spacer=5-10bp;gc_cont=0.415,100.0,1348.6,807,0.0,808,1,807,1,807,mobileOG_000184209,ftsK,A0A4V0DEG1,replication/recombination/repair,conjugation,GPD,Homology,NZ_CP065317_1_442, 452034 # 454457 # -1 , 452034,454457,-1 ,1_442,1,442,00,ATG,GGAG/GAGG,5-10bp,0.415,NZ_CP065317_1,mobileOG_000184209_NZ_CP065317_1
22,mobileOG_000163499|topB|E6ICX1|replication/recombination/repair|NA|GPD|Homology,NZ_CP065317_1_451 # 465839 # 468088 # -1 # ID=1_451;partial=00;start_type=TTG;rbs_motif=None;rbs_spacer=None;gc_cont=0.378,99.7,1461.4,749,0.0,750,1,749,1,749,mobileOG_000163499,topB,E6ICX1,replication/recombination/repair,NA,GPD,Homology,NZ_CP065317_1_451, 465839 # 468088 # -1 , 465839,468088,-1 ,1_451,1,451,00,TTG,None,None,0.378,NZ_CP065317_1,mobileOG_000163499_NZ_CP065317_1
23,mobileOG_000012700|clpB|A0A1B4XQ88|replication/recombination/repair|chaperone|GPD|Manual,NZ_CP065317_1_581 # 620054 # 622660 # -1 # ID=1_581;partial=00;start_type=ATG;rbs_motif=GGAGG;rbs_spacer=5-10bp;gc_cont=0.369,99.9,1615.1,868,0.0,869,1,868,1,868,mobileOG_000012700,clpB,A0A1B4XQ88,replication/recombination/repair,chaperone,GPD,Manual,NZ_CP065317_1_581, 620054 # 622660 # -1 , 620054,622660,-1 ,1_581,1,581,00,ATG,GGAGG,5-10bp,0.369,NZ_CP065317_1,mobileOG_000012700_NZ_CP065317_1
24,mobileOG_000163423|polC|A0A1B4XQB2|replication/recombination/repair|NA|GPD|Homology,NZ_CP065317_1_598 # 641388 # 645743 # -1 # ID=1_598;partial=00;start_type=GTG;rbs_motif=AGGAG;rbs_spacer=5-10bp;gc_cont=0.394,99.9,2862.4,1451,0.0,1452,1,1451,1,1451,mobileOG_000163423,polC,A0A1B4XQB2,replication/recombination/repair,NA,GPD,Homology,NZ_CP065317_1_598, 641388 # 645743 # -1 , 641388,645743,-1 ,1_598,1,598,00,GTG,AGGAG,5-10bp,0.394,NZ_CP065317_1,mobileOG_000163423_NZ_CP065317_1
25,"mobileOG_000347858|35|WP_002295503.1|replication/recombination/repair|competence,dispensible|Plasmid RefSeq|Homology",NZ_CP065317_1_660 # 708933 # 709436 # -1 # ID=1_660;partial=00;start_type=ATG;rbs_motif=AGGAG;rbs_spacer=5-10bp;gc_cont=0.393,75.8,247.7,179,1.4e-64,168,23,171,2,150,mobileOG_000347858,35,WP_002295503.1,replication/recombination/repair,"competence,dispensible",Plasmid RefSeq,Homology,NZ_CP065317_1_660, 708933 # 709436 # -1 , 708933,709436,-1 ,1_660,1,660,00,ATG,AGGAG,5-10bp,0.393,NZ_CP065317_1,mobileOG_000347858_NZ_CP065317_1
26,mobileOG_000328324|recQ|WP_002288736.1|replication/recombination/repair|NA|Plasmid RefSeq|Homology,NZ_CP065317_1_671 # 719619 # 721388 # -1 # ID=1_671;partial=00;start_type=ATG;rbs_motif=GGAG/GAGG;rbs_spacer=5-10bp;gc_cont=0.378,60.8,731.9,590,8.3e-210,590,1,581,4,582,mobileOG_000328324,recQ,WP_002288736.1,replication/recombination/repair,NA,Plasmid RefSeq,Homology,NZ_CP065317_1_671, 719619 # 721388 # -1 , 719619,721388,-1 ,1_671,1,671,00,ATG,GGAG/GAGG,5-10bp,0.378,NZ_CP065317_1,mobileOG_000328324_NZ_CP065317_1
27,mobileOG_000468574|NA:Keyword|A0A2V2FLK4|phage|NA|GPD|Keyword Search,NZ_CP065317_1_688 # 740929 # 742161 # 1 # ID=1_688;partial=00;start_type=ATG;rbs_motif=AGGAG;rbs_spacer=5-10bp;gc_cont=0.392,63.7,426.0,528,6.800000000000001e-118,411,1,374,1,370,mobileOG_000468574,NA:Keyword,A0A2V2FLK4,phage,NA,GPD,Keyword Search,NZ_CP065317_1_688, 740929 # 742161 # 1 , 740929,742161,1 ,1_688,1,688,00,ATG,AGGAG,5-10bp,0.392,NZ_CP065317_1,mobileOG_000468574_NZ_CP065317_1
28,mobileOG_000034805|tnp|WP_002354485.1|integration/excision|NA|Multiple|Homology,NZ_CP065317_1_695 # 747942 # 748622 # 1 # ID=1_695;partial=00;start_type=ATG;rbs_motif=AGGAG;rbs_spacer=5-10bp;gc_cont=0.373,100.0,462.2,226,4.6999999999999995e-129,227,1,226,1,226,mobileOG_000034805,tnp,WP_002354485.1,integration/excision,NA,Multiple,Homology,NZ_CP065317_1_695, 747942 # 748622 # 1 , 747942,748622,1 ,1_695,1,695,00,ATG,AGGAG,5-10bp,0.373,NZ_CP065317_1,mobileOG_000034805_NZ_CP065317_1
29,mobileOG_000057816|soj_2|WP_002360664.1|replication/recombination/repair|transfer|Multiple|Homology,NZ_CP065317_1_699 # 749385 # 750167 # -1 # ID=1_699;partial=00;start_type=ATG;rbs_motif=AGGAG;rbs_spacer=5-10bp;gc_cont=0.337,99.6,503.8,260,1.5999999999999998e-141,261,1,260,1,260,mobileOG_000057816,soj_2,WP_002360664.1,replication/recombination/repair,transfer,Multiple,Homology,NZ_CP065317_1_699, 749385 # 750167 # -1 , 749385,750167,-1 ,1_699,1,699,00,ATG,AGGAG,5-10bp,0.337,NZ_CP065317_1,mobileOG_000057816_NZ_CP065317_1
30,"mobileOG_000405740|NA:Keyword|WP_002360665.1|replication/recombination/repair|initiation,copy number control,plasmid|COMPASS|Keyword Search",NZ_CP065317_1_700 # 750421 # 750696 # -1 # ID=1_700;partial=00;start_type=ATG;rbs_motif=None;rbs_spacer=None;gc_cont=0.370,97.8,177.6,98,9.500000000000001e-44,92,7,98,1,91,mobileOG_000405740,NA:Keyword,WP_002360665.1,replication/recombination/repair,"initiation,copy number control,plasmid",COMPASS,Keyword Search,NZ_CP065317_1_700, 750421 # 750696 # -1 , 750421,750696,-1 ,1_700,1,700,00,ATG,None,None,0.370,NZ_CP065317_1,mobileOG_000405740_NZ_CP065317_1
31,"mobileOG_000041148|bin3|WP_000238804.1|integration/excision|replication,inversion|Multiple|Homology",NZ_CP065317_1_701 # 750750 # 751355 # -1 # ID=1_701;partial=00;start_type=ATG;rbs_motif=AGGAG;rbs_spacer=5-10bp;gc_cont=0.370,100.0,395.6,201,4.9e-109,202,1,201,1,201,mobileOG_000041148,bin3,WP_000238804.1,integration/excision,"replication,inversion",Multiple,Homology,NZ_CP065317_1_701, 750750 # 751355 # -1 , 750750,751355,-1 ,1_701,1,701,00,ATG,AGGAG,5-10bp,0.370,NZ_CP065317_1,mobileOG_000041148_NZ_CP065317_1
32,mobileOG_000745884|NA:Keyword|WP_012579110.1|integration/excision|NA|Multiple|Keyword Search,NZ_CP065317_1_702 # 751486 # 754458 # 1 # ID=1_702;partial=00;start_type=ATG;rbs_motif=4Base/6BMM;rbs_spacer=13-15bp;gc_cont=0.298,99.9,1950.6,990,0.0,991,1,990,1,990,mobileOG_000745884,NA:Keyword,WP_012579110.1,integration/excision,NA,Multiple,Keyword Search,NZ_CP065317_1_702, 751486 # 754458 # 1 , 751486,754458,1 ,1_702,1,702,00,ATG,4Base/6BMM,13-15bp,0.298,NZ_CP065317_1,mobileOG_000745884_NZ_CP065317_1
33,mobileOG_000307452|NA|WP_025188285.1|integration/excision|NA|Multiple|Homology,NZ_CP065317_1_709 # 758468 # 759088 # -1 # ID=1_709;partial=00;start_type=ATG;rbs_motif=None;rbs_spacer=None;gc_cont=0.346,100.0,392.5,206,4.2e-108,207,1,206,1,206,mobileOG_000307452,NA,WP_025188285.1,integration/excision,NA,Multiple,Homology,NZ_CP065317_1_709, 758468 # 759088 # -1 , 758468,759088,-1 ,1_709,1,709,00,ATG,None,None,0.346,NZ_CP065317_1,mobileOG_000307452_NZ_CP065317_1
34,mobileOG_000319769|nuc|WP_002400616.1|transfer|competence|Plasmid RefSeq|Homology,NZ_CP065317_1_730 # 772466 # 773050 # -1 # ID=1_730;partial=00;start_type=ATG;rbs_motif=AGGAG;rbs_spacer=5-10bp;gc_cont=0.412,96.9,374.0,194,1.5e-102,195,1,194,1,194,mobileOG_000319769,nuc,WP_002400616.1,transfer,competence,Plasmid RefSeq,Homology,NZ_CP065317_1_730, 772466 # 773050 # -1 , 772466,773050,-1 ,1_730,1,730,00,ATG,AGGAG,5-10bp,0.412,NZ_CP065317_1,mobileOG_000319769_NZ_CP065317_1
35,mobileOG_000060029|dnaJ_3|WP_002360775.1|replication/recombination/repair|NA|Multiple|Homology,NZ_CP065317_1_733 # 773827 # 774327 # -1 # ID=1_733;partial=00;start_type=ATG;rbs_motif=GGA/GAG/AGG;rbs_spacer=5-10bp;gc_cont=0.345,100.0,332.8,166,3.1999999999999996e-90,167,1,166,1,166,mobileOG_000060029,dnaJ_3,WP_002360775.1,replication/recombination/repair,NA,Multiple,Homology,NZ_CP065317_1_733, 773827 # 774327 # -1 , 773827,774327,-1 ,1_733,1,733,00,ATG,GGA/GAG/AGG,5-10bp,0.345,NZ_CP065317_1,mobileOG_000060029_NZ_CP065317_1
36,mobileOG_000034805|tnp|WP_002354485.1|integration/excision|NA|Multiple|Homology,NZ_CP065317_1_734 # 774530 # 775210 # 1 # ID=1_734;partial=00;start_type=ATG;rbs_motif=AGGAG;rbs_spacer=5-10bp;gc_cont=0.373,100.0,462.2,226,4.6999999999999995e-129,227,1,226,1,226,mobileOG_000034805,tnp,WP_002354485.1,integration/excision,NA,Multiple,Homology,NZ_CP065317_1_734, 774530 # 775210 # 1 , 774530,775210,1 ,1_734,1,734,00,ATG,AGGAG,5-10bp,0.373,NZ_CP065317_1,mobileOG_000034805_NZ_CP065317_1
37,mobileOG_000310964|tnp_2|WP_087548797.1|integration/excision|NA|Multiple|Homology,NZ_CP065317_1_748 # 785368 # 786699 # 1 # ID=1_748;partial=00;start_type=ATG;rbs_motif=AGGAG/GGAGG;rbs_spacer=11-12bp;gc_cont=0.385,96.6,866.3,443,2.1e-250,444,1,443,1,443,mobileOG_000310964,tnp_2,WP_087548797.1,integration/excision,NA,Multiple,Homology,NZ_CP065317_1_748, 785368 # 786699 # 1 , 785368,786699,1 ,1_748,1,748,00,ATG,AGGAG/GGAGG,11-12bp,0.385,NZ_CP065317_1,mobileOG_000310964_NZ_CP065317_1
38,mobileOG_000366982|NA|A0A2Z6BN93|integration/excision|NA|Plasmid RefSeq|Homology,NZ_CP065317_1_752 # 789174 # 789770 # 1 # ID=1_752;partial=00;start_type=TTG;rbs_motif=GGA/GAG/AGG;rbs_spacer=5-10bp;gc_cont=0.330,99.0,367.5,206,1.4e-100,199,9,206,1,198,mobileOG_000366982,NA,A0A2Z6BN93,integration/excision,NA,Plasmid RefSeq,Homology,NZ_CP065317_1_752, 789174 # 789770 # 1 , 789174,789770,1 ,1_752,1,752,00,TTG,GGA/GAG/AGG,5-10bp,0.330,NZ_CP065317_1,mobileOG_000366982_NZ_CP065317_1
39,mobileOG_000036568|NA|WP_011255117.1|integration/excision|NA|Multiple|Homology,NZ_CP065317_1_763 # 802392 # 802613 # 1 # ID=1_763;partial=00;start_type=GTG;rbs_motif=GGA/GAG/AGG;rbs_spacer=5-10bp;gc_cont=0.360,98.6,138.3,206,5.1e-32,74,134,206,1,73,mobileOG_000036568,NA,WP_011255117.1,integration/excision,NA,Multiple,Homology,NZ_CP065317_1_763, 802392 # 802613 # 1 , 802392,802613,1 ,1_763,1,763,00,GTG,GGA/GAG/AGG,5-10bp,0.360,NZ_CP065317_1,mobileOG_000036568_NZ_CP065317_1
40,mobileOG_000354922|umuC|WP_002367729.1|replication/recombination/repair|NA|Plasmid RefSeq|Homology,NZ_CP065317_1_768 # 804724 # 804924 # 1 # ID=1_768;partial=00;start_type=ATG;rbs_motif=AGGA/GGAG/GAGG;rbs_spacer=11-12bp;gc_cont=0.398,93.4,117.9,212,6.5e-26,67,1,61,1,61,mobileOG_000354922,umuC,WP_002367729.1,replication/recombination/repair,NA,Plasmid RefSeq,Homology,NZ_CP065317_1_768, 804724 # 804924 # 1 , 804724,804924,1 ,1_768,1,768,00,ATG,AGGA/GGAG/GAGG,11-12bp,0.398,NZ_CP065317_1,mobileOG_000354922_NZ_CP065317_1
41,mobileOG_000034805|tnp|WP_002354485.1|integration/excision|NA|Multiple|Homology,NZ_CP065317_1_769 # 805037 # 805717 # 1 # ID=1_769;partial=00;start_type=ATG;rbs_motif=AGGAG;rbs_spacer=5-10bp;gc_cont=0.373,100.0,462.2,226,4.6999999999999995e-129,227,1,226,1,226,mobileOG_000034805,tnp,WP_002354485.1,integration/excision,NA,Multiple,Homology,NZ_CP065317_1_769, 805037 # 805717 # 1 , 805037,805717,1 ,1_769,1,769,00,ATG,AGGAG,5-10bp,0.373,NZ_CP065317_1,mobileOG_000034805_NZ_CP065317_1
42,mobileOG_000071418|int|WP_081144405.1|integration/excision|NA|Multiple|Homology,NZ_CP065317_1_791 # 831366 # 832325 # 1 # ID=1_791;partial=00;start_type=ATG;rbs_motif=AGGAG/GGAGG;rbs_spacer=11-12bp;gc_cont=0.364,100.0,659.4,319,2.9e-188,320,1,319,1,319,mobileOG_000071418,int,WP_081144405.1,integration/excision,NA,Multiple,Homology,NZ_CP065317_1_791, 831366 # 832325 # 1 , 831366,832325,1 ,1_791,1,791,00,ATG,AGGAG/GGAGG,11-12bp,0.364,NZ_CP065317_1,mobileOG_000071418_NZ_CP065317_1
43,mobileOG_000006632|mecA|D4EWG0|transfer|competence|GPD|Manual,NZ_CP065317_1_802 # 843150 # 843812 # 1 # ID=1_802;partial=00;start_type=ATG;rbs_motif=GGAG/GAGG;rbs_spacer=5-10bp;gc_cont=0.344,100.0,422.5,220,4.1e-117,221,1,220,1,220,mobileOG_000006632,mecA,D4EWG0,transfer,competence,GPD,Manual,NZ_CP065317_1_802, 843150 # 843812 # 1 , 843150,843812,1 ,1_802,1,802,00,ATG,GGAG/GAGG,5-10bp,0.344,NZ_CP065317_1,mobileOG_000006632_NZ_CP065317_1
44,mobileOG_000599429|NA:Keyword|R3I0V7|transfer|competence|GPD|Keyword Search,NZ_CP065317_1_803 # 843901 # 845079 # 1 # ID=1_803;partial=00;start_type=ATG;rbs_motif=GGAG/GAGG;rbs_spacer=5-10bp;gc_cont=0.371,98.0,795.0,392,5.299999999999999e-229,393,1,392,1,392,mobileOG_000599429,NA:Keyword,R3I0V7,transfer,competence,GPD,Keyword Search,NZ_CP065317_1_803, 843901 # 845079 # 1 , 843901,845079,1 ,1_803,1,803,00,ATG,GGAG/GAGG,5-10bp,0.371,NZ_CP065317_1,mobileOG_000599429_NZ_CP065317_1
45,mobileOG_000261927|recD2|J5E2C0|transfer|conjugation|GPD|Homology,NZ_CP065317_1_815 # 855733 # 858342 # 1 # ID=1_815;partial=00;start_type=GTG;rbs_motif=AGGAG;rbs_spacer=5-10bp;gc_cont=0.389,99.5,1675.2,869,0.0,870,1,869,1,869,mobileOG_000261927,recD2,J5E2C0,transfer,conjugation,GPD,Homology,NZ_CP065317_1_815, 855733 # 858342 # 1 , 855733,858342,1 ,1_815,1,815,00,GTG,AGGAG,5-10bp,0.389,NZ_CP065317_1,mobileOG_000261927_NZ_CP065317_1
46,mobileOG_000071418|int|WP_081144405.1|integration/excision|NA|Multiple|Homology,NZ_CP065317_1_832 # 871790 # 872749 # -1 # ID=1_832;partial=00;start_type=ATG;rbs_motif=AGGAG/GGAGG;rbs_spacer=11-12bp;gc_cont=0.364,100.0,659.4,319,2.9e-188,320,1,319,1,319,mobileOG_000071418,int,WP_081144405.1,integration/excision,NA,Multiple,Homology,NZ_CP065317_1_832, 871790 # 872749 # -1 , 871790,872749,-1 ,1_832,1,832,00,ATG,AGGAG/GGAGG,11-12bp,0.364,NZ_CP065317_1,mobileOG_000071418_NZ_CP065317_1
47,mobileOG_000286638|rex|WP_002287746.1|stability/transfer/defense|phage defense|Plasmid RefSeq|Homology,NZ_CP065317_1_845 # 888232 # 888882 # 1 # ID=1_845;partial=00;start_type=GTG;rbs_motif=GGAGG;rbs_spacer=5-10bp;gc_cont=0.366,87.5,365.5,218,5.800000000000001e-100,217,1,208,1,208,mobileOG_000286638,rex,WP_002287746.1,stability/transfer/defense,phage defense,Plasmid RefSeq,Homology,NZ_CP065317_1_845, 888232 # 888882 # 1 , 888232,888882,1 ,1_845,1,845,00,GTG,GGAGG,5-10bp,0.366,NZ_CP065317_1,mobileOG_000286638_NZ_CP065317_1
48,mobileOG_000373545|groS|WP_002288862.1|phage|structural|Plasmid RefSeq|Homology,NZ_CP065317_1_848 # 890006 # 890290 # 1 # ID=1_848;partial=00;start_type=GTG;rbs_motif=GGAGG;rbs_spacer=5-10bp;gc_cont=0.382,81.9,150.2,94,1.6999999999999999e-35,95,1,94,1,94,mobileOG_000373545,groS,WP_002288862.1,phage,structural,Plasmid RefSeq,Homology,NZ_CP065317_1_848, 890006 # 890290 # 1 , 890006,890290,1 ,1_848,1,848,00,GTG,GGAGG,5-10bp,0.382,NZ_CP065317_1,mobileOG_000373545_NZ_CP065317_1
49,"mobileOG_000301553|groL|WP_002290607.1|phage|replication,chaperone|Plasmid RefSeq|Homology",NZ_CP065317_1_849 # 890348 # 891973 # 1 # ID=1_849;partial=00;start_type=ATG;rbs_motif=GGAG/GAGG;rbs_spacer=5-10bp;gc_cont=0.394,95.9,957.6,541,8.6e-278,542,1,541,1,541,mobileOG_000301553,groL,WP_002290607.1,phage,"replication,chaperone",Plasmid RefSeq,Homology,NZ_CP065317_1_849, 890348 # 891973 # 1 , 890348,891973,1 ,1_849,1,849,00,ATG,GGAG/GAGG,5-10bp,0.394,NZ_CP065317_1,mobileOG_000301553_NZ_CP065317_1
50,mobileOG_000071418|int|WP_081144405.1|integration/excision|NA|Multiple|Homology,NZ_CP065317_1_853 # 895513 # 896472 # 1 # ID=1_853;partial=00;start_type=ATG;rbs_motif=AGGAG/GGAGG;rbs_spacer=11-12bp;gc_cont=0.364,100.0,659.4,319,2.9e-188,320,1,319,1,319,mobileOG_000071418,int,WP_081144405.1,integration/excision,NA,Multiple,Homology,NZ_CP065317_1_853, 895513 # 896472 # 1 , 895513,896472,1 ,1_853,1,853,00,ATG,AGGAG/GGAGG,11-12bp,0.364,NZ_CP065317_1,mobileOG_000071418_NZ_CP065317_1
51,mobileOG_000071418|int|WP_081144405.1|integration/excision|NA|Multiple|Homology,NZ_CP065317_1_940 # 990143 # 991102 # -1 # ID=1_940;partial=00;start_type=ATG;rbs_motif=AGGAG/GGAGG;rbs_spacer=11-12bp;gc_cont=0.364,100.0,659.4,319,2.9e-188,320,1,319,1,319,mobileOG_000071418,int,WP_081144405.1,integration/excision,NA,Multiple,Homology,NZ_CP065317_1_940, 990143 # 991102 # -1 , 990143,991102,-1 ,1_940,1,940,00,ATG,AGGAG/GGAGG,11-12bp,0.364,NZ_CP065317_1,mobileOG_000071418_NZ_CP065317_1
52,mobileOG_000034805|tnp|WP_002354485.1|integration/excision|NA|Multiple|Homology,NZ_CP065317_1_947 # 999166 # 999846 # -1 # ID=1_947;partial=00;start_type=ATG;rbs_motif=AGGAG;rbs_spacer=5-10bp;gc_cont=0.374,100.0,462.2,226,4.6999999999999995e-129,227,1,226,1,226,mobileOG_000034805,tnp,WP_002354485.1,integration/excision,NA,Multiple,Homology,NZ_CP065317_1_947, 999166 # 999846 # -1 , 999166,999846,-1 ,1_947,1,947,00,ATG,AGGAG,5-10bp,0.374,NZ_CP065317_1,mobileOG_000034805_NZ_CP065317_1
53,mobileOG_000191846|rnj|D4ERB5|replication/recombination/repair|NA|GPD|Homology,NZ_CP065317_1_999 # 1056760 # 1058445 # 1 # ID=1_999;partial=00;start_type=ATG;rbs_motif=GGAG/GAGG;rbs_spacer=5-10bp;gc_cont=0.407,100.0,1112.8,561,0.0,562,1,561,1,561,mobileOG_000191846,rnj,D4ERB5,replication/recombination/repair,NA,GPD,Homology,NZ_CP065317_1_999, 1056760 # 1058445 # 1 , 1056760,1058445,1 ,1_999,1,999,00,ATG,GGAG/GAGG,5-10bp,0.407,NZ_CP065317_1,mobileOG_000191846_NZ_CP065317_1
54,mobileOG_000376999|rex|WP_002287954.1|stability/transfer/defense|phage defense|Multiple|Homology,NZ_CP065317_1_1008 # 1068662 # 1069309 # -1 # ID=1_1008;partial=00;start_type=ATG;rbs_motif=AGGAG;rbs_spacer=5-10bp;gc_cont=0.384,72.5,299.7,215,3.9000000000000005e-80,216,8,211,5,208,mobileOG_000376999,rex,WP_002287954.1,stability/transfer/defense,phage defense,Multiple,Homology,NZ_CP065317_1_1008, 1068662 # 1069309 # -1 , 1068662,1069309,-1 ,1_1008,1,1008,00,ATG,AGGAG,5-10bp,0.384,NZ_CP065317_1,mobileOG_000376999_NZ_CP065317_1
55,mobileOG_000353219|ltrA|WP_154694685.1|integration/excision|introns|Plasmid RefSeq|Homology,NZ_CP065317_1_1015 # 1073597 # 1075408 # -1 # ID=1_1015;partial=00;start_type=GTG;rbs_motif=AGGAG/GGAGG;rbs_spacer=11-12bp;gc_cont=0.325,63.0,795.4,601,6.299999999999999e-229,604,1,600,1,600,mobileOG_000353219,ltrA,WP_154694685.1,integration/excision,introns,Plasmid RefSeq,Homology,NZ_CP065317_1_1015, 1073597 # 1075408 # -1 , 1073597,1075408,-1 ,1_1015,1,1015,00,GTG,AGGAG/GGAGG,11-12bp,0.325,NZ_CP065317_1,mobileOG_000353219_NZ_CP065317_1
56,mobileOG_000210223|int-Tn_2|N9WKQ7|integration/excision|replication/recombination/repair|GPD|Homology,NZ_CP065317_1_1117 # 1172819 # 1173748 # -1 # ID=1_1117;partial=00;start_type=TTG;rbs_motif=AGGAG;rbs_spacer=5-10bp;gc_cont=0.361,66.1,402.5,308,6.1e-111,310,11,307,11,308,mobileOG_000210223,int-Tn_2,N9WKQ7,integration/excision,replication/recombination/repair,GPD,Homology,NZ_CP065317_1_1117, 1172819 # 1173748 # -1 , 1172819,1173748,-1 ,1_1117,1,1117,00,TTG,AGGAG,5-10bp,0.361,NZ_CP065317_1,mobileOG_000210223_NZ_CP065317_1
57,mobileOG_000326380|hsdM|WP_096040583.1|stability/transfer/defense|NA|Multiple|Homology,NZ_CP065317_1_1119 # 1175001 # 1176593 # -1 # ID=1_1119;partial=00;start_type=ATG;rbs_motif=AGGA;rbs_spacer=5-10bp;gc_cont=0.371,77.2,828.2,515,7.7e-239,531,1,513,1,513,mobileOG_000326380,hsdM,WP_096040583.1,stability/transfer/defense,NA,Multiple,Homology,NZ_CP065317_1_1119, 1175001 # 1176593 # -1 , 1175001,1176593,-1 ,1_1119,1,1119,00,ATG,AGGA,5-10bp,0.371,NZ_CP065317_1,mobileOG_000326380_NZ_CP065317_1
58,mobileOG_000745466|NA:Keyword|WP_096040582.1|stability/transfer/defense|NA|Multiple|Keyword Search,NZ_CP065317_1_1120 # 1176616 # 1179603 # -1 # ID=1_1120;partial=00;start_type=TTG;rbs_motif=GGAG/GAGG;rbs_spacer=5-10bp;gc_cont=0.352,74.9,1459.1,995,0.0,996,1,995,1,995,mobileOG_000745466,NA:Keyword,WP_096040582.1,stability/transfer/defense,NA,Multiple,Keyword Search,NZ_CP065317_1_1120, 1176616 # 1179603 # -1 , 1176616,1179603,-1 ,1_1120,1,1120,00,TTG,GGAG/GAGG,5-10bp,0.352,NZ_CP065317_1,mobileOG_000745466_NZ_CP065317_1
59,mobileOG_000207991|tag|A0A4S3B087|replication/recombination/repair|NA|GPD|Homology,NZ_CP065317_1_1156 # 1219617 # 1220168 # -1 # ID=1_1156;partial=00;start_type=ATG;rbs_motif=AGGAG;rbs_spacer=5-10bp;gc_cont=0.417,62.0,231.5,186,1.1000000000000002e-59,184,4,180,3,180,mobileOG_000207991,tag,A0A4S3B087,replication/recombination/repair,NA,GPD,Homology,NZ_CP065317_1_1156, 1219617 # 1220168 # -1 , 1219617,1220168,-1 ,1_1156,1,1156,00,ATG,AGGAG,5-10bp,0.417,NZ_CP065317_1,mobileOG_000207991_NZ_CP065317_1
60,mobileOG_000071418|int|WP_081144405.1|integration/excision|NA|Multiple|Homology,NZ_CP065317_1_1167 # 1228069 # 1229028 # -1 # ID=1_1167;partial=00;start_type=ATG;rbs_motif=AGGAG/GGAGG;rbs_spacer=11-12bp;gc_cont=0.362,99.7,657.9,319,8.3e-188,320,1,319,1,319,mobileOG_000071418,int,WP_081144405.1,integration/excision,NA,Multiple,Homology,NZ_CP065317_1_1167, 1228069 # 1229028 # -1 , 1228069,1229028,-1 ,1_1167,1,1167,00,ATG,AGGAG/GGAGG,11-12bp,0.362,NZ_CP065317_1,mobileOG_000071418_NZ_CP065317_1
61,mobileOG_000278517|oppC|WP_002287893.1|transfer|competence|Plasmid RefSeq|Homology,NZ_CP065317_1_1201 # 1272346 # 1273269 # -1 # ID=1_1201;partial=00;start_type=ATG;rbs_motif=GGA/GAG/AGG;rbs_spacer=5-10bp;gc_cont=0.377,82.5,469.9,304,3.1e-131,308,3,304,6,307,mobileOG_000278517,oppC,WP_002287893.1,transfer,competence,Plasmid RefSeq,Homology,NZ_CP065317_1_1201, 1272346 # 1273269 # -1 , 1272346,1273269,-1 ,1_1201,1,1201,00,ATG,GGA/GAG/AGG,5-10bp,0.377,NZ_CP065317_1,mobileOG_000278517_NZ_CP065317_1
62,mobileOG_000278516|oppB|WP_002287892.1|transfer|competence|Plasmid RefSeq|Homology,NZ_CP065317_1_1202 # 1273297 # 1274259 # -1 # ID=1_1202;partial=00;start_type=ATG;rbs_motif=GGAGG;rbs_spacer=5-10bp;gc_cont=0.391,76.9,486.9,320,2.5e-136,321,1,320,1,320,mobileOG_000278516,oppB,WP_002287892.1,transfer,competence,Plasmid RefSeq,Homology,NZ_CP065317_1_1202, 1273297 # 1274259 # -1 , 1273297,1274259,-1 ,1_1202,1,1202,00,ATG,GGAGG,5-10bp,0.391,NZ_CP065317_1,mobileOG_000278516_NZ_CP065317_1
63,mobileOG_000337763|oppF|WP_002287891.1|transfer|competence|Plasmid RefSeq|Homology,NZ_CP065317_1_1203 # 1274259 # 1275203 # -1 # ID=1_1203;partial=00;start_type=ATG;rbs_motif=GGA/GAG/AGG;rbs_spacer=5-10bp;gc_cont=0.378,85.9,548.5,314,7e-155,315,1,313,1,313,mobileOG_000337763,oppF,WP_002287891.1,transfer,competence,Plasmid RefSeq,Homology,NZ_CP065317_1_1203, 1274259 # 1275203 # -1 , 1274259,1275203,-1 ,1_1203,1,1203,00,ATG,GGA/GAG/AGG,5-10bp,0.378,NZ_CP065317_1,mobileOG_000337763_NZ_CP065317_1
64,mobileOG_000278571|oppD|WP_002287889.1|transfer|competence|Plasmid RefSeq|Homology,NZ_CP065317_1_1204 # 1275203 # 1276243 # -1 # ID=1_1204;partial=00;start_type=ATG;rbs_motif=None;rbs_spacer=None;gc_cont=0.400,84.3,570.9,334,1.4000000000000002e-161,347,3,333,15,345,mobileOG_000278571,oppD,WP_002287889.1,transfer,competence,Plasmid RefSeq,Homology,NZ_CP065317_1_1204, 1275203 # 1276243 # -1 , 1275203,1276243,-1 ,1_1204,1,1204,00,ATG,None,None,0.400,NZ_CP065317_1,mobileOG_000278571_NZ_CP065317_1
65,mobileOG_000328117|recG|WP_002289722.1|replication/recombination/repair|NA|Plasmid RefSeq|Homology,NZ_CP065317_1_1207 # 1277987 # 1280023 # -1 # ID=1_1207;partial=00;start_type=ATG;rbs_motif=AGGAG;rbs_spacer=5-10bp;gc_cont=0.428,77.4,1063.5,678,1.4e-309,679,4,678,3,678,mobileOG_000328117,recG,WP_002289722.1,replication/recombination/repair,NA,Plasmid RefSeq,Homology,NZ_CP065317_1_1207, 1277987 # 1280023 # -1 , 1277987,1280023,-1 ,1_1207,1,1207,00,ATG,AGGAG,5-10bp,0.428,NZ_CP065317_1,mobileOG_000328117_NZ_CP065317_1
66,mobileOG_000333620|mutL|WP_002297134.1|replication/recombination/repair|NA|Plasmid RefSeq|Homology,NZ_CP065317_1_1269 # 1334716 # 1336848 # -1 # ID=1_1269;partial=00;start_type=ATG;rbs_motif=AGGAG;rbs_spacer=5-10bp;gc_cont=0.430,73.3,976.9,702,1.8e-283,711,1,702,1,710,mobileOG_000333620,mutL,WP_002297134.1,replication/recombination/repair,NA,Plasmid RefSeq,Homology,NZ_CP065317_1_1269, 1334716 # 1336848 # -1 , 1334716,1336848,-1 ,1_1269,1,1269,00,ATG,AGGAG,5-10bp,0.430,NZ_CP065317_1,mobileOG_000333620_NZ_CP065317_1
67,mobileOG_000282684|mutS|WP_002297135.1|replication/recombination/repair|NA|Plasmid RefSeq|Homology,NZ_CP065317_1_1270 # 1336880 # 1339456 # -1 # ID=1_1270;partial=00;start_type=ATG;rbs_motif=AGGA;rbs_spacer=5-10bp;gc_cont=0.400,78.4,1321.2,881,0.0,859,1,881,1,858,mobileOG_000282684,mutS,WP_002297135.1,replication/recombination/repair,NA,Plasmid RefSeq,Homology,NZ_CP065317_1_1270, 1336880 # 1339456 # -1 , 1336880,1339456,-1 ,1_1270,1,1270,00,ATG,AGGA,5-10bp,0.400,NZ_CP065317_1,mobileOG_000282684_NZ_CP065317_1
68,mobileOG_000023824|recA|WP_002287328.1|replication/recombination/repair|NA|Plasmid RefSeq|Manual,NZ_CP065317_1_1274 # 1342826 # 1343872 # -1 # ID=1_1274;partial=00;start_type=TTG;rbs_motif=AGGAG;rbs_spacer=5-10bp;gc_cont=0.428,89.9,612.8,349,3.3e-174,349,1,348,1,348,mobileOG_000023824,recA,WP_002287328.1,replication/recombination/repair,NA,Plasmid RefSeq,Manual,NZ_CP065317_1_1274, 1342826 # 1343872 # -1 , 1342826,1343872,-1 ,1_1274,1,1274,00,TTG,AGGAG,5-10bp,0.428,NZ_CP065317_1,mobileOG_000023824_NZ_CP065317_1
69,mobileOG_000307208|cinA|WP_002296026.1|transfer|competence|Plasmid RefSeq|Homology,NZ_CP065317_1_1275 # 1343985 # 1345229 # -1 # ID=1_1275;partial=00;start_type=ATG;rbs_motif=AGxAGG/AGGxGG;rbs_spacer=5-10bp;gc_cont=0.433,64.5,515.8,413,6.600000000000001e-145,415,1,413,1,413,mobileOG_000307208,cinA,WP_002296026.1,transfer,competence,Plasmid RefSeq,Homology,NZ_CP065317_1_1275, 1343985 # 1345229 # -1 , 1343985,1345229,-1 ,1_1275,1,1275,00,ATG,AGxAGG/AGGxGG,5-10bp,0.433,NZ_CP065317_1,mobileOG_000307208_NZ_CP065317_1
70,mobileOG_000071418|int|WP_081144405.1|integration/excision|NA|Multiple|Homology,NZ_CP065317_1_1281 # 1349396 # 1350355 # 1 # ID=1_1281;partial=00;start_type=ATG;rbs_motif=AGGAG/GGAGG;rbs_spacer=11-12bp;gc_cont=0.364,100.0,659.4,319,2.9e-188,320,1,319,1,319,mobileOG_000071418,int,WP_081144405.1,integration/excision,NA,Multiple,Homology,NZ_CP065317_1_1281, 1349396 # 1350355 # 1 , 1349396,1350355,1 ,1_1281,1,1281,00,ATG,AGGAG/GGAGG,11-12bp,0.364,NZ_CP065317_1,mobileOG_000071418_NZ_CP065317_1
71,mobileOG_000305086|mazF_2|WP_001278770.1|stability/transfer/defense|NA|Multiple|Homology,NZ_CP065317_1_1326 # 1401673 # 1402014 # -1 # ID=1_1326;partial=00;start_type=ATG;rbs_motif=GGA/GAG/AGG;rbs_spacer=5-10bp;gc_cont=0.360,94.7,221.9,113,5.4e-57,114,1,113,1,113,mobileOG_000305086,mazF_2,WP_001278770.1,stability/transfer/defense,NA,Multiple,Homology,NZ_CP065317_1_1326, 1401673 # 1402014 # -1 , 1401673,1402014,-1 ,1_1326,1,1326,00,ATG,GGA/GAG/AGG,5-10bp,0.360,NZ_CP065317_1,mobileOG_000305086_NZ_CP065317_1
72,mobileOG_000753398|NA:Keyword|WP_138372245.1|stability/transfer/defense|NA|Plasmid RefSeq|Keyword Search,NZ_CP065317_1_1344 # 1428236 # 1428601 # 1 # ID=1_1344;partial=00;start_type=ATG;rbs_motif=GGAGG;rbs_spacer=5-10bp;gc_cont=0.350,72.7,190.3,121,1.8999999999999998e-47,122,1,121,1,121,mobileOG_000753398,NA:Keyword,WP_138372245.1,stability/transfer/defense,NA,Plasmid RefSeq,Keyword Search,NZ_CP065317_1_1344, 1428236 # 1428601 # 1 , 1428236,1428601,1 ,1_1344,1,1344,00,ATG,GGAGG,5-10bp,0.350,NZ_CP065317_1,mobileOG_000753398_NZ_CP065317_1
73,mobileOG_000377003|clpB|WP_002289035.1|phage|chaperone|Plasmid RefSeq|Homology,NZ_CP065317_1_1362 # 1444781 # 1447276 # -1 # ID=1_1362;partial=00;start_type=ATG;rbs_motif=AGGAG;rbs_spacer=5-10bp;gc_cont=0.415,76.6,1220.7,830,0.0,832,1,823,1,819,mobileOG_000377003,clpB,WP_002289035.1,phage,chaperone,Plasmid RefSeq,Homology,NZ_CP065317_1_1362, 1444781 # 1447276 # -1 , 1444781,1447276,-1 ,1_1362,1,1362,00,ATG,AGGAG,5-10bp,0.415,NZ_CP065317_1,mobileOG_000377003_NZ_CP065317_1
74,mobileOG_000286639|parB|WP_002288806.1|replication/recombination/repair|partitioning|Plasmid RefSeq|Homology,NZ_CP065317_1_1376 # 1467363 # 1468253 # -1 # ID=1_1376;partial=00;start_type=ATG;rbs_motif=AGGA/GGAG/GAGG;rbs_spacer=11-12bp;gc_cont=0.380,78.7,439.5,296,4.3e-122,297,1,296,1,296,mobileOG_000286639,parB,WP_002288806.1,replication/recombination/repair,partitioning,Plasmid RefSeq,Homology,NZ_CP065317_1_1376, 1467363 # 1468253 # -1 , 1467363,1468253,-1 ,1_1376,1,1376,00,ATG,AGGA/GGAG/GAGG,11-12bp,0.380,NZ_CP065317_1,mobileOG_000286639_NZ_CP065317_1
75,mobileOG_000278523|soj_2|WP_002288805.1|replication/recombination/repair|transfer|Plasmid RefSeq|Homology,NZ_CP065317_1_1377 # 1468246 # 1469007 # -1 # ID=1_1377;partial=00;start_type=ATG;rbs_motif=GGAGG;rbs_spacer=5-10bp;gc_cont=0.395,83.0,418.3,255,8.799999999999999e-116,254,1,253,1,253,mobileOG_000278523,soj_2,WP_002288805.1,replication/recombination/repair,transfer,Plasmid RefSeq,Homology,NZ_CP065317_1_1377, 1468246 # 1469007 # -1 , 1468246,1469007,-1 ,1_1377,1,1377,00,ATG,GGAGG,5-10bp,0.395,NZ_CP065317_1,mobileOG_000278523_NZ_CP065317_1
76,mobileOG_000377009|rnpA|WP_002295255.1|replication/recombination/repair|NA|Plasmid RefSeq|Homology,NZ_CP065317_1_1414 # 1510940 # 1511296 # -1 # ID=1_1414;partial=00;start_type=ATG;rbs_motif=GGA/GAG/AGG;rbs_spacer=5-10bp;gc_cont=0.373,65.2,151.8,118,7.2e-36,119,1,115,1,115,mobileOG_000377009,rnpA,WP_002295255.1,replication/recombination/repair,NA,Plasmid RefSeq,Homology,NZ_CP065317_1_1414, 1510940 # 1511296 # -1 , 1510940,1511296,-1 ,1_1414,1,1414,00,ATG,GGA/GAG/AGG,5-10bp,0.373,NZ_CP065317_1,mobileOG_000377009_NZ_CP065317_1
77,mobileOG_000325246|dnaA|WP_002301792.1|replication/recombination/repair|NA|Plasmid RefSeq|Homology,NZ_CP065317_1_1416 # 1512157 # 1513500 # 1 # ID=1_1416;partial=00;start_type=ATG;rbs_motif=AGGAG;rbs_spacer=5-10bp;gc_cont=0.390,76.2,669.8,444,3e-191,448,1,442,1,445,mobileOG_000325246,dnaA,WP_002301792.1,replication/recombination/repair,NA,Plasmid RefSeq,Homology,NZ_CP065317_1_1416, 1512157 # 1513500 # 1 , 1512157,1513500,1 ,1_1416,1,1416,00,ATG,AGGAG,5-10bp,0.390,NZ_CP065317_1,mobileOG_000325246_NZ_CP065317_1
78,mobileOG_000377000|dnaN|WP_002288361.1|replication/recombination/repair|NA|Plasmid RefSeq|Homology,NZ_CP065317_1_1417 # 1513702 # 1514832 # 1 # ID=1_1417;partial=00;start_type=ATG;rbs_motif=AGGAG;rbs_spacer=5-10bp;gc_cont=0.347,80.3,593.2,376,3.0000000000000004e-168,377,1,376,1,376,mobileOG_000377000,dnaN,WP_002288361.1,replication/recombination/repair,NA,Plasmid RefSeq,Homology,NZ_CP065317_1_1417, 1513702 # 1514832 # 1 , 1513702,1514832,1 ,1_1417,1,1417,00,ATG,AGGAG,5-10bp,0.347,NZ_CP065317_1,mobileOG_000377000_NZ_CP065317_1
79,mobileOG_000347097|recF|WP_002301794.1|replication/recombination/repair|NA|Plasmid RefSeq|Homology,NZ_CP065317_1_1419 # 1515644 # 1516771 # 1 # ID=1_1419;partial=00;start_type=ATG;rbs_motif=GGA/GAG/AGG;rbs_spacer=5-10bp;gc_cont=0.375,70.5,528.5,374,8.9e-149,376,1,369,1,370,mobileOG_000347097,recF,WP_002301794.1,replication/recombination/repair,NA,Plasmid RefSeq,Homology,NZ_CP065317_1_1419, 1515644 # 1516771 # 1 , 1515644,1516771,1 ,1_1419,1,1419,00,ATG,GGA/GAG/AGG,5-10bp,0.375,NZ_CP065317_1,mobileOG_000347097_NZ_CP065317_1
80,mobileOG_000377001|gyrB|WP_002288364.1|replication/recombination/repair|transfer|Plasmid RefSeq|Homology,NZ_CP065317_1_1420 # 1516768 # 1518717 # 1 # ID=1_1420;partial=00;start_type=ATG;rbs_motif=AGGA;rbs_spacer=5-10bp;gc_cont=0.412,89.9,1164.8,648,0.0,650,3,648,4,649,mobileOG_000377001,gyrB,WP_002288364.1,replication/recombination/repair,transfer,Plasmid RefSeq,Homology,NZ_CP065317_1_1420, 1516768 # 1518717 # 1 , 1516768,1518717,1 ,1_1420,1,1420,00,ATG,AGGA,5-10bp,0.412,NZ_CP065317_1,mobileOG_000377001_NZ_CP065317_1
81,mobileOG_000353810|gyrA|WP_002303991.1|replication/recombination/repair|NA|Plasmid RefSeq|Homology,NZ_CP065317_1_1421 # 1518773 # 1521274 # 1 # ID=1_1421;partial=00;start_type=ATG;rbs_motif=GGA/GAG/AGG;rbs_spacer=5-10bp;gc_cont=0.409,89.0,1177.5,823,0.0,834,1,810,1,810,mobileOG_000353810,gyrA,WP_002303991.1,replication/recombination/repair,NA,Plasmid RefSeq,Homology,NZ_CP065317_1_1421, 1518773 # 1521274 # 1 , 1518773,1521274,1 ,1_1421,1,1421,00,ATG,GGA/GAG/AGG,5-10bp,0.409,NZ_CP065317_1,mobileOG_000353810_NZ_CP065317_1
82,mobileOG_000301551|dnaB|WP_002288373.1|replication/recombination/repair|NA|Plasmid RefSeq|Homology,NZ_CP065317_1_1430 # 1530953 # 1532320 # 1 # ID=1_1430;partial=00;start_type=ATG;rbs_motif=GGAG/GAGG;rbs_spacer=5-10bp;gc_cont=0.393,87.0,766.5,455,2.3999999999999997e-220,456,1,455,1,455,mobileOG_000301551,dnaB,WP_002288373.1,replication/recombination/repair,NA,Plasmid RefSeq,Homology,NZ_CP065317_1_1430, 1530953 # 1532320 # 1 , 1530953,1532320,1 ,1_1430,1,1430,00,ATG,GGAG/GAGG,5-10bp,0.393,NZ_CP065317_1,mobileOG_000301551_NZ_CP065317_1
83,mobileOG_000303675|dut|WP_002287450.1|transfer|regulation|Plasmid RefSeq|Homology,NZ_CP065317_1_1454 # 1560079 # 1560558 # 1 # ID=1_1454;partial=00;start_type=ATG;rbs_motif=GGAG/GAGG;rbs_spacer=5-10bp;gc_cont=0.398,63.4,224.6,175,1.2e-57,160,1,175,1,158,mobileOG_000303675,dut,WP_002287450.1,transfer,regulation,Plasmid RefSeq,Homology,NZ_CP065317_1_1454, 1560079 # 1560558 # 1 , 1560079,1560558,1 ,1_1454,1,1454,00,ATG,GGAG/GAGG,5-10bp,0.398,NZ_CP065317_1,mobileOG_000303675_NZ_CP065317_1
84,mobileOG_000280746|radA|WP_002303449.1|replication/recombination/repair|competence|Plasmid RefSeq|Homology,NZ_CP065317_1_1455 # 1560637 # 1562007 # 1 # ID=1_1455;partial=00;start_type=ATG;rbs_motif=AGGAG;rbs_spacer=5-10bp;gc_cont=0.421,85.5,785.8,456,3.8e-226,457,1,456,1,456,mobileOG_000280746,radA,WP_002303449.1,replication/recombination/repair,competence,Plasmid RefSeq,Homology,NZ_CP065317_1_1455, 1560637 # 1562007 # 1 , 1560637,1562007,1 ,1_1455,1,1455,00,ATG,AGGAG,5-10bp,0.421,NZ_CP065317_1,mobileOG_000280746_NZ_CP065317_1
85,mobileOG_000071418|int|WP_081144405.1|integration/excision|NA|Multiple|Homology,NZ_CP065317_1_1473 # 1578669 # 1579628 # -1 # ID=1_1473;partial=00;start_type=ATG;rbs_motif=AGGAG/GGAGG;rbs_spacer=11-12bp;gc_cont=0.364,100.0,659.4,319,2.9e-188,320,1,319,1,319,mobileOG_000071418,int,WP_081144405.1,integration/excision,NA,Multiple,Homology,NZ_CP065317_1_1473, 1578669 # 1579628 # -1 , 1578669,1579628,-1 ,1_1473,1,1473,00,ATG,AGGAG/GGAGG,11-12bp,0.364,NZ_CP065317_1,mobileOG_000071418_NZ_CP065317_1
86,mobileOG_000204244|prgZ|A0A553S4I0|transfer|conjugation|GPD|Homology,NZ_CP065317_1_1475 # 1582275 # 1583954 # 1 # ID=1_1475;partial=00;start_type=ATG;rbs_motif=GGAG/GAGG;rbs_spacer=5-10bp;gc_cont=0.410,62.9,702.2,553,6.700000000000001e-201,560,1,553,1,558,mobileOG_000204244,prgZ,A0A553S4I0,transfer,conjugation,GPD,Homology,NZ_CP065317_1_1475, 1582275 # 1583954 # 1 , 1582275,1583954,1 ,1_1475,1,1475,00,ATG,GGAG/GAGG,5-10bp,0.410,NZ_CP065317_1,mobileOG_000204244_NZ_CP065317_1
87,mobileOG_000377008|ruvA|WP_002290528.1|replication/recombination/repair|NA|Plasmid RefSeq|Homology,NZ_CP065317_1_1479 # 1586814 # 1587461 # 1 # ID=1_1479;partial=00;start_type=ATG;rbs_motif=GGA/GAG/AGG;rbs_spacer=3-4bp;gc_cont=0.400,65.7,255.0,200,1.1e-66,216,1,200,12,215,mobileOG_000377008,ruvA,WP_002290528.1,replication/recombination/repair,NA,Plasmid RefSeq,Homology,NZ_CP065317_1_1479, 1586814 # 1587461 # 1 , 1586814,1587461,1 ,1_1479,1,1479,00,ATG,GGA/GAG/AGG,3-4bp,0.400,NZ_CP065317_1,mobileOG_000377008_NZ_CP065317_1
88,mobileOG_000354064|ruvB|WP_002289812.1|replication/recombination/repair|NA|Plasmid RefSeq|Homology,NZ_CP065317_1_1480 # 1587474 # 1588490 # 1 # ID=1_1480;partial=00;start_type=ATG;rbs_motif=AGGAG;rbs_spacer=5-10bp;gc_cont=0.423,88.1,575.1,333,7.5e-163,339,3,331,4,332,mobileOG_000354064,ruvB,WP_002289812.1,replication/recombination/repair,NA,Plasmid RefSeq,Homology,NZ_CP065317_1_1480, 1587474 # 1588490 # 1 , 1587474,1588490,1 ,1_1480,1,1480,00,ATG,AGGAG,5-10bp,0.423,NZ_CP065317_1,mobileOG_000354064_NZ_CP065317_1
89,mobileOG_000267904|xerD_1|A8FAK5|integration/excision|NA|ICE|Homology,NZ_CP065317_1_1531 # 1646658 # 1646963 # -1 # ID=1_1531;partial=00;start_type=ATG;rbs_motif=None;rbs_spacer=None;gc_cont=0.327,71.3,152.9,425,2.8e-36,102,312,412,1,101,mobileOG_000267904,xerD_1,A8FAK5,integration/excision,NA,ICE,Homology,NZ_CP065317_1_1531, 1646658 # 1646963 # -1 , 1646658,1646963,-1 ,1_1531,1,1531,00,ATG,None,None,0.327,NZ_CP065317_1,mobileOG_000267904_NZ_CP065317_1
90,mobileOG_000240450|xerD_1|D9SSY1|integration/excision|NA|GPD|Homology,NZ_CP065317_1_1532 # 1646960 # 1647865 # -1 # ID=1_1532;partial=00;start_type=ATG;rbs_motif=GGAGG;rbs_spacer=5-10bp;gc_cont=0.301,62.6,377.9,413,1.6e-103,302,9,297,4,289,mobileOG_000240450,xerD_1,D9SSY1,integration/excision,NA,GPD,Homology,NZ_CP065317_1_1532, 1646960 # 1647865 # -1 , 1646960,1647865,-1 ,1_1532,1,1532,00,ATG,GGAGG,5-10bp,0.301,NZ_CP065317_1,mobileOG_000240450_NZ_CP065317_1
91,mobileOG_000582326|NA:Keyword|E8LCT1|integration/excision|NA|GPD|Keyword Search,NZ_CP065317_1_1560 # 1683767 # 1684666 # 1 # ID=1_1560;partial=00;start_type=ATG;rbs_motif=None;rbs_spacer=None;gc_cont=0.366,61.1,303.1,525,4.9e-81,300,274,517,1,244,mobileOG_000582326,NA:Keyword,E8LCT1,integration/excision,NA,GPD,Keyword Search,NZ_CP065317_1_1560, 1683767 # 1684666 # 1 , 1683767,1684666,1 ,1_1560,1,1560,00,ATG,None,None,0.366,NZ_CP065317_1,mobileOG_000582326_NZ_CP065317_1
92,mobileOG_000402774|NA:Keyword|I3U6B0|integration/excision|NA|COMPASS|Keyword Search,NZ_CP065317_1_1561 # 1684731 # 1684958 # -1 # ID=1_1561;partial=00;start_type=ATG;rbs_motif=None;rbs_spacer=None;gc_cont=0.298,71.2,104.8,432,6.400000000000001e-22,76,352,424,3,75,mobileOG_000402774,NA:Keyword,I3U6B0,integration/excision,NA,COMPASS,Keyword Search,NZ_CP065317_1_1561, 1684731 # 1684958 # -1 , 1684731,1684958,-1 ,1_1561,1,1561,00,ATG,None,None,0.298,NZ_CP065317_1,mobileOG_000402774_NZ_CP065317_1
93,mobileOG_000402741|NA:Keyword|WP_002297404.1|integration/excision|NA|Multiple|Keyword Search,NZ_CP065317_1_1574 # 1698088 # 1698243 # -1 # ID=1_1574;partial=00;start_type=GTG;rbs_motif=None;rbs_spacer=None;gc_cont=0.359,76.1,71.2,416,5.4e-12,52,287,332,4,49,mobileOG_000402741,NA:Keyword,WP_002297404.1,integration/excision,NA,Multiple,Keyword Search,NZ_CP065317_1_1574, 1698088 # 1698243 # -1 , 1698088,1698243,-1 ,1_1574,1,1574,00,GTG,None,None,0.359,NZ_CP065317_1,mobileOG_000402741_NZ_CP065317_1
94,mobileOG_000754378|NA:Keyword|WP_065481853.1|integration/excision|NA|Multiple|Keyword Search,NZ_CP065317_1_1575 # 1698231 # 1698467 # -1 # ID=1_1575;partial=00;start_type=TTG;rbs_motif=GGA/GAG/AGG;rbs_spacer=5-10bp;gc_cont=0.304,69.4,90.1,418,1.7e-17,79,217,287,6,77,mobileOG_000754378,NA:Keyword,WP_065481853.1,integration/excision,NA,Multiple,Keyword Search,NZ_CP065317_1_1575, 1698231 # 1698467 # -1 , 1698231,1698467,-1 ,1_1575,1,1575,00,TTG,GGA/GAG/AGG,5-10bp,0.304,NZ_CP065317_1,mobileOG_000754378_NZ_CP065317_1
95,mobileOG_000475196|NA:Keyword|A0A0D8IXI2|transfer|partitioning|GPD|Keyword Search,NZ_CP065317_1_1578 # 1702270 # 1702800 # 1 # ID=1_1578;partial=00;start_type=ATG;rbs_motif=AGGA/GGAG/GAGG;rbs_spacer=11-12bp;gc_cont=0.341,75.1,278.1,187,9.900000000000001e-74,177,4,172,5,173,mobileOG_000475196,NA:Keyword,A0A0D8IXI2,transfer,partitioning,GPD,Keyword Search,NZ_CP065317_1_1578, 1702270 # 1702800 # 1 , 1702270,1702800,1 ,1_1578,1,1578,00,ATG,AGGA/GGAG/GAGG,11-12bp,0.341,NZ_CP065317_1,mobileOG_000475196_NZ_CP065317_1
96,mobileOG_000329373|tnpA|WP_103301409.1|integration/excision|NA|Plasmid RefSeq|Homology,NZ_CP065317_1_1588 # 1719526 # 1719981 # -1 # ID=1_1588;partial=00;start_type=ATG;rbs_motif=GGA/GAG/AGG;rbs_spacer=5-10bp;gc_cont=0.338,80.7,265.0,150,7.4e-70,152,1,150,1,150,mobileOG_000329373,tnpA,WP_103301409.1,integration/excision,NA,Plasmid RefSeq,Homology,NZ_CP065317_1_1588, 1719526 # 1719981 # -1 , 1719526,1719981,-1 ,1_1588,1,1588,00,ATG,GGA/GAG/AGG,5-10bp,0.338,NZ_CP065317_1,mobileOG_000329373_NZ_CP065317_1
97,mobileOG_000321097|nuc|WP_002367711.1|transfer|competence|Multiple|Homology,NZ_CP065317_1_1605 # 1735109 # 1735687 # -1 # ID=1_1605;partial=00;start_type=ATG;rbs_motif=AGGAG;rbs_spacer=5-10bp;gc_cont=0.390,97.9,374.0,192,1.4e-102,193,1,192,1,192,mobileOG_000321097,nuc,WP_002367711.1,transfer,competence,Multiple,Homology,NZ_CP065317_1_1605, 1735109 # 1735687 # -1 , 1735109,1735687,-1 ,1_1605,1,1605,00,ATG,AGGAG,5-10bp,0.390,NZ_CP065317_1,mobileOG_000321097_NZ_CP065317_1
98,mobileOG_000037379|ssb|WP_002368292.1|replication/recombination/repair|NA|Multiple|Homology,NZ_CP065317_1_1607 # 1735865 # 1736317 # -1 # ID=1_1607;partial=00;start_type=ATG;rbs_motif=GGAG/GAGG;rbs_spacer=5-10bp;gc_cont=0.382,99.3,298.1,150,7.9e-80,151,1,150,1,150,mobileOG_000037379,ssb,WP_002368292.1,replication/recombination/repair,NA,Multiple,Homology,NZ_CP065317_1_1607, 1735865 # 1736317 # -1 , 1735865,1736317,-1 ,1_1607,1,1607,00,ATG,GGAG/GAGG,5-10bp,0.382,NZ_CP065317_1,mobileOG_000037379_NZ_CP065317_1
99,mobileOG_000057811|mazF_2|WP_002360827.1|stability/transfer/defense|NA|Multiple|Homology,NZ_CP065317_1_1622 # 1747616 # 1747942 # -1 # ID=1_1622;partial=00;start_type=ATG;rbs_motif=4Base/6BMM;rbs_spacer=13-15bp;gc_cont=0.370,100.0,224.9,108,6.1e-58,109,1,108,1,108,mobileOG_000057811,mazF_2,WP_002360827.1,stability/transfer/defense,NA,Multiple,Homology,NZ_CP065317_1_1622, 1747616 # 1747942 # -1 , 1747616,1747942,-1 ,1_1622,1,1622,00,ATG,4Base/6BMM,13-15bp,0.370,NZ_CP065317_1,mobileOG_000057811_NZ_CP065317_1
100,mobileOG_000757271|NA:Keyword|A0A1W6QYE3|stability/transfer/defense|NA|Plasmid RefSeq|Keyword Search,NZ_CP065317_1_1623 # 1747943 # 1748176 # -1 # ID=1_1623;partial=00;start_type=ATG;rbs_motif=AGGAG;rbs_spacer=5-10bp;gc_cont=0.325,74.0,125.9,77,2.8000000000000002e-28,78,1,77,1,77,mobileOG_000757271,NA:Keyword,A0A1W6QYE3,stability/transfer/defense,NA,Plasmid RefSeq,Keyword Search,NZ_CP065317_1_1623, 1747943 # 1748176 # -1 , 1747943,1748176,-1 ,1_1623,1,1623,00,ATG,AGGAG,5-10bp,0.325,NZ_CP065317_1,mobileOG_000757271_NZ_CP065317_1
101,mobileOG_000353219|ltrA|WP_154694685.1|integration/excision|introns|Plasmid RefSeq|Homology,NZ_CP065317_1_1624 # 1748505 # 1750316 # -1 # ID=1_1624;partial=00;start_type=GTG;rbs_motif=AGGAG/GGAGG;rbs_spacer=11-12bp;gc_cont=0.325,63.0,795.4,601,6.299999999999999e-229,604,1,600,1,600,mobileOG_000353219,ltrA,WP_154694685.1,integration/excision,introns,Plasmid RefSeq,Homology,NZ_CP065317_1_1624, 1748505 # 1750316 # -1 , 1748505,1750316,-1 ,1_1624,1,1624,00,GTG,AGGAG/GGAGG,11-12bp,0.325,NZ_CP065317_1,mobileOG_000353219_NZ_CP065317_1
102,mobileOG_000733178|NA:Keyword|WP_002369726.1|transfer|NA|Plasmid RefSeq|Keyword Search,NZ_CP065317_1_1631 # 1758391 # 1760922 # -1 # ID=1_1631;partial=00;start_type=ATG;rbs_motif=AGGAG(G)/GGAGG;rbs_spacer=13-15bp;gc_cont=0.348,99.5,1646.3,850,0.0,844,8,850,1,843,mobileOG_000733178,NA:Keyword,WP_002369726.1,transfer,NA,Plasmid RefSeq,Keyword Search,NZ_CP065317_1_1631, 1758391 # 1760922 # -1 , 1758391,1760922,-1 ,1_1631,1,1631,00,ATG,AGGAG(G)/GGAGG,13-15bp,0.348,NZ_CP065317_1,mobileOG_000733178_NZ_CP065317_1
103,mobileOG_000071418|int|WP_081144405.1|integration/excision|NA|Multiple|Homology,NZ_CP065317_1_1646 # 1772723 # 1773682 # 1 # ID=1_1646;partial=00;start_type=ATG;rbs_motif=AGGAG/GGAGG;rbs_spacer=11-12bp;gc_cont=0.364,100.0,659.4,319,2.9e-188,320,1,319,1,319,mobileOG_000071418,int,WP_081144405.1,integration/excision,NA,Multiple,Homology,NZ_CP065317_1_1646, 1772723 # 1773682 # 1 , 1772723,1773682,1 ,1_1646,1,1646,00,ATG,AGGAG/GGAGG,11-12bp,0.364,NZ_CP065317_1,mobileOG_000071418_NZ_CP065317_1
104,"mobileOG_000294782|ftsH|WP_002287418.1|phage|infection,regulation|Plasmid RefSeq|Homology",NZ_CP065317_1_1739 # 1852650 # 1854806 # 1 # ID=1_1739;partial=00;start_type=ATG;rbs_motif=AGGAG;rbs_spacer=5-10bp;gc_cont=0.415,83.0,945.7,703,4.5000000000000004e-274,719,1,652,1,650,mobileOG_000294782,ftsH,WP_002287418.1,phage,"infection,regulation",Plasmid RefSeq,Homology,NZ_CP065317_1_1739, 1852650 # 1854806 # 1 , 1852650,1854806,1 ,1_1739,1,1739,00,ATG,AGGAG,5-10bp,0.415,NZ_CP065317_1,mobileOG_000294782_NZ_CP065317_1
105,mobileOG_000265828|dnaX|A0A1X3NQ24|replication/recombination/repair|NA|GPD|Homology,NZ_CP065317_1_1796 # 1911180 # 1912940 # 1 # ID=1_1796;partial=00;start_type=ATG;rbs_motif=GGAGG;rbs_spacer=5-10bp;gc_cont=0.409,99.8,1118.6,586,0.0,587,1,586,1,586,mobileOG_000265828,dnaX,A0A1X3NQ24,replication/recombination/repair,NA,GPD,Homology,NZ_CP065317_1_1796, 1911180 # 1912940 # 1 , 1911180,1912940,1 ,1_1796,1,1796,00,ATG,GGAGG,5-10bp,0.409,NZ_CP065317_1,mobileOG_000265828_NZ_CP065317_1
106,mobileOG_000022183|recR|D4EY38|replication/recombination/repair|NA|GPD|Manual,NZ_CP065317_1_1810 # 1924331 # 1924927 # 1 # ID=1_1810;partial=00;start_type=ATG;rbs_motif=4Base/6BMM;rbs_spacer=13-15bp;gc_cont=0.397,100.0,396.4,198,2.8e-109,199,1,198,1,198,mobileOG_000022183,recR,D4EY38,replication/recombination/repair,NA,GPD,Manual,NZ_CP065317_1_1810, 1924331 # 1924927 # 1 , 1924331,1924927,1 ,1_1810,1,1810,00,ATG,4Base/6BMM,13-15bp,0.397,NZ_CP065317_1,mobileOG_000022183_NZ_CP065317_1
107,"mobileOG_000265827|tmk|D4EY37|phage|stability/transfer/defense,metabolism|GPD|Homology",NZ_CP065317_1_1811 # 1925136 # 1925774 # 1 # ID=1_1811;partial=00;start_type=GTG;rbs_motif=GGAG/GAGG;rbs_spacer=5-10bp;gc_cont=0.399,99.5,409.8,212,2.6e-113,213,1,212,1,212,mobileOG_000265827,tmk,D4EY37,phage,"stability/transfer/defense,metabolism",GPD,Homology,NZ_CP065317_1_1811, 1925136 # 1925774 # 1 , 1925136,1925774,1 ,1_1811,1,1811,00,GTG,GGAG/GAGG,5-10bp,0.399,NZ_CP065317_1,mobileOG_000265827_NZ_CP065317_1
108,mobileOG_000022182|holB|A0A1G1SGA7|replication/recombination/repair|NA|GPD|Manual,NZ_CP065317_1_1813 # 1926125 # 1927075 # 1 # ID=1_1813;partial=00;start_type=ATG;rbs_motif=None;rbs_spacer=None;gc_cont=0.369,100.0,566.6,316,2.5e-160,317,1,316,1,316,mobileOG_000022182,holB,A0A1G1SGA7,replication/recombination/repair,NA,GPD,Manual,NZ_CP065317_1_1813, 1926125 # 1927075 # 1 , 1926125,1927075,1 ,1_1813,1,1813,00,ATG,None,None,0.369,NZ_CP065317_1,mobileOG_000022182_NZ_CP065317_1
109,mobileOG_000022181|dinB|D4EY29|replication/recombination/repair|NA|GPD|Manual,NZ_CP065317_1_1819 # 1930900 # 1932018 # 1 # ID=1_1819;partial=00;start_type=ATG;rbs_motif=AGGAG;rbs_spacer=5-10bp;gc_cont=0.391,99.7,740.3,372,1.5e-212,373,1,372,1,372,mobileOG_000022181,dinB,D4EY29,replication/recombination/repair,NA,GPD,Manual,NZ_CP065317_1_1819, 1930900 # 1932018 # 1 , 1930900,1932018,1 ,1_1819,1,1819,00,ATG,AGGAG,5-10bp,0.391,NZ_CP065317_1,mobileOG_000022181_NZ_CP065317_1
110,mobileOG_000310964|tnp_2|WP_087548797.1|integration/excision|NA|Multiple|Homology,NZ_CP065317_1_1833 # 1946890 # 1948257 # 1 # ID=1_1833;partial=00;start_type=ATG;rbs_motif=None;rbs_spacer=None;gc_cont=0.382,96.6,866.3,443,2.2e-250,456,1,443,13,455,mobileOG_000310964,tnp_2,WP_087548797.1,integration/excision,NA,Multiple,Homology,NZ_CP065317_1_1833, 1946890 # 1948257 # 1 , 1946890,1948257,1 ,1_1833,1,1833,00,ATG,None,None,0.382,NZ_CP065317_1,mobileOG_000310964_NZ_CP065317_1
111,mobileOG_000241814|exoA_2|A0A174DIY8|replication/recombination/repair|NA|GPD|Homology,NZ_CP065317_1_1839 # 1953622 # 1954377 # -1 # ID=1_1839;partial=00;start_type=ATG;rbs_motif=AGGAG;rbs_spacer=5-10bp;gc_cont=0.370,80.4,435.6,250,5.3e-121,252,1,250,1,250,mobileOG_000241814,exoA_2,A0A174DIY8,replication/recombination/repair,NA,GPD,Homology,NZ_CP065317_1_1839, 1953622 # 1954377 # -1 , 1953622,1954377,-1 ,1_1839,1,1839,00,ATG,AGGAG,5-10bp,0.370,NZ_CP065317_1,mobileOG_000241814_NZ_CP065317_1
112,"mobileOG_000331112|nusG|WP_002294580.1|phage|regulation,infection|Plasmid RefSeq|Homology",NZ_CP065317_1_1847 # 1959673 # 1960218 # 1 # ID=1_1847;partial=00;start_type=ATG;rbs_motif=AGGAG/GGAGG;rbs_spacer=11-12bp;gc_cont=0.368,86.7,323.9,181,1.6000000000000001e-87,182,1,181,1,181,mobileOG_000331112,nusG,WP_002294580.1,phage,"regulation,infection",Plasmid RefSeq,Homology,NZ_CP065317_1_1847, 1959673 # 1960218 # 1 , 1959673,1960218,1 ,1_1847,1,1847,00,ATG,AGGAG/GGAGG,11-12bp,0.368,NZ_CP065317_1,mobileOG_000331112_NZ_CP065317_1
113,mobileOG_000034805|tnp|WP_002354485.1|integration/excision|NA|Multiple|Homology,NZ_CP065317_1_1861 # 1972304 # 1972984 # 1 # ID=1_1861;partial=00;start_type=ATG;rbs_motif=AGGAG;rbs_spacer=5-10bp;gc_cont=0.373,100.0,462.2,226,4.6999999999999995e-129,227,1,226,1,226,mobileOG_000034805,tnp,WP_002354485.1,integration/excision,NA,Multiple,Homology,NZ_CP065317_1_1861, 1972304 # 1972984 # 1 , 1972304,1972984,1 ,1_1861,1,1861,00,ATG,AGGAG,5-10bp,0.373,NZ_CP065317_1,mobileOG_000034805_NZ_CP065317_1
114,mobileOG_000371124|relE|WP_163588922.1|stability/transfer/defense|NA|Plasmid RefSeq|Homology,NZ_CP065317_1_1868 # 1974588 # 1974860 # 1 # ID=1_1868;partial=00;start_type=ATG;rbs_motif=GGAG/GAGG;rbs_spacer=5-10bp;gc_cont=0.315,64.8,128.3,93,6.5e-29,91,3,90,2,88,mobileOG_000371124,relE,WP_163588922.1,stability/transfer/defense,NA,Plasmid RefSeq,Homology,NZ_CP065317_1_1868, 1974588 # 1974860 # 1 , 1974588,1974860,1 ,1_1868,1,1868,00,ATG,GGAG/GAGG,5-10bp,0.315,NZ_CP065317_1,mobileOG_000371124_NZ_CP065317_1
115,mobileOG_000357957|traG|WP_088272023.1|transfer|conjugation|Plasmid RefSeq|Homology,NZ_CP065317_1_1870 # 1975526 # 1977337 # 1 # ID=1_1870;partial=00;start_type=ATG;rbs_motif=AGGA/GGAG/GAGG;rbs_spacer=11-12bp;gc_cont=0.345,69.7,870.9,603,1.1999999999999998e-251,604,1,603,1,603,mobileOG_000357957,traG,WP_088272023.1,transfer,conjugation,Plasmid RefSeq,Homology,NZ_CP065317_1_1870, 1975526 # 1977337 # 1 , 1975526,1977337,1 ,1_1870,1,1870,00,ATG,AGGA/GGAG/GAGG,11-12bp,0.345,NZ_CP065317_1,mobileOG_000357957_NZ_CP065317_1
116,mobileOG_000353250|ssb|WP_002358253.1|phage|replication/recombination/repair|Plasmid RefSeq|Homology,NZ_CP065317_1_1873 # 1978956 # 1979429 # 1 # ID=1_1873;partial=00;start_type=ATG;rbs_motif=GGA/GAG/AGG;rbs_spacer=3-4bp;gc_cont=0.392,82.2,257.3,157,1.6e-67,158,1,157,1,157,mobileOG_000353250,ssb,WP_002358253.1,phage,replication/recombination/repair,Plasmid RefSeq,Homology,NZ_CP065317_1_1873, 1978956 # 1979429 # 1 , 1978956,1979429,1 ,1_1873,1,1873,00,ATG,GGA/GAG/AGG,3-4bp,0.392,NZ_CP065317_1,mobileOG_000353250_NZ_CP065317_1
117,mobileOG_000730945|NA:Keyword|A0A1W6QWE7|transfer|NA|Multiple|Keyword Search,NZ_CP065317_1_1877 # 1985484 # 1985801 # 1 # ID=1_1877;partial=00;start_type=ATG;rbs_motif=AGGAG;rbs_spacer=5-10bp;gc_cont=0.296,83.7,139.8,119,2.5e-32,106,1,98,1,98,mobileOG_000730945,NA:Keyword,A0A1W6QWE7,transfer,NA,Multiple,Keyword Search,NZ_CP065317_1_1877, 1985484 # 1985801 # 1 , 1985484,1985801,1 ,1_1877,1,1877,00,ATG,AGGAG,5-10bp,0.296,NZ_CP065317_1,mobileOG_000730945_NZ_CP065317_1
118,mobileOG_000034805|tnp|WP_002354485.1|integration/excision|NA|Multiple|Homology,NZ_CP065317_1_1878 # 1985855 # 1986535 # 1 # ID=1_1878;partial=00;start_type=ATG;rbs_motif=AGGAG;rbs_spacer=5-10bp;gc_cont=0.373,100.0,462.2,226,4.6999999999999995e-129,227,1,226,1,226,mobileOG_000034805,tnp,WP_002354485.1,integration/excision,NA,Multiple,Homology,NZ_CP065317_1_1878, 1985855 # 1986535 # 1 , 1985855,1986535,1 ,1_1878,1,1878,00,ATG,AGGAG,5-10bp,0.373,NZ_CP065317_1,mobileOG_000034805_NZ_CP065317_1
119,mobileOG_000402800|NA:Keyword|WP_002321032.1|stability/transfer/defense|NA|Multiple|Keyword Search,NZ_CP065317_1_1905 # 2007016 # 2007360 # -1 # ID=1_1905;partial=00;start_type=ATG;rbs_motif=GGA/GAG/AGG;rbs_spacer=5-10bp;gc_cont=0.333,83.3,194.9,116,7.2e-49,115,1,114,1,114,mobileOG_000402800,NA:Keyword,WP_002321032.1,stability/transfer/defense,NA,Multiple,Keyword Search,NZ_CP065317_1_1905, 2007016 # 2007360 # -1 , 2007016,2007360,-1 ,1_1905,1,1905,00,ATG,GGA/GAG/AGG,5-10bp,0.333,NZ_CP065317_1,mobileOG_000402800_NZ_CP065317_1
120,mobileOG_000733323|NA:Keyword|WP_137073122.1|transfer|NA|Plasmid RefSeq|Keyword Search,NZ_CP065317_1_1909 # 2008395 # 2009084 # -1 # ID=1_1909;partial=00;start_type=ATG;rbs_motif=None;rbs_spacer=None;gc_cont=0.338,68.6,321.6,500,1e-86,230,49,277,1,229,mobileOG_000733323,NA:Keyword,WP_137073122.1,transfer,NA,Plasmid RefSeq,Keyword Search,NZ_CP065317_1_1909, 2008395 # 2009084 # -1 , 2008395,2009084,-1 ,1_1909,1,1909,00,ATG,None,None,0.338,NZ_CP065317_1,mobileOG_000733323_NZ_CP065317_1
121,mobileOG_000102876|haeIIIM|A0A5I3WHE0|stability/transfer/defense|NA|GPD|Homology,NZ_CP065317_1_1912 # 2012303 # 2012458 # -1 # ID=1_1912;partial=00;start_type=TTG;rbs_motif=GGAG/GAGG;rbs_spacer=5-10bp;gc_cont=0.417,74.5,70.1,556,1.2e-11,52,1,47,1,46,mobileOG_000102876,haeIIIM,A0A5I3WHE0,stability/transfer/defense,NA,GPD,Homology,NZ_CP065317_1_1912, 2012303 # 2012458 # -1 , 2012303,2012458,-1 ,1_1912,1,1912,00,TTG,GGAG/GAGG,5-10bp,0.417,NZ_CP065317_1,mobileOG_000102876_NZ_CP065317_1
122,mobileOG_000319770|nuc|WP_087548750.1|transfer|competence|Multiple|Homology,NZ_CP065317_1_1920 # 2014300 # 2014881 # -1 # ID=1_1920;partial=00;start_type=ATG;rbs_motif=AGGAG;rbs_spacer=5-10bp;gc_cont=0.390,99.5,372.9,193,3.2e-102,194,1,193,1,193,mobileOG_000319770,nuc,WP_087548750.1,transfer,competence,Multiple,Homology,NZ_CP065317_1_1920, 2014300 # 2014881 # -1 , 2014300,2014881,-1 ,1_1920,1,1920,00,ATG,AGGAG,5-10bp,0.390,NZ_CP065317_1,mobileOG_000319770_NZ_CP065317_1
123,mobileOG_000335136|ssb|WP_087548749.1|phage|replication/recombination/repair|Multiple|Homology,NZ_CP065317_1_1921 # 2015090 # 2015383 # -1 # ID=1_1921;partial=00;start_type=GTG;rbs_motif=AGGA/GGAG/GAGG;rbs_spacer=11-12bp;gc_cont=0.347,99.0,186.4,169,2.2e-46,98,73,169,1,97,mobileOG_000335136,ssb,WP_087548749.1,phage,replication/recombination/repair,Multiple,Homology,NZ_CP065317_1_1921, 2015090 # 2015383 # -1 , 2015090,2015383,-1 ,1_1921,1,1921,00,GTG,AGGA/GGAG/GAGG,11-12bp,0.347,NZ_CP065317_1,mobileOG_000335136_NZ_CP065317_1
124,mobileOG_000335136|ssb|WP_087548749.1|phage|replication/recombination/repair|Multiple|Homology,NZ_CP065317_1_1922 # 2015432 # 2015599 # -1 # ID=1_1922;partial=00;start_type=ATG;rbs_motif=GGA/GAG/AGG;rbs_spacer=5-10bp;gc_cont=0.369,100.0,117.9,169,5.4e-26,56,1,55,1,55,mobileOG_000335136,ssb,WP_087548749.1,phage,replication/recombination/repair,Multiple,Homology,NZ_CP065317_1_1922, 2015432 # 2015599 # -1 , 2015432,2015599,-1 ,1_1922,1,1922,00,ATG,GGA/GAG/AGG,5-10bp,0.369,NZ_CP065317_1,mobileOG_000335136_NZ_CP065317_1
125,mobileOG_000416475|NA:Keyword|WP_002402127.1|stability/transfer/defense|NA|COMPASS|Keyword Search,NZ_CP065317_1_1925 # 2016305 # 2016664 # -1 # ID=1_1925;partial=00;start_type=ATG;rbs_motif=None;rbs_spacer=None;gc_cont=0.303,100.0,236.9,125,1.7e-61,120,7,125,1,119,mobileOG_000416475,NA:Keyword,WP_002402127.1,stability/transfer/defense,NA,COMPASS,Keyword Search,NZ_CP065317_1_1925, 2016305 # 2016664 # -1 , 2016305,2016664,-1 ,1_1925,1,1925,00,ATG,None,None,0.303,NZ_CP065317_1,mobileOG_000416475_NZ_CP065317_1
126,mobileOG_000733323|NA:Keyword|WP_137073122.1|transfer|NA|Plasmid RefSeq|Keyword Search,NZ_CP065317_1_1927 # 2017096 # 2018598 # -1 # ID=1_1927;partial=00;start_type=ATG;rbs_motif=AGGA;rbs_spacer=5-10bp;gc_cont=0.335,69.0,671.8,500,8.7e-192,501,1,500,1,500,mobileOG_000733323,NA:Keyword,WP_137073122.1,transfer,NA,Plasmid RefSeq,Keyword Search,NZ_CP065317_1_1927, 2017096 # 2018598 # -1 , 2017096,2018598,-1 ,1_1927,1,1927,00,ATG,AGGA,5-10bp,0.335,NZ_CP065317_1,mobileOG_000733323_NZ_CP065317_1
127,mobileOG_000400153|NA:Keyword|WP_074934973.1|transfer|NA|COMPASS|Keyword Search,NZ_CP065317_1_1928 # 2018600 # 2018986 # -1 # ID=1_1928;partial=00;start_type=ATG;rbs_motif=GGAG/GAGG;rbs_spacer=5-10bp;gc_cont=0.297,72.8,141.7,127,8.1e-33,129,3,127,4,128,mobileOG_000400153,NA:Keyword,WP_074934973.1,transfer,NA,COMPASS,Keyword Search,NZ_CP065317_1_1928, 2018600 # 2018986 # -1 , 2018600,2018986,-1 ,1_1928,1,1928,00,ATG,GGAG/GAGG,5-10bp,0.297,NZ_CP065317_1,mobileOG_000400153_NZ_CP065317_1
128,mobileOG_000353219|ltrA|WP_154694685.1|integration/excision|introns|Plasmid RefSeq|Homology,NZ_CP065317_1_1940 # 2031836 # 2033647 # -1 # ID=1_1940;partial=00;start_type=GTG;rbs_motif=AGGAG/GGAGG;rbs_spacer=11-12bp;gc_cont=0.325,63.0,795.4,601,6.299999999999999e-229,604,1,600,1,600,mobileOG_000353219,ltrA,WP_154694685.1,integration/excision,introns,Plasmid RefSeq,Homology,NZ_CP065317_1_1940, 2031836 # 2033647 # -1 , 2031836,2033647,-1 ,1_1940,1,1940,00,GTG,AGGAG/GGAGG,11-12bp,0.325,NZ_CP065317_1,mobileOG_000353219_NZ_CP065317_1
129,mobileOG_000034805|tnp|WP_002354485.1|integration/excision|NA|Multiple|Homology,NZ_CP065317_1_1942 # 2034965 # 2035645 # 1 # ID=1_1942;partial=00;start_type=ATG;rbs_motif=AGGAG;rbs_spacer=5-10bp;gc_cont=0.373,100.0,462.2,226,4.6999999999999995e-129,227,1,226,1,226,mobileOG_000034805,tnp,WP_002354485.1,integration/excision,NA,Multiple,Homology,NZ_CP065317_1_1942, 2034965 # 2035645 # 1 , 2034965,2035645,1 ,1_1942,1,1942,00,ATG,AGGAG,5-10bp,0.373,NZ_CP065317_1,mobileOG_000034805_NZ_CP065317_1
130,mobileOG_000358585|insK|WP_087548767.1|integration/excision|NA|Multiple|Homology,NZ_CP065317_1_1944 # 2039046 # 2039321 # -1 # ID=1_1944;partial=00;start_type=ATG;rbs_motif=None;rbs_spacer=None;gc_cont=0.275,98.9,183.0,91,2.3e-45,92,1,91,1,91,mobileOG_000358585,insK,WP_087548767.1,integration/excision,NA,Multiple,Homology,NZ_CP065317_1_1944, 2039046 # 2039321 # -1 , 2039046,2039321,-1 ,1_1944,1,1944,00,ATG,None,None,0.275,NZ_CP065317_1,mobileOG_000358585_NZ_CP065317_1
131,mobileOG_000034805|tnp|WP_002354485.1|integration/excision|NA|Multiple|Homology,NZ_CP065317_1_1948 # 2043349 # 2044029 # -1 # ID=1_1948;partial=00;start_type=ATG;rbs_motif=AGGAG;rbs_spacer=5-10bp;gc_cont=0.374,100.0,462.2,226,4.6999999999999995e-129,227,1,226,1,226,mobileOG_000034805,tnp,WP_002354485.1,integration/excision,NA,Multiple,Homology,NZ_CP065317_1_1948, 2043349 # 2044029 # -1 , 2043349,2044029,-1 ,1_1948,1,1948,00,ATG,AGGAG,5-10bp,0.374,NZ_CP065317_1,mobileOG_000034805_NZ_CP065317_1
132,mobileOG_000034805|tnp|WP_002354485.1|integration/excision|NA|Multiple|Homology,NZ_CP065317_1_1950 # 2044848 # 2045528 # 1 # ID=1_1950;partial=00;start_type=ATG;rbs_motif=AGGAG;rbs_spacer=5-10bp;gc_cont=0.373,100.0,462.2,226,4.6999999999999995e-129,227,1,226,1,226,mobileOG_000034805,tnp,WP_002354485.1,integration/excision,NA,Multiple,Homology,NZ_CP065317_1_1950, 2044848 # 2045528 # 1 , 2044848,2045528,1 ,1_1950,1,1950,00,ATG,AGGAG,5-10bp,0.373,NZ_CP065317_1,mobileOG_000034805_NZ_CP065317_1
133,mobileOG_000034805|tnp|WP_002354485.1|integration/excision|NA|Multiple|Homology,NZ_CP065317_1_1953 # 2046097 # 2046777 # 1 # ID=1_1953;partial=00;start_type=ATG;rbs_motif=AGGAG;rbs_spacer=5-10bp;gc_cont=0.373,100.0,462.2,226,4.6999999999999995e-129,227,1,226,1,226,mobileOG_000034805,tnp,WP_002354485.1,integration/excision,NA,Multiple,Homology,NZ_CP065317_1_1953, 2046097 # 2046777 # 1 , 2046097,2046777,1 ,1_1953,1,1953,00,ATG,AGGAG,5-10bp,0.373,NZ_CP065317_1,mobileOG_000034805_NZ_CP065317_1
134,mobileOG_000310964|tnp_2|WP_087548797.1|integration/excision|NA|Multiple|Homology,NZ_CP065317_1_1980 # 2073297 # 2074664 # -1 # ID=1_1980;partial=00;start_type=ATG;rbs_motif=None;rbs_spacer=None;gc_cont=0.381,96.6,866.3,443,2.2e-250,456,1,443,13,455,mobileOG_000310964,tnp_2,WP_087548797.1,integration/excision,NA,Multiple,Homology,NZ_CP065317_1_1980, 2073297 # 2074664 # -1 , 2073297,2074664,-1 ,1_1980,1,1980,00,ATG,None,None,0.381,NZ_CP065317_1,mobileOG_000310964_NZ_CP065317_1
135,mobileOG_000734409|NA:Keyword|WP_139896895.1|stability/transfer/defense|NA|Plasmid RefSeq|Keyword Search,NZ_CP065317_1_1988 # 2080228 # 2080491 # -1 # ID=1_1988;partial=00;start_type=ATG;rbs_motif=None;rbs_spacer=None;gc_cont=0.311,60.3,80.5,80,1.5e-14,88,3,80,11,87,mobileOG_000734409,NA:Keyword,WP_139896895.1,stability/transfer/defense,NA,Plasmid RefSeq,Keyword Search,NZ_CP065317_1_1988, 2080228 # 2080491 # -1 , 2080228,2080491,-1 ,1_1988,1,1988,00,ATG,None,None,0.311,NZ_CP065317_1,mobileOG_000734409_NZ_CP065317_1
136,"mobileOG_000356930|xlyA|WP_002289111.1|phage|infection,lysis/lysogeny|Plasmid RefSeq|Homology",NZ_CP065317_1_2045 # 2145047 # 2145646 # 1 # ID=1_2045;partial=00;start_type=ATG;rbs_motif=AGGAG;rbs_spacer=5-10bp;gc_cont=0.398,60.8,186.4,212,4.4e-46,200,1,212,1,199,mobileOG_000356930,xlyA,WP_002289111.1,phage,"infection,lysis/lysogeny",Plasmid RefSeq,Homology,NZ_CP065317_1_2045, 2145047 # 2145646 # 1 , 2145047,2145646,1 ,1_2045,1,2045,00,ATG,AGGAG,5-10bp,0.398,NZ_CP065317_1,mobileOG_000356930_NZ_CP065317_1
137,mobileOG_000057758|insF|A0A377NN49|integration/excision|NA|COMPASS|Homology,NZ_CP065317_1_2085 # 2183234 # 2184070 # -1 # ID=1_2085;partial=00;start_type=ATG;rbs_motif=None;rbs_spacer=None;gc_cont=0.378,99.6,556.2,278,3e-157,279,1,278,1,278,mobileOG_000057758,insF,A0A377NN49,integration/excision,NA,COMPASS,Homology,NZ_CP065317_1_2085, 2183234 # 2184070 # -1 , 2183234,2184070,-1 ,1_2085,1,2085,00,ATG,None,None,0.378,NZ_CP065317_1,mobileOG_000057758_NZ_CP065317_1
138,mobileOG_000048469|tnp|E6GLF0|integration/excision|NA|COMPASS|Homology,NZ_CP065317_1_2086 # 2184106 # 2184396 # -1 # ID=1_2086;partial=00;start_type=ATG;rbs_motif=AGGAG;rbs_spacer=5-10bp;gc_cont=0.344,97.9,183.7,96,1.4e-45,97,1,96,1,96,mobileOG_000048469,tnp,E6GLF0,integration/excision,NA,COMPASS,Homology,NZ_CP065317_1_2086, 2184106 # 2184396 # -1 , 2184106,2184396,-1 ,1_2086,1,2086,00,ATG,AGGAG,5-10bp,0.344,NZ_CP065317_1,mobileOG_000048469_NZ_CP065317_1
139,mobileOG_000315895|detL_2|WP_104681373.1|replication/recombination/repair|transfer|Plasmid RefSeq|Homology,NZ_CP065317_1_2087 # 2184504 # 2185358 # 1 # ID=1_2087;partial=00;start_type=ATG;rbs_motif=None;rbs_spacer=None;gc_cont=0.316,98.2,542.3,298,4.5e-153,285,15,298,1,284,mobileOG_000315895,detL_2,WP_104681373.1,replication/recombination/repair,transfer,Plasmid RefSeq,Homology,NZ_CP065317_1_2087, 2184504 # 2185358 # 1 , 2184504,2185358,1 ,1_2087,1,2087,00,ATG,None,None,0.316,NZ_CP065317_1,mobileOG_000315895_NZ_CP065317_1
140,mobileOG_000001479|NA|Q9AL19|stability/transfer/defense|NA|Multiple|Manual,NZ_CP065317_1_2089 # 2185661 # 2185933 # 1 # ID=1_2089;partial=00;start_type=ATG;rbs_motif=AGGAG;rbs_spacer=5-10bp;gc_cont=0.286,100.0,174.5,90,7.899999999999999e-43,91,1,90,1,90,mobileOG_000001479,NA,Q9AL19,stability/transfer/defense,NA,Multiple,Manual,NZ_CP065317_1_2089, 2185661 # 2185933 # 1 , 2185661,2185933,1 ,1_2089,1,2089,00,ATG,AGGAG,5-10bp,0.286,NZ_CP065317_1,mobileOG_000001479_NZ_CP065317_1
141,mobileOG_000280140|NA|WP_096741269.1|stability/transfer/defense|NA|Multiple|Homology,NZ_CP065317_1_2090 # 2185935 # 2186243 # 1 # ID=1_2090;partial=00;start_type=ATG;rbs_motif=None;rbs_spacer=None;gc_cont=0.366,95.0,191.0,486,9.300000000000001e-48,103,200,299,1,100,mobileOG_000280140,NA,WP_096741269.1,stability/transfer/defense,NA,Multiple,Homology,NZ_CP065317_1_2090, 2185935 # 2186243 # 1 , 2185935,2186243,1 ,1_2090,1,2090,00,ATG,None,None,0.366,NZ_CP065317_1,mobileOG_000280140_NZ_CP065317_1
142,mobileOG_000374322|NA|WP_074394525.1|stability/transfer/defense|NA|Plasmid RefSeq|Homology,NZ_CP065317_1_2102 # 2196695 # 2197303 # 1 # ID=1_2102;partial=00;start_type=GTG;rbs_motif=GGA/GAG/AGG;rbs_spacer=5-10bp;gc_cont=0.378,95.8,308.9,287,5.9999999999999995e-83,203,114,278,1,165,mobileOG_000374322,NA,WP_074394525.1,stability/transfer/defense,NA,Plasmid RefSeq,Homology,NZ_CP065317_1_2102, 2196695 # 2197303 # 1 , 2196695,2197303,1 ,1_2102,1,2102,00,GTG,GGA/GAG/AGG,5-10bp,0.378,NZ_CP065317_1,mobileOG_000374322_NZ_CP065317_1
143,mobileOG_000341292|NA|WP_103301260.1|integration/excision|NA|Plasmid RefSeq|Homology,NZ_CP065317_1_2103 # 2197251 # 2197529 # -1 # ID=1_2103;partial=00;start_type=ATG;rbs_motif=GGA/GAG/AGG;rbs_spacer=5-10bp;gc_cont=0.362,95.7,167.2,188,1.3e-40,93,97,188,1,92,mobileOG_000341292,NA,WP_103301260.1,integration/excision,NA,Plasmid RefSeq,Homology,NZ_CP065317_1_2103, 2197251 # 2197529 # -1 , 2197251,2197529,-1 ,1_2103,1,2103,00,ATG,GGA/GAG/AGG,5-10bp,0.362,NZ_CP065317_1,mobileOG_000341292_NZ_CP065317_1
144,mobileOG_000318856|NA|WP_073460947.1|integration/excision|NA|Plasmid RefSeq|Homology,NZ_CP065317_1_2104 # 2197517 # 2197837 # -1 # ID=1_2104;partial=00;start_type=ATG;rbs_motif=GGAGG;rbs_spacer=5-10bp;gc_cont=0.336,97.1,193.7,193,1.5e-48,107,1,102,1,102,mobileOG_000318856,NA,WP_073460947.1,integration/excision,NA,Plasmid RefSeq,Homology,NZ_CP065317_1_2104, 2197517 # 2197837 # -1 , 2197517,2197837,-1 ,1_2104,1,2104,00,ATG,GGAGG,5-10bp,0.336,NZ_CP065317_1,mobileOG_000318856_NZ_CP065317_1
145,mobileOG_000404428|NA:Keyword|Q6LWD4|integration/excision|NA|Multiple|Keyword Search,NZ_CP065317_1_2105 # 2198020 # 2198493 # 1 # ID=1_2105;partial=00;start_type=ATG;rbs_motif=GGAGG;rbs_spacer=5-10bp;gc_cont=0.316,62.3,190.7,997,1.8999999999999998e-47,158,8,161,4,157,mobileOG_000404428,NA:Keyword,Q6LWD4,integration/excision,NA,Multiple,Keyword Search,NZ_CP065317_1_2105, 2198020 # 2198493 # 1 , 2198020,2198493,1 ,1_2105,1,2105,00,ATG,GGAGG,5-10bp,0.316,NZ_CP065317_1,mobileOG_000404428_NZ_CP065317_1
146,mobileOG_000738325|NA:Keyword|WP_041095614.1|integration/excision|NA|Plasmid RefSeq|Keyword Search,NZ_CP065317_1_2107 # 2199672 # 2200991 # 1 # ID=1_2107;partial=00;start_type=GTG;rbs_motif=None;rbs_spacer=None;gc_cont=0.350,77.3,707.6,997,1.3e-202,440,556,992,1,437,mobileOG_000738325,NA:Keyword,WP_041095614.1,integration/excision,NA,Plasmid RefSeq,Keyword Search,NZ_CP065317_1_2107, 2199672 # 2200991 # 1 , 2199672,2200991,1 ,1_2107,1,2107,00,GTG,None,None,0.350,NZ_CP065317_1,mobileOG_000738325_NZ_CP065317_1
147,mobileOG_000034805|tnp|WP_002354485.1|integration/excision|NA|Multiple|Homology,NZ_CP065317_1_2112 # 2204096 # 2204776 # -1 # ID=1_2112;partial=00;start_type=ATG;rbs_motif=AGGAG;rbs_spacer=5-10bp;gc_cont=0.374,100.0,462.2,226,4.6999999999999995e-129,227,1,226,1,226,mobileOG_000034805,tnp,WP_002354485.1,integration/excision,NA,Multiple,Homology,NZ_CP065317_1_2112, 2204096 # 2204776 # -1 , 2204096,2204776,-1 ,1_2112,1,2112,00,ATG,AGGAG,5-10bp,0.374,NZ_CP065317_1,mobileOG_000034805_NZ_CP065317_1
148,mobileOG_000034805|tnp|WP_002354485.1|integration/excision|NA|Multiple|Homology,NZ_CP065317_1_2115 # 2205758 # 2206438 # 1 # ID=1_2115;partial=00;start_type=ATG;rbs_motif=AGGAG;rbs_spacer=5-10bp;gc_cont=0.373,100.0,462.2,226,4.6999999999999995e-129,227,1,226,1,226,mobileOG_000034805,tnp,WP_002354485.1,integration/excision,NA,Multiple,Homology,NZ_CP065317_1_2115, 2205758 # 2206438 # 1 , 2205758,2206438,1 ,1_2115,1,2115,00,ATG,AGGAG,5-10bp,0.373,NZ_CP065317_1,mobileOG_000034805_NZ_CP065317_1
149,mobileOG_000301550|clpB|WP_002287598.1|phage|chaperone|Plasmid RefSeq|Homology,NZ_CP065317_1_2163 # 2255349 # 2257589 # -1 # ID=1_2163;partial=00;start_type=ATG;rbs_motif=4Base/6BMM;rbs_spacer=13-15bp;gc_cont=0.391,85.6,1233.8,744,0.0,747,1,739,1,740,mobileOG_000301550,clpB,WP_002287598.1,phage,chaperone,Plasmid RefSeq,Homology,NZ_CP065317_1_2163, 2255349 # 2257589 # -1 , 2255349,2257589,-1 ,1_2163,1,2163,00,ATG,4Base/6BMM,13-15bp,0.391,NZ_CP065317_1,mobileOG_000301550_NZ_CP065317_1
150,mobileOG_000280745|pcrA|WP_002296417.1|replication/recombination/repair|NA|Plasmid RefSeq|Homology,NZ_CP065317_1_2176 # 2272413 # 2274671 # 1 # ID=1_2176;partial=00;start_type=ATG;rbs_motif=GGAG/GAGG;rbs_spacer=5-10bp;gc_cont=0.393,76.0,1135.2,744,0.0,753,1,743,1,751,mobileOG_000280745,pcrA,WP_002296417.1,replication/recombination/repair,NA,Plasmid RefSeq,Homology,NZ_CP065317_1_2176, 2272413 # 2274671 # 1 , 2272413,2274671,1 ,1_2176,1,2176,00,ATG,GGAG/GAGG,5-10bp,0.393,NZ_CP065317_1,mobileOG_000280745_NZ_CP065317_1
151,mobileOG_000330829|ligA|WP_002303894.1|replication/recombination/repair|NA|Plasmid RefSeq|Homology,NZ_CP065317_1_2177 # 2274797 # 2276827 # 1 # ID=1_2177;partial=00;start_type=ATG;rbs_motif=AGGAG;rbs_spacer=5-10bp;gc_cont=0.414,75.4,1026.5,678,1.8999999999999998e-298,677,2,673,3,674,mobileOG_000330829,ligA,WP_002303894.1,replication/recombination/repair,NA,Plasmid RefSeq,Homology,NZ_CP065317_1_2177, 2274797 # 2276827 # 1 , 2274797,2276827,1 ,1_2177,1,2177,00,ATG,AGGAG,5-10bp,0.414,NZ_CP065317_1,mobileOG_000330829_NZ_CP065317_1
152,mobileOG_000336287|uvrB|WP_002302999.1|replication/recombination/repair|NA|Plasmid RefSeq|Homology,NZ_CP065317_1_2218 # 2317797 # 2319794 # 1 # ID=1_2218;partial=00;start_type=ATG;rbs_motif=GGAG/GAGG;rbs_spacer=5-10bp;gc_cont=0.393,85.0,1124.4,664,0.0,666,1,664,1,665,mobileOG_000336287,uvrB,WP_002302999.1,replication/recombination/repair,NA,Plasmid RefSeq,Homology,NZ_CP065317_1_2218, 2317797 # 2319794 # 1 , 2317797,2319794,1 ,1_2218,1,2218,00,ATG,GGAG/GAGG,5-10bp,0.393,NZ_CP065317_1,mobileOG_000336287_NZ_CP065317_1
153,mobileOG_000355071|uvrA|WP_002296519.1|replication/recombination/repair|NA|Plasmid RefSeq|Homology,NZ_CP065317_1_2219 # 2319912 # 2322731 # 1 # ID=1_2219;partial=00;start_type=ATG;rbs_motif=AGGAG;rbs_spacer=5-10bp;gc_cont=0.401,87.6,1679.5,938,0.0,940,1,937,1,938,mobileOG_000355071,uvrA,WP_002296519.1,replication/recombination/repair,NA,Plasmid RefSeq,Homology,NZ_CP065317_1_2219, 2319912 # 2322731 # 1 , 2319912,2322731,1 ,1_2219,1,2219,00,ATG,AGGAG,5-10bp,0.401,NZ_CP065317_1,mobileOG_000355071_NZ_CP065317_1
154,mobileOG_000377006|clpP|WP_002289402.1|phage|replication/recombination/repair|Plasmid RefSeq|Homology,NZ_CP065317_1_2226 # 2328548 # 2329141 # -1 # ID=1_2226;partial=00;start_type=ATG;rbs_motif=AGGAG;rbs_spacer=5-10bp;gc_cont=0.394,90.9,355.1,197,7.1e-97,198,1,197,1,197,mobileOG_000377006,clpP,WP_002289402.1,phage,replication/recombination/repair,Plasmid RefSeq,Homology,NZ_CP065317_1_2226, 2328548 # 2329141 # -1 , 2328548,2329141,-1 ,1_2226,1,2226,00,ATG,AGGAG,5-10bp,0.394,NZ_CP065317_1,mobileOG_000377006_NZ_CP065317_1
155,mobileOG_000377007|ndoA_1|WP_002289874.1|stability/transfer/defense|NA|Plasmid RefSeq|Homology,NZ_CP065317_1_2297 # 2395760 # 2396137 # 1 # ID=1_2297;partial=00;start_type=ATG;rbs_motif=AGGAG;rbs_spacer=5-10bp;gc_cont=0.415,86.0,193.4,120,2.3e-48,126,1,114,1,114,mobileOG_000377007,ndoA_1,WP_002289874.1,stability/transfer/defense,NA,Plasmid RefSeq,Homology,NZ_CP065317_1_2297, 2395760 # 2396137 # 1 , 2395760,2396137,1 ,1_2297,1,2297,00,ATG,AGGAG,5-10bp,0.415,NZ_CP065317_1,mobileOG_000377007_NZ_CP065317_1
156,mobileOG_000328964|polA|WP_002303538.1|replication/recombination/repair|NA|Plasmid RefSeq|Homology,NZ_CP065317_1_2322 # 2427563 # 2430211 # 1 # ID=1_2322;partial=00;start_type=ATG;rbs_motif=GGAG/GAGG;rbs_spacer=5-10bp;gc_cont=0.362,84.6,1475.7,881,0.0,883,1,881,1,882,mobileOG_000328964,polA,WP_002303538.1,replication/recombination/repair,NA,Plasmid RefSeq,Homology,NZ_CP065317_1_2322, 2427563 # 2430211 # 1 , 2427563,2430211,1 ,1_2322,1,2322,00,ATG,GGAG/GAGG,5-10bp,0.362,NZ_CP065317_1,mobileOG_000328964_NZ_CP065317_1
157,mobileOG_000355069|mutM|WP_002288323.1|replication/recombination/repair|NA|Plasmid RefSeq|Homology,NZ_CP065317_1_2323 # 2430311 # 2431153 # 1 # ID=1_2323;partial=00;start_type=ATG;rbs_motif=AGGAG;rbs_spacer=5-10bp;gc_cont=0.402,72.4,407.9,278,1.3e-112,281,1,275,1,275,mobileOG_000355069,mutM,WP_002288323.1,replication/recombination/repair,NA,Plasmid RefSeq,Homology,NZ_CP065317_1_2323, 2430311 # 2431153 # 1 , 2430311,2431153,1 ,1_2323,1,2323,00,ATG,AGGAG,5-10bp,0.402,NZ_CP065317_1,mobileOG_000355069_NZ_CP065317_1
158,mobileOG_000354084|dnaI|WP_002288331.1|replication/recombination/repair|NA|Plasmid RefSeq|Homology,NZ_CP065317_1_2327 # 2433833 # 2434765 # 1 # ID=1_2327;partial=00;start_type=ATG;rbs_motif=AGGAG;rbs_spacer=5-10bp;gc_cont=0.384,67.6,427.6,308,1.8e-118,311,1,308,2,310,mobileOG_000354084,dnaI,WP_002288331.1,replication/recombination/repair,NA,Plasmid RefSeq,Homology,NZ_CP065317_1_2327, 2433833 # 2434765 # 1 , 2433833,2434765,1 ,1_2327,1,2327,00,ATG,AGGAG,5-10bp,0.384,NZ_CP065317_1,mobileOG_000354084_NZ_CP065317_1
159,mobileOG_000301552|prgZ|WP_002289796.1|transfer|conjugation|Plasmid RefSeq|Homology,NZ_CP065317_1_2350 # 2459774 # 2461444 # 1 # ID=1_2350;partial=00;start_type=ATG;rbs_motif=AGGAG;rbs_spacer=5-10bp;gc_cont=0.388,68.0,711.4,553,1.1e-203,557,42,553,45,556,mobileOG_000301552,prgZ,WP_002289796.1,transfer,conjugation,Plasmid RefSeq,Homology,NZ_CP065317_1_2350, 2459774 # 2461444 # 1 , 2459774,2461444,1 ,1_2350,1,2350,00,ATG,AGGAG,5-10bp,0.388,NZ_CP065317_1,mobileOG_000301552_NZ_CP065317_1
160,mobileOG_000337764|oppD|WP_002289332.1|transfer|competence|Plasmid RefSeq|Homology,NZ_CP065317_1_2354 # 2463967 # 2465025 # 1 # ID=1_2354;partial=00;start_type=ATG;rbs_motif=GGA/GAG/AGG;rbs_spacer=5-10bp;gc_cont=0.385,84.5,592.4,356,4.7e-168,353,1,348,3,350,mobileOG_000337764,oppD,WP_002289332.1,transfer,competence,Plasmid RefSeq,Homology,NZ_CP065317_1_2354, 2463967 # 2465025 # 1 , 2463967,2465025,1 ,1_2354,1,2354,00,ATG,GGA/GAG/AGG,5-10bp,0.385,NZ_CP065317_1,mobileOG_000337764_NZ_CP065317_1
161,mobileOG_000204242|oppF|A0A437ULU0|transfer|competence|GPD|Homology,NZ_CP065317_1_2355 # 2465025 # 2465981 # 1 # ID=1_2355;partial=00;start_type=ATG;rbs_motif=AGGAG;rbs_spacer=5-10bp;gc_cont=0.394,72.9,463.8,317,2.3e-129,319,2,315,5,318,mobileOG_000204242,oppF,A0A437ULU0,transfer,competence,GPD,Homology,NZ_CP065317_1_2355, 2465025 # 2465981 # 1 , 2465025,2465981,1 ,1_2355,1,2355,00,ATG,AGGAG,5-10bp,0.394,NZ_CP065317_1,mobileOG_000204242_NZ_CP065317_1
162,mobileOG_000331280|ung|WP_002287070.1|replication/recombination/repair|NA|Plasmid RefSeq|Homology,NZ_CP065317_1_2391 # 2499238 # 2499918 # 1 # ID=1_2391;partial=00;start_type=ATG;rbs_motif=AGGAG;rbs_spacer=5-10bp;gc_cont=0.404,81.9,391.3,226,1e-107,227,1,226,1,226,mobileOG_000331280,ung,WP_002287070.1,replication/recombination/repair,NA,Plasmid RefSeq,Homology,NZ_CP065317_1_2391, 2499238 # 2499918 # 1 , 2499238,2499918,1 ,1_2391,1,2391,00,ATG,AGGAG,5-10bp,0.404,NZ_CP065317_1,mobileOG_000331280_NZ_CP065317_1
163,"mobileOG_000181691|nusB|A0A1Q8J5P9|phage|regulation,infection|GPD|Homology",NZ_CP065317_1_2420 # 2522093 # 2522545 # 1 # ID=1_2420;partial=00;start_type=ATG;rbs_motif=GGAG/GAGG;rbs_spacer=5-10bp;gc_cont=0.375,100.0,292.7,150,3.3000000000000003e-78,151,1,150,1,150,mobileOG_000181691,nusB,A0A1Q8J5P9,phage,"regulation,infection",GPD,Homology,NZ_CP065317_1_2420, 2522093 # 2522545 # 1 , 2522093,2522545,1 ,1_2420,1,2420,00,ATG,GGAG/GAGG,5-10bp,0.375,NZ_CP065317_1,mobileOG_000181691_NZ_CP065317_1
164,mobileOG_000181692|xseA|A0A1J6YAM3|replication/recombination/repair|NA|GPD|Homology,NZ_CP065317_1_2422 # 2523504 # 2524850 # 1 # ID=1_2422;partial=00;start_type=ATG;rbs_motif=GGA/GAG/AGG;rbs_spacer=5-10bp;gc_cont=0.416,100.0,854.0,448,1.1e-246,449,1,448,1,448,mobileOG_000181692,xseA,A0A1J6YAM3,replication/recombination/repair,NA,GPD,Homology,NZ_CP065317_1_2422, 2523504 # 2524850 # 1 , 2523504,2524850,1 ,1_2422,1,2422,00,ATG,GGA/GAG/AGG,5-10bp,0.416,NZ_CP065317_1,mobileOG_000181692_NZ_CP065317_1
165,mobileOG_000334791|ftsZ|WP_002286629.1|replication/recombination/repair|NA|Plasmid RefSeq|Homology,NZ_CP065317_1_2439 # 2541410 # 2542642 # 1 # ID=1_2439;partial=00;start_type=ATG;rbs_motif=AGGAGG;rbs_spacer=5-10bp;gc_cont=0.401,86.0,671.4,413,9.3e-192,411,1,413,1,410,mobileOG_000334791,ftsZ,WP_002286629.1,replication/recombination/repair,NA,Plasmid RefSeq,Homology,NZ_CP065317_1_2439, 2541410 # 2542642 # 1 , 2541410,2542642,1 ,1_2439,1,2439,00,ATG,AGGAGG,5-10bp,0.401,NZ_CP065317_1,mobileOG_000334791_NZ_CP065317_1
166,mobileOG_000240956|uvrA|A0A0Y7KNJ1|replication/recombination/repair|NA|GPD|Homology,NZ_CP065317_1_2472 # 2576346 # 2577524 # -1 # ID=1_2472;partial=00;start_type=ATG;rbs_motif=None;rbs_spacer=None;gc_cont=0.382,99.5,781.9,745,4.7e-225,393,354,745,1,392,mobileOG_000240956,uvrA,A0A0Y7KNJ1,replication/recombination/repair,NA,GPD,Homology,NZ_CP065317_1_2472, 2576346 # 2577524 # -1 , 2576346,2577524,-1 ,1_2472,1,2472,00,ATG,None,None,0.382,NZ_CP065317_1,mobileOG_000240956_NZ_CP065317_1
167,mobileOG_000240956|uvrA|A0A0Y7KNJ1|replication/recombination/repair|NA|GPD|Homology,NZ_CP065317_1_2473 # 2577608 # 2578423 # -1 # ID=1_2473;partial=00;start_type=ATG;rbs_motif=GGAGG;rbs_spacer=5-10bp;gc_cont=0.382,98.9,550.1,745,2.1e-155,272,1,265,1,265,mobileOG_000240956,uvrA,A0A0Y7KNJ1,replication/recombination/repair,NA,GPD,Homology,NZ_CP065317_1_2473, 2577608 # 2578423 # -1 , 2577608,2578423,-1 ,1_2473,1,2473,00,ATG,GGAGG,5-10bp,0.382,NZ_CP065317_1,mobileOG_000240956_NZ_CP065317_1
168,"mobileOG_000301554|copR|WP_002290973.1|transfer|conjugation,relaxosome|Plasmid RefSeq|Homology",NZ_CP065317_1_2491 # 2600343 # 2601029 # 1 # ID=1_2491;partial=00;start_type=ATG;rbs_motif=AGGA/GGAG/GAGG;rbs_spacer=11-12bp;gc_cont=0.380,97.4,436.0,228,3.6999999999999997e-121,229,1,228,1,228,mobileOG_000301554,copR,WP_002290973.1,transfer,"conjugation,relaxosome",Plasmid RefSeq,Homology,NZ_CP065317_1_2491, 2600343 # 2601029 # 1 , 2600343,2601029,1 ,1_2491,1,2491,00,ATG,AGGA/GGAG/GAGG,11-12bp,0.380,NZ_CP065317_1,mobileOG_000301554_NZ_CP065317_1
169,mobileOG_000737534|NA:Keyword|WP_088271946.1|transfer|NA|Plasmid RefSeq|Keyword Search,NZ_CP065317_1_2519 # 2627534 # 2629630 # 1 # ID=1_2519;partial=00;start_type=ATG;rbs_motif=AGGAG;rbs_spacer=5-10bp;gc_cont=0.371,69.1,986.5,944,2.2e-286,699,245,940,1,695,mobileOG_000737534,NA:Keyword,WP_088271946.1,transfer,NA,Plasmid RefSeq,Keyword Search,NZ_CP065317_1_2519, 2627534 # 2629630 # 1 , 2627534,2629630,1 ,1_2519,1,2519,00,ATG,AGGAG,5-10bp,0.371,NZ_CP065317_1,mobileOG_000737534_NZ_CP065317_1
170,mobileOG_000729087|NA:Keyword|W9AEZ9|integration/excision|NA|Plasmid RefSeq|Keyword Search,NZ_CP065317_1_2559 # 2673618 # 2674535 # 1 # ID=1_2559;partial=00;start_type=ATG;rbs_motif=GGA/GAG/AGG;rbs_spacer=5-10bp;gc_cont=0.398,99.3,608.6,440,5.4999999999999995e-173,306,1,305,1,305,mobileOG_000729087,NA:Keyword,W9AEZ9,integration/excision,NA,Plasmid RefSeq,Keyword Search,NZ_CP065317_1_2559, 2673618 # 2674535 # 1 , 2673618,2674535,1 ,1_2559,1,2559,00,ATG,GGA/GAG/AGG,5-10bp,0.398,NZ_CP065317_1,mobileOG_000729087_NZ_CP065317_1
171,mobileOG_000729087|NA:Keyword|W9AEZ9|integration/excision|NA|Plasmid RefSeq|Keyword Search,NZ_CP065317_1_2560 # 2674578 # 2674940 # 1 # ID=1_2560;partial=00;start_type=ATG;rbs_motif=GGAG/GAGG;rbs_spacer=5-10bp;gc_cont=0.377,99.2,246.5,440,2.2e-64,121,321,440,1,120,mobileOG_000729087,NA:Keyword,W9AEZ9,integration/excision,NA,Plasmid RefSeq,Keyword Search,NZ_CP065317_1_2560, 2674578 # 2674940 # 1 , 2674578,2674940,1 ,1_2560,1,2560,00,ATG,GGAG/GAGG,5-10bp,0.377,NZ_CP065317_1,mobileOG_000729087_NZ_CP065317_1
172,mobileOG_000365554|rph|WP_002296875.1|replication/recombination/repair|NA|Plasmid RefSeq|Homology,NZ_CP065317_1_2632 # 2749760 # 2751115 # 1 # ID=1_2632;partial=00;start_type=ATG;rbs_motif=AGGAG;rbs_spacer=5-10bp;gc_cont=0.424,74.2,652.9,451,3.8000000000000006e-186,452,1,448,2,450,mobileOG_000365554,rph,WP_002296875.1,replication/recombination/repair,NA,Plasmid RefSeq,Homology,NZ_CP065317_1_2632, 2749760 # 2751115 # 1 , 2749760,2751115,1 ,1_2632,1,2632,00,ATG,AGGAG,5-10bp,0.424,NZ_CP065317_1,mobileOG_000365554_NZ_CP065317_1
173,mobileOG_000334082|recU|WP_002289604.1|replication/recombination/repair|NA|Plasmid RefSeq|Homology,NZ_CP065317_1_2658 # 2774202 # 2774819 # -1 # ID=1_2658;partial=00;start_type=GTG;rbs_motif=AGGAG;rbs_spacer=5-10bp;gc_cont=0.369,67.2,290.4,215,2.2e-77,206,1,204,1,204,mobileOG_000334082,recU,WP_002289604.1,replication/recombination/repair,NA,Plasmid RefSeq,Homology,NZ_CP065317_1_2658, 2774202 # 2774819 # -1 , 2774202,2774819,-1 ,1_2658,1,2658,00,GTG,AGGAG,5-10bp,0.369,NZ_CP065317_1,mobileOG_000334082_NZ_CP065317_1
174,mobileOG_000305070|rlmL|WP_002289183.1|stability/transfer/defense|NA|Plasmid RefSeq|Homology,NZ_CP065317_1_2661 # 2776642 # 2777805 # 1 # ID=1_2661;partial=00;start_type=ATG;rbs_motif=AGGAG;rbs_spacer=5-10bp;gc_cont=0.410,83.7,680.6,388,1.5e-194,388,1,387,1,387,mobileOG_000305070,rlmL,WP_002289183.1,stability/transfer/defense,NA,Plasmid RefSeq,Homology,NZ_CP065317_1_2661, 2776642 # 2777805 # 1 , 2776642,2777805,1 ,1_2661,1,2661,00,ATG,AGGAG,5-10bp,0.410,NZ_CP065317_1,mobileOG_000305070_NZ_CP065317_1
175,mobileOG_000324786|nth|WP_002296097.1|replication/recombination/repair|NA|Plasmid RefSeq|Homology,NZ_CP065317_1_2664 # 2780084 # 2780731 # 1 # ID=1_2664;partial=00;start_type=ATG;rbs_motif=AGGAG;rbs_spacer=5-10bp;gc_cont=0.404,80.9,355.1,225,7.8e-97,216,1,215,1,215,mobileOG_000324786,nth,WP_002296097.1,replication/recombination/repair,NA,Plasmid RefSeq,Homology,NZ_CP065317_1_2664, 2780084 # 2780731 # 1 , 2780084,2780731,1 ,1_2664,1,2664,00,ATG,AGGAG,5-10bp,0.404,NZ_CP065317_1,mobileOG_000324786_NZ_CP065317_1
176,"mobileOG_000330220|nusA|WP_002288500.1|phage|regulation,infection|Plasmid RefSeq|Homology",NZ_CP065317_1_2774 # 2894426 # 2895625 # 1 # ID=1_2774;partial=00;start_type=ATG;rbs_motif=AGGAG/GGAGG;rbs_spacer=11-12bp;gc_cont=0.367,85.8,648.3,391,8.2e-185,400,1,386,1,388,mobileOG_000330220,nusA,WP_002288500.1,phage,"regulation,infection",Plasmid RefSeq,Homology,NZ_CP065317_1_2774, 2894426 # 2895625 # 1 , 2894426,2895625,1 ,1_2774,1,2774,00,ATG,AGGAG/GGAGG,11-12bp,0.367,NZ_CP065317_1,mobileOG_000330220_NZ_CP065317_1
177,mobileOG_000761106|NA:Keyword|D4EU21|stability/transfer/defense|NA|ACLAME|Keyword Search,NZ_CP065317_1_2780 # 2899397 # 2899882 # -1 # ID=1_2780;partial=00;start_type=GTG;rbs_motif=None;rbs_spacer=None;gc_cont=0.342,99.4,317.4,157,1.3e-85,162,1,157,5,161,mobileOG_000761106,NA:Keyword,D4EU21,stability/transfer/defense,NA,ACLAME,Keyword Search,NZ_CP065317_1_2780, 2899397 # 2899882 # -1 , 2899397,2899882,-1 ,1_2780,1,2780,00,GTG,None,None,0.342,NZ_CP065317_1,mobileOG_000761106_NZ_CP065317_1
178,"mobileOG_000761105|NA:Keyword|R3JMX1|replication/recombination/repair|initiation,copy number control,plasmid|ACLAME|Keyword Search",NZ_CP065317_1_2783 # 2900796 # 2901551 # 1 # ID=1_2783;partial=00;start_type=ATG;rbs_motif=4Base/6BMM;rbs_spacer=13-15bp;gc_cont=0.361,98.8,498.8,256,5.1e-140,252,6,256,1,251,mobileOG_000761105,NA:Keyword,R3JMX1,replication/recombination/repair,"initiation,copy number control,plasmid",ACLAME,Keyword Search,NZ_CP065317_1_2783, 2900796 # 2901551 # 1 , 2900796,2901551,1 ,1_2783,1,2783,00,ATG,4Base/6BMM,13-15bp,0.361,NZ_CP065317_1,mobileOG_000761105_NZ_CP065317_1
179,mobileOG_000100265|dnaC|A0A125W8T5|replication/recombination/repair|NA|GPD|Homology,NZ_CP065317_1_2784 # 2901570 # 2902412 # 1 # ID=1_2784;partial=00;start_type=ATG;rbs_motif=AGGAG;rbs_spacer=5-10bp;gc_cont=0.367,100.0,547.7,280,1.1e-154,281,1,280,1,280,mobileOG_000100265,dnaC,A0A125W8T5,replication/recombination/repair,NA,GPD,Homology,NZ_CP065317_1_2784, 2901570 # 2902412 # 1 , 2901570,2902412,1 ,1_2784,1,2784,00,ATG,AGGAG,5-10bp,0.367,NZ_CP065317_1,mobileOG_000100265_NZ_CP065317_1
180,mobileOG_000761104|NA:Keyword|A0A229NR26|phage|NA|Multiple|Keyword Search,NZ_CP065317_1_2789 # 2903948 # 2904460 # 1 # ID=1_2789;partial=00;start_type=ATG;rbs_motif=AGGAG;rbs_spacer=5-10bp;gc_cont=0.382,98.8,335.5,170,5e-91,171,1,170,1,170,mobileOG_000761104,NA:Keyword,A0A229NR26,phage,NA,Multiple,Keyword Search,NZ_CP065317_1_2789, 2903948 # 2904460 # 1 , 2903948,2904460,1 ,1_2789,1,2789,00,ATG,AGGAG,5-10bp,0.382,NZ_CP065317_1,mobileOG_000761104_NZ_CP065317_1
181,mobileOG_000456850|NA:Keyword|D4EU09|phage|NA|GPD|Keyword Search,NZ_CP065317_1_2793 # 2908163 # 2909089 # 1 # ID=1_2793;partial=00;start_type=ATG;rbs_motif=AGGAG;rbs_spacer=5-10bp;gc_cont=0.393,100.0,636.7,308,1.9e-181,309,1,308,1,308,mobileOG_000456850,NA:Keyword,D4EU09,phage,NA,GPD,Keyword Search,NZ_CP065317_1_2793, 2908163 # 2909089 # 1 , 2908163,2909089,1 ,1_2793,1,2793,00,ATG,AGGAG,5-10bp,0.393,NZ_CP065317_1,mobileOG_000456850_NZ_CP065317_1
182,mobileOG_000761102|NA:Keyword|A0A1G1SEE6|phage|NA|ACLAME|Keyword Search,NZ_CP065317_1_2794 # 2909102 # 2910559 # 1 # ID=1_2794;partial=00;start_type=ATG;rbs_motif=AGGAG;rbs_spacer=5-10bp;gc_cont=0.386,98.8,970.7,485,8.800000000000001e-282,486,1,485,1,485,mobileOG_000761102,NA:Keyword,A0A1G1SEE6,phage,NA,ACLAME,Keyword Search,NZ_CP065317_1_2794, 2909102 # 2910559 # 1 , 2909102,2910559,1 ,1_2794,1,2794,00,ATG,AGGAG,5-10bp,0.386,NZ_CP065317_1,mobileOG_000761102_NZ_CP065317_1
183,"mobileOG_000301557|dnaK|WP_002292134.1|phage|infection,regulation|Plasmid RefSeq|Homology",NZ_CP065317_1_2814 # 2928588 # 2930417 # 1 # ID=1_2814;partial=00;start_type=ATG;rbs_motif=GGAG/GAGG;rbs_spacer=5-10bp;gc_cont=0.387,94.7,1028.9,609,3.4e-299,610,1,609,1,609,mobileOG_000301557,dnaK,WP_002292134.1,phage,"infection,regulation",Plasmid RefSeq,Homology,NZ_CP065317_1_2814, 2928588 # 2930417 # 1 , 2928588,2930417,1 ,1_2814,1,2814,00,ATG,GGAG/GAGG,5-10bp,0.387,NZ_CP065317_1,mobileOG_000301557_NZ_CP065317_1
184,mobileOG_000377004|dnaJ|WP_002289374.1|replication/recombination/repair|NA|Plasmid RefSeq|Homology,NZ_CP065317_1_2815 # 2930709 # 2931878 # 1 # ID=1_2815;partial=00;start_type=ATG;rbs_motif=GGAGG;rbs_spacer=5-10bp;gc_cont=0.425,88.2,600.9,388,1.5e-170,390,1,388,1,389,mobileOG_000377004,dnaJ,WP_002289374.1,replication/recombination/repair,NA,Plasmid RefSeq,Homology,NZ_CP065317_1_2815, 2930709 # 2931878 # 1 , 2930709,2931878,1 ,1_2815,1,2815,00,ATG,GGAGG,5-10bp,0.425,NZ_CP065317_1,mobileOG_000377004_NZ_CP065317_1
