BELIKPJO_00079	mobileOG_000278536|hup|WP_002290178.1|replication/recombination/repair|integration/excision|Plasmid	90.1	91	9	0	1	91	1	91	3.58e-49	152	100
BELIKPJO_00374	mobileOG_000071418|int|WP_081144405.1|integration/excision|NA|Multiple|Homology	100	319	0	0	1	319	1	319	5.02e-240	654	100
BELIKPJO_00374	mobileOG_000338311|int|WP_081144405.1|integration/excision|NA|Multiple|Homology	100	319	0	0	1	319	1	319	7.03e-240	654	100
BELIKPJO_00374	mobileOG_000339250|int|A0A0M2AVQ0|integration/excision|NA|Plasmid	99.7	319	1	0	1	319	1	319	2.04e-239	652	100
BELIKPJO_00374	mobileOG_000339978|int|WP_002293280.1|integration/excision|NA|Plasmid	99.7	319	1	0	1	319	1	319	2.90e-239	652	100
BELIKPJO_00374	mobileOG_000338924|int|WP_075070733.1|integration/excision|NA|Plasmid	100	318	0	0	1	318	1	318	3.72e-239	652	99.7
BELIKPJO_00374	mobileOG_000339246|int|WP_002375321.1|integration/excision|NA|Plasmid	99.7	319	1	0	1	319	1	319	5.86e-239	651	100
BELIKPJO_00374	mobileOG_000073284|int|WP_058147823.1|integration/excision|NA|Multiple|Homology	99.7	319	1	0	1	319	1	319	1.18e-238	650	100
BELIKPJO_00374	mobileOG_000337978|int|WP_002297271.1|integration/excision|NA|Multiple|Homology	99.4	319	2	0	1	319	1	319	1.18e-238	650	100
BELIKPJO_00374	mobileOG_000339157|int|WP_128251852.1|integration/excision|NA|Plasmid	99.4	319	2	0	1	319	1	319	1.68e-238	650	100
BELIKPJO_00374	mobileOG_000337980|int|U7U6Q0|integration/excision|NA|Plasmid	99.4	319	2	0	1	319	1	319	2.39e-238	649	100
BELIKPJO_00374	mobileOG_000338691|int|WP_002346735.1|integration/excision|NA|Plasmid	99.4	319	2	0	1	319	1	319	2.39e-238	649	100
BELIKPJO_00374	mobileOG_000067123|int|WP_016176468.1|integration/excision|NA|Multiple|Homology	99.4	319	2	0	1	319	1	319	3.39e-238	649	100
BELIKPJO_00374	mobileOG_000339699|int|WP_099097800.1|integration/excision|NA|Plasmid	99.1	319	3	0	1	319	1	319	3.39e-238	649	100
BELIKPJO_00374	mobileOG_000338224|int|WP_060811263.1|integration/excision|NA|Plasmid	99.4	319	2	0	1	319	1	319	4.82e-238	649	100
BELIKPJO_00374	mobileOG_000338019|int|WP_010723246.1|integration/excision|NA|Multiple|Homology	99.1	319	3	0	1	319	1	319	9.72e-238	648	100
BELIKPJO_00422	mobileOG_000193644|rarA|D4EYB2|replication/recombination/repair|NA|GPD|Homology	99.8	425	1	0	1	425	1	425	8.73e-306	829	100
BELIKPJO_00422	mobileOG_000239757|rarA|A0A4Q5KD89|replication/recombination/repair|NA|GPD|Homology	99.8	425	1	0	1	425	1	425	8.73e-306	829	100
BELIKPJO_00428	mobileOG_000239756|comG6|A0A1J6XHE9|transfer|competence|GPD|Homology	100	144	0	0	1	144	1	144	1.21e-99	284	100
BELIKPJO_00428	mobileOG_000193643|comG6|R3KIY3|transfer|competence|GPD|Homology	99.3	144	1	0	1	144	1	144	1.72e-99	284	100
BELIKPJO_00428	mobileOG_000261659|comG6|A0A1J6XHE9|transfer|competence|GPD|Homology	100	134	0	0	11	144	1	134	1.48e-91	263	93.1
BELIKPJO_00428	mobileOG_000264604|comG6|R3KIY3|transfer|competence|GPD|Homology	99.3	134	1	0	11	144	1	134	2.11e-91	263	93.1
BELIKPJO_00428	mobileOG_000006870|comG|D4ERE9|transfer|competence|GPD|Manual	99.3	134	1	0	11	144	1	134	2.46e-90	260	93.1
BELIKPJO_00433	mobileOG_000163570|tadA|A0A1G1SF73|transfer|competence|GPD|Homology	100	322	0	0	1	322	1	322	3.94e-234	639	100
BELIKPJO_00433	mobileOG_000193541|tadA|R3I7Q8|transfer|competence|GPD|Homology	99.7	322	1	0	1	322	1	322	3.24e-233	637	100
BELIKPJO_00433	mobileOG_000191647|tadA|D4ERF4|transfer|competence|GPD|Homology	99.4	322	2	0	1	322	1	322	6.54e-233	636	100
BELIKPJO_00433	mobileOG_000163501|tadA|A0A449DNC4|transfer|competence|GPD|Homology	98.4	322	5	0	1	322	1	322	7.31e-230	628	100
BELIKPJO_00439	mobileOG_000184209|ftsK|A0A4V0DEG1|replication/recombination/repair|conjugation|GPD|Homology	100	807	0	0	1	807	1	807	0.0	1430	100
BELIKPJO_00439	mobileOG_000193639|ftsK|A0A4U4YAG5|replication/recombination/repair|conjugation|GPD|Homology	99.5	807	4	0	1	807	1	807	0.0	1424	100
BELIKPJO_00439	mobileOG_000191989|ftsK|A0A4Q1X1Z1|replication/recombination/repair|conjugation|GPD|Homology	99.5	807	4	0	1	807	1	807	0.0	1422	100
BELIKPJO_00439	mobileOG_000163500|ftsK|A0A563WFC9|replication/recombination/repair|conjugation|GPD|Homology	99.3	807	6	0	1	807	1	807	0.0	1422	100
BELIKPJO_00439	mobileOG_000193540|ftsK|R3KYX3|replication/recombination/repair|conjugation|GPD|Homology	99.3	807	6	0	1	807	1	807	0.0	1420	100
BELIKPJO_00448	mobileOG_000191646|topB|S4BMH5|replication/recombination/repair|NA|GPD|Homology	99.7	693	2	0	1	693	57	749	0.0	1333	100
BELIKPJO_00448	mobileOG_000162903|topB|E6ICX1|replication/recombination/repair|NA|GPD|Homology	99.6	693	3	0	1	693	57	749	0.0	1332	100
BELIKPJO_00448	mobileOG_000163499|topB|E6ICX1|replication/recombination/repair|NA|GPD|Homology	99.6	693	3	0	1	693	57	749	0.0	1332	100
BELIKPJO_00577	mobileOG_000012700|clpB|A0A1B4XQ88|replication/recombination/repair|chaperone|GPD|Manual	99.9	868	1	0	1	868	1	868	0.0	1654	100
BELIKPJO_00594	mobileOG_000163423|polC|A0A1B4XQB2|replication/recombination/repair|NA|GPD|Homology	99.9	1451	1	0	1	1451	1	1451	0.0	2859	100
BELIKPJO_00690	mobileOG_000034805|tnp|WP_002354485.1|integration/excision|NA|Multiple|Homology	100	226	0	0	1	226	1	226	6.06e-165	456	100
BELIKPJO_00690	mobileOG_000034881|tnp|WP_002354485.1|integration/excision|NA|Multiple|Homology	100	226	0	0	1	226	3	228	6.52e-165	456	100
BELIKPJO_00690	mobileOG_000367988|tnp|WP_161544171.1|integration/excision|NA|Plasmid	99.6	226	1	0	1	226	1	226	8.61e-165	456	100
BELIKPJO_00690	mobileOG_000285021|tnp|A0A2H4HI16|integration/excision|NA|Plasmid	99.6	226	1	0	1	226	1	226	1.74e-164	455	100
BELIKPJO_00690	mobileOG_000286580|tnp|WP_123936736.1|integration/excision|NA|Plasmid	99.6	226	1	0	1	226	1	226	1.74e-164	455	100
BELIKPJO_00690	mobileOG_000302372|tnp|A0A222W673|integration/excision|NA|Plasmid	99.6	226	1	0	1	226	1	226	1.74e-164	455	100
BELIKPJO_00690	mobileOG_000338689|tnp|WP_096638037.1|integration/excision|NA|Plasmid	99.6	226	1	0	1	226	1	226	1.74e-164	455	100
BELIKPJO_00690	mobileOG_000295950|tnp|WP_159373648.1|integration/excision|NA|Plasmid	99.6	226	1	0	1	226	1	226	2.47e-164	454	100
BELIKPJO_00690	mobileOG_000067144|tnp|WP_053109498.1|integration/excision|NA|Multiple|Homology	99.6	226	1	0	1	226	1	226	2.47e-164	454	100
BELIKPJO_00690	mobileOG_000067152|tnp|WP_053109531.1|integration/excision|NA|Multiple|Homology	99.6	226	1	0	1	226	1	226	2.47e-164	454	100
BELIKPJO_00690	mobileOG_000069970|tnp|WP_016252778.1|integration/excision|NA|Multiple|Homology	99.6	226	1	0	1	226	1	226	2.47e-164	454	100
BELIKPJO_00690	mobileOG_000282796|tnp|WP_080114315.1|integration/excision|NA|Plasmid	100	225	0	0	1	225	1	225	2.47e-164	454	99.6
BELIKPJO_00690	mobileOG_000288900|tnp|WP_105208453.1|integration/excision|NA|Plasmid	99.6	226	1	0	1	226	1	226	2.47e-164	454	100
BELIKPJO_00690	mobileOG_000295841|tnp|WP_139896901.1|integration/excision|NA|Plasmid	99.6	226	1	0	1	226	1	226	2.47e-164	454	100
BELIKPJO_00690	mobileOG_000338023|tnp|WP_002367814.1|integration/excision|NA|Plasmid	99.6	226	1	0	1	226	1	226	2.47e-164	454	100
BELIKPJO_00693	mobileOG_000057816|soj_2|WP_002360664.1|replication/recombination/repair|transfer|Multiple|Homology	99.6	260	1	0	1	260	1	260	1.41e-180	498	100
BELIKPJO_00693	mobileOG_000037381|soj_2|WP_002369746.1|replication/recombination/repair|transfer|Multiple|Homology	98.8	260	3	0	1	260	1	260	6.72e-179	494	100
BELIKPJO_00693	mobileOG_000287818|soj_2|A0A4Q1WX11|replication/recombination/repair|transfer|Plasmid	97.7	260	6	0	1	260	1	260	1.58e-177	491	100
BELIKPJO_00694	mobileOG_000041148|bin3|WP_000238804.1|integration/excision|replication,inversion|Multiple|Homology	100	201	0	0	1	201	1	201	1.50e-139	390	100
BELIKPJO_00694	mobileOG_000067506|bin3|WP_002367801.1|integration/excision|replication,inversion|Multiple|Homology	98.5	201	3	0	1	201	1	201	1.01e-137	385	100
BELIKPJO_00702	mobileOG_000307452|NA|WP_025188285.1|integration/excision|NA|Multiple|Homology	99.5	198	1	0	1	198	9	206	3.85e-131	369	100
BELIKPJO_00702	mobileOG_000307143|NA|WP_002370256.1|integration/excision|NA|Plasmid	99.0	198	2	0	1	198	1	198	2.38e-130	366	100
BELIKPJO_00702	mobileOG_000057815|NA|WP_002367819.1|integration/excision|NA|Multiple|Homology	98.5	198	3	0	1	198	9	206	9.06e-130	365	100
BELIKPJO_00702	mobileOG_000366989|NA|WP_161978277.1|integration/excision|NA|Plasmid	98.0	198	4	0	1	198	9	206	7.44e-129	363	100
BELIKPJO_00702	mobileOG_000060024|NA|WP_002367819.1|integration/excision|NA|Multiple|Homology	98.0	198	4	0	1	198	9	206	1.06e-128	362	100
BELIKPJO_00702	mobileOG_000307366|NA|V7ZPS4|integration/excision|NA|Plasmid	97.5	198	5	0	1	198	9	206	4.31e-128	361	100
BELIKPJO_00702	mobileOG_000307334|NA|WP_002382042.1|integration/excision|NA|Plasmid	96.5	198	7	0	1	198	1	198	3.11e-126	356	100
BELIKPJO_00702	mobileOG_000366598|NA|WP_029656234.1|integration/excision|NA|Plasmid	96.0	198	8	0	1	198	9	206	1.18e-125	355	100
BELIKPJO_00702	mobileOG_000036568|NA|WP_011255117.1|integration/excision|NA|Multiple|Homology	95.5	198	9	0	1	198	9	206	4.81e-125	353	100
BELIKPJO_00702	mobileOG_000286146|NA|WP_029656234.1|integration/excision|NA|Plasmid	94.9	198	10	0	1	198	9	206	1.13e-123	350	100
BELIKPJO_00702	mobileOG_000307250|NA|WP_078122506.1|integration/excision|NA|Plasmid	93.9	198	12	0	1	198	1	198	2.01e-122	346	100
BELIKPJO_00702	mobileOG_000035416|NA|Q82YQ0|integration/excision|NA|ACLAME|Homology	93.9	198	12	0	1	198	1	198	4.05e-122	345	100
BELIKPJO_00702	mobileOG_000052736|NA|WP_002367784.1|integration/excision|NA|Multiple|Homology	93.4	198	13	0	1	198	9	206	7.63e-122	345	100
BELIKPJO_00702	mobileOG_000366985|NA|WP_161971889.1|integration/excision|NA|Plasmid	93.4	198	13	0	1	198	9	206	1.08e-121	345	100
BELIKPJO_00702	mobileOG_000307107|NA|WP_025193406.1|integration/excision|NA|Multiple|Homology	93.4	198	13	0	1	198	9	206	1.54e-121	344	100
BELIKPJO_00721	mobileOG_000319769|nuc|WP_002400616.1|transfer|competence|Plasmid	96.9	194	6	0	1	194	1	194	3.69e-132	370	100
BELIKPJO_00721	mobileOG_000320811|nuc|WP_002369774.1|transfer|competence|Plasmid	95.9	194	8	0	1	194	1	194	1.76e-130	366	100
BELIKPJO_00721	mobileOG_000320058|nuc|WP_002365978.1|transfer|competence|Plasmid	95.4	194	9	0	1	194	1	194	1.44e-129	364	100
BELIKPJO_00721	mobileOG_000320779|nuc|WP_087548825.1|transfer|competence|Multiple|Homology	95.4	194	9	0	1	194	1	194	2.91e-129	363	100
BELIKPJO_00721	mobileOG_000320323|nuc|WP_002375343.1|transfer|competence|Plasmid	93.2	192	13	0	1	192	1	192	6.31e-124	350	99.0
BELIKPJO_00721	mobileOG_000060028|nuc|WP_002383617.1|transfer|competence|Multiple|Homology	92.7	192	14	0	1	192	1	192	1.81e-123	348	99.0
BELIKPJO_00721	mobileOG_000075086|nuc|WP_002368095.1|transfer|competence|Multiple|Homology	92.2	192	15	0	1	192	1	192	1.81e-123	348	99.0
BELIKPJO_00721	mobileOG_000320552|nuc|WP_010830230.1|transfer|competence|Plasmid	92.7	192	14	0	1	192	1	192	5.18e-123	347	99.0
BELIKPJO_00721	mobileOG_000319833|nuc|WP_002360771.1|transfer|competence|Plasmid	92.2	192	15	0	1	192	1	192	3.00e-122	345	99.0
BELIKPJO_00724	mobileOG_000060029|dnaJ_3|WP_002360775.1|replication/recombination/repair|NA|Multiple|Homology	100	166	0	0	1	166	1	166	4.33e-115	325	100
BELIKPJO_00724	mobileOG_000356194|dnaJ_3|WP_010822509.1|replication/recombination/repair|NA|Multiple|Homology	99.4	164	1	0	1	164	1	164	3.88e-113	320	98.8
BELIKPJO_00724	mobileOG_000321031|dnaJ_3|WP_002365976.1|replication/recombination/repair|NA|Plasmid	98.8	164	2	0	1	164	1	164	1.58e-112	318	98.8
BELIKPJO_00724	mobileOG_000356788|dnaJ_3|WP_002385540.1|replication/recombination/repair|NA|Plasmid	98.8	164	2	0	1	164	1	164	1.58e-112	318	98.8
BELIKPJO_00724	mobileOG_000075087|dnaJ_3|WP_002368092.1|replication/recombination/repair|NA|Multiple|Homology	98.8	164	2	0	1	164	1	164	2.25e-112	318	98.8
BELIKPJO_00724	mobileOG_000356787|dnaJ_3|WP_002375346.1|replication/recombination/repair|NA|Plasmid	98.2	164	3	0	1	164	1	164	6.44e-112	317	98.8
BELIKPJO_00725	mobileOG_000034805|tnp|WP_002354485.1|integration/excision|NA|Multiple|Homology	100	226	0	0	1	226	1	226	6.06e-165	456	100
BELIKPJO_00725	mobileOG_000034881|tnp|WP_002354485.1|integration/excision|NA|Multiple|Homology	100	226	0	0	1	226	3	228	6.52e-165	456	100
BELIKPJO_00725	mobileOG_000367988|tnp|WP_161544171.1|integration/excision|NA|Plasmid	99.6	226	1	0	1	226	1	226	8.61e-165	456	100
BELIKPJO_00725	mobileOG_000285021|tnp|A0A2H4HI16|integration/excision|NA|Plasmid	99.6	226	1	0	1	226	1	226	1.74e-164	455	100
BELIKPJO_00725	mobileOG_000286580|tnp|WP_123936736.1|integration/excision|NA|Plasmid	99.6	226	1	0	1	226	1	226	1.74e-164	455	100
BELIKPJO_00725	mobileOG_000302372|tnp|A0A222W673|integration/excision|NA|Plasmid	99.6	226	1	0	1	226	1	226	1.74e-164	455	100
BELIKPJO_00725	mobileOG_000338689|tnp|WP_096638037.1|integration/excision|NA|Plasmid	99.6	226	1	0	1	226	1	226	1.74e-164	455	100
BELIKPJO_00725	mobileOG_000295950|tnp|WP_159373648.1|integration/excision|NA|Plasmid	99.6	226	1	0	1	226	1	226	2.47e-164	454	100
BELIKPJO_00725	mobileOG_000067144|tnp|WP_053109498.1|integration/excision|NA|Multiple|Homology	99.6	226	1	0	1	226	1	226	2.47e-164	454	100
BELIKPJO_00725	mobileOG_000067152|tnp|WP_053109531.1|integration/excision|NA|Multiple|Homology	99.6	226	1	0	1	226	1	226	2.47e-164	454	100
BELIKPJO_00725	mobileOG_000069970|tnp|WP_016252778.1|integration/excision|NA|Multiple|Homology	99.6	226	1	0	1	226	1	226	2.47e-164	454	100
BELIKPJO_00725	mobileOG_000282796|tnp|WP_080114315.1|integration/excision|NA|Plasmid	100	225	0	0	1	225	1	225	2.47e-164	454	99.6
BELIKPJO_00725	mobileOG_000288900|tnp|WP_105208453.1|integration/excision|NA|Plasmid	99.6	226	1	0	1	226	1	226	2.47e-164	454	100
BELIKPJO_00725	mobileOG_000295841|tnp|WP_139896901.1|integration/excision|NA|Plasmid	99.6	226	1	0	1	226	1	226	2.47e-164	454	100
BELIKPJO_00725	mobileOG_000338023|tnp|WP_002367814.1|integration/excision|NA|Plasmid	99.6	226	1	0	1	226	1	226	2.47e-164	454	100
BELIKPJO_00739	mobileOG_000310964|tnp_2|WP_087548797.1|integration/excision|NA|Multiple|Homology	98.9	443	5	0	1	443	1	443	0.0	880	100
BELIKPJO_00739	mobileOG_000310969|tnp_2|WP_087548780.1|integration/excision|NA|Multiple|Homology	95.0	443	3	1	1	443	1	424	3.13e-308	836	100
BELIKPJO_00742	mobileOG_000366982|NA|A0A2Z6BN93|integration/excision|NA|Plasmid	99.0	198	2	0	1	198	9	206	8.69e-128	360	100
BELIKPJO_00742	mobileOG_000288229|NA|WP_025189617.1|integration/excision|NA|Plasmid	98.0	198	4	0	1	198	9	206	1.44e-126	357	100
BELIKPJO_00742	mobileOG_000307130|NA|WP_010815873.1|integration/excision|NA|Multiple|Homology	97.5	198	5	0	1	198	1	198	3.11e-126	356	100
BELIKPJO_00742	mobileOG_000374726|NA|U6S422|integration/excision|NA|Multiple|Homology	97.5	198	5	0	1	198	9	206	8.32e-126	355	100
BELIKPJO_00742	mobileOG_000295745|NA|WP_025189617.1|integration/excision|NA|Plasmid	97.5	198	5	0	1	198	9	206	1.18e-125	355	100
BELIKPJO_00742	mobileOG_000307221|NA|WP_010711268.1|integration/excision|NA|Plasmid	98.0	198	4	0	1	198	1	198	1.27e-125	354	100
BELIKPJO_00742	mobileOG_000366983|NA|A0A2Z6BN62|integration/excision|NA|Plasmid	97.5	198	5	0	1	198	9	206	1.68e-125	354	100
BELIKPJO_00742	mobileOG_000307250|NA|WP_078122506.1|integration/excision|NA|Plasmid	97.0	198	6	0	1	198	1	198	3.63e-125	353	100
BELIKPJO_00742	mobileOG_000307273|NA|WP_080001707.1|integration/excision|NA|Plasmid	97.0	198	6	0	1	198	1	198	3.63e-125	353	100
BELIKPJO_00742	mobileOG_000293529|NA|A0A5P9W9D2|integration/excision|NA|Multiple|Homology	97.0	198	6	0	1	198	9	206	4.81e-125	353	100
BELIKPJO_00742	mobileOG_000307097|NA|WP_013438829.1|integration/excision|NA|Multiple|Homology	97.5	198	5	0	1	198	9	206	4.81e-125	353	100
BELIKPJO_00742	mobileOG_000295859|NA|WP_010713026.1|integration/excision|NA|Multiple|Homology	97.0	198	6	0	1	198	1	198	5.15e-125	353	100
BELIKPJO_00742	mobileOG_000286146|NA|WP_029656234.1|integration/excision|NA|Plasmid	96.5	198	7	0	1	198	9	206	9.71e-125	352	100
BELIKPJO_00742	mobileOG_000052736|NA|WP_002367784.1|integration/excision|NA|Multiple|Homology	96.5	198	7	0	1	198	9	206	1.38e-124	352	100
BELIKPJO_00742	mobileOG_000307038|NA|A0A5P9W9D2|integration/excision|NA|Multiple|Homology	96.5	198	7	0	1	198	9	206	1.38e-124	352	100
BELIKPJO_00753	mobileOG_000307221|NA|WP_010711268.1|integration/excision|NA|Plasmid	98.6	73	1	0	1	73	126	198	5.98e-41	134	100
BELIKPJO_00753	mobileOG_000307334|NA|WP_002382042.1|integration/excision|NA|Plasmid	98.6	73	1	0	1	73	126	198	5.98e-41	134	100
BELIKPJO_00753	mobileOG_000036568|NA|WP_011255117.1|integration/excision|NA|Multiple|Homology	98.6	73	1	0	1	73	134	206	7.47e-41	134	100
BELIKPJO_00753	mobileOG_000307097|NA|WP_013438829.1|integration/excision|NA|Multiple|Homology	98.6	73	1	0	1	73	134	206	7.47e-41	134	100
BELIKPJO_00753	mobileOG_000307215|NA|V7ZMG4|integration/excision|NA|Multiple|Homology	98.6	73	1	0	1	73	134	206	7.47e-41	134	100
BELIKPJO_00753	mobileOG_000374726|NA|U6S422|integration/excision|NA|Multiple|Homology	98.6	73	1	0	1	73	134	206	7.47e-41	134	100
BELIKPJO_00753	mobileOG_000366598|NA|WP_029656234.1|integration/excision|NA|Plasmid	98.6	73	1	0	1	73	134	206	7.47e-41	134	100
BELIKPJO_00753	mobileOG_000366982|NA|A0A2Z6BN93|integration/excision|NA|Plasmid	98.6	73	1	0	1	73	134	206	7.47e-41	134	100
BELIKPJO_00753	mobileOG_000366983|NA|A0A2Z6BN62|integration/excision|NA|Plasmid	98.6	73	1	0	1	73	134	206	7.47e-41	134	100
BELIKPJO_00753	mobileOG_000295859|NA|WP_010713026.1|integration/excision|NA|Multiple|Homology	97.3	73	2	0	1	73	126	198	1.70e-40	133	100
BELIKPJO_00753	mobileOG_000307130|NA|WP_010815873.1|integration/excision|NA|Multiple|Homology	97.3	73	2	0	1	73	126	198	1.70e-40	133	100
BELIKPJO_00753	mobileOG_000307273|NA|WP_080001707.1|integration/excision|NA|Plasmid	97.3	73	2	0	1	73	126	198	1.70e-40	133	100
BELIKPJO_00753	mobileOG_000056168|NA|WP_021732893.1|integration/excision|NA|Multiple|Homology	97.3	73	2	0	1	73	134	206	2.13e-40	133	100
BELIKPJO_00753	mobileOG_000293529|NA|A0A5P9W9D2|integration/excision|NA|Multiple|Homology	97.3	73	2	0	1	73	134	206	2.13e-40	133	100
BELIKPJO_00753	mobileOG_000307038|NA|A0A5P9W9D2|integration/excision|NA|Multiple|Homology	97.3	73	2	0	1	73	134	206	2.13e-40	133	100
BELIKPJO_00757	mobileOG_000354922|umuC|WP_002367729.1|replication/recombination/repair|NA|Plasmid	93.4	61	4	0	1	61	1	61	5.82e-34	117	92.4
BELIKPJO_00758	mobileOG_000034805|tnp|WP_002354485.1|integration/excision|NA|Multiple|Homology	100	226	0	0	1	226	1	226	6.06e-165	456	100
BELIKPJO_00758	mobileOG_000034881|tnp|WP_002354485.1|integration/excision|NA|Multiple|Homology	100	226	0	0	1	226	3	228	6.52e-165	456	100
BELIKPJO_00758	mobileOG_000367988|tnp|WP_161544171.1|integration/excision|NA|Plasmid	99.6	226	1	0	1	226	1	226	8.61e-165	456	100
BELIKPJO_00758	mobileOG_000285021|tnp|A0A2H4HI16|integration/excision|NA|Plasmid	99.6	226	1	0	1	226	1	226	1.74e-164	455	100
BELIKPJO_00758	mobileOG_000286580|tnp|WP_123936736.1|integration/excision|NA|Plasmid	99.6	226	1	0	1	226	1	226	1.74e-164	455	100
BELIKPJO_00758	mobileOG_000302372|tnp|A0A222W673|integration/excision|NA|Plasmid	99.6	226	1	0	1	226	1	226	1.74e-164	455	100
BELIKPJO_00758	mobileOG_000338689|tnp|WP_096638037.1|integration/excision|NA|Plasmid	99.6	226	1	0	1	226	1	226	1.74e-164	455	100
BELIKPJO_00758	mobileOG_000295950|tnp|WP_159373648.1|integration/excision|NA|Plasmid	99.6	226	1	0	1	226	1	226	2.47e-164	454	100
BELIKPJO_00758	mobileOG_000067144|tnp|WP_053109498.1|integration/excision|NA|Multiple|Homology	99.6	226	1	0	1	226	1	226	2.47e-164	454	100
BELIKPJO_00758	mobileOG_000067152|tnp|WP_053109531.1|integration/excision|NA|Multiple|Homology	99.6	226	1	0	1	226	1	226	2.47e-164	454	100
BELIKPJO_00758	mobileOG_000069970|tnp|WP_016252778.1|integration/excision|NA|Multiple|Homology	99.6	226	1	0	1	226	1	226	2.47e-164	454	100
BELIKPJO_00758	mobileOG_000282796|tnp|WP_080114315.1|integration/excision|NA|Plasmid	100	225	0	0	1	225	1	225	2.47e-164	454	99.6
BELIKPJO_00758	mobileOG_000288900|tnp|WP_105208453.1|integration/excision|NA|Plasmid	99.6	226	1	0	1	226	1	226	2.47e-164	454	100
BELIKPJO_00758	mobileOG_000295841|tnp|WP_139896901.1|integration/excision|NA|Plasmid	99.6	226	1	0	1	226	1	226	2.47e-164	454	100
BELIKPJO_00758	mobileOG_000338023|tnp|WP_002367814.1|integration/excision|NA|Plasmid	99.6	226	1	0	1	226	1	226	2.47e-164	454	100
BELIKPJO_00780	mobileOG_000071418|int|WP_081144405.1|integration/excision|NA|Multiple|Homology	100	319	0	0	1	319	1	319	5.02e-240	654	100
BELIKPJO_00780	mobileOG_000338311|int|WP_081144405.1|integration/excision|NA|Multiple|Homology	100	319	0	0	1	319	1	319	7.03e-240	654	100
BELIKPJO_00780	mobileOG_000339250|int|A0A0M2AVQ0|integration/excision|NA|Plasmid	99.7	319	1	0	1	319	1	319	2.04e-239	652	100
BELIKPJO_00780	mobileOG_000339978|int|WP_002293280.1|integration/excision|NA|Plasmid	99.7	319	1	0	1	319	1	319	2.90e-239	652	100
BELIKPJO_00780	mobileOG_000338924|int|WP_075070733.1|integration/excision|NA|Plasmid	100	318	0	0	1	318	1	318	3.72e-239	652	99.7
BELIKPJO_00780	mobileOG_000339246|int|WP_002375321.1|integration/excision|NA|Plasmid	99.7	319	1	0	1	319	1	319	5.86e-239	651	100
BELIKPJO_00780	mobileOG_000073284|int|WP_058147823.1|integration/excision|NA|Multiple|Homology	99.7	319	1	0	1	319	1	319	1.18e-238	650	100
BELIKPJO_00780	mobileOG_000337978|int|WP_002297271.1|integration/excision|NA|Multiple|Homology	99.4	319	2	0	1	319	1	319	1.18e-238	650	100
BELIKPJO_00780	mobileOG_000339157|int|WP_128251852.1|integration/excision|NA|Plasmid	99.4	319	2	0	1	319	1	319	1.68e-238	650	100
BELIKPJO_00780	mobileOG_000337980|int|U7U6Q0|integration/excision|NA|Plasmid	99.4	319	2	0	1	319	1	319	2.39e-238	649	100
BELIKPJO_00780	mobileOG_000338691|int|WP_002346735.1|integration/excision|NA|Plasmid	99.4	319	2	0	1	319	1	319	2.39e-238	649	100
BELIKPJO_00780	mobileOG_000067123|int|WP_016176468.1|integration/excision|NA|Multiple|Homology	99.4	319	2	0	1	319	1	319	3.39e-238	649	100
BELIKPJO_00780	mobileOG_000339699|int|WP_099097800.1|integration/excision|NA|Plasmid	99.1	319	3	0	1	319	1	319	3.39e-238	649	100
BELIKPJO_00780	mobileOG_000338224|int|WP_060811263.1|integration/excision|NA|Plasmid	99.4	319	2	0	1	319	1	319	4.82e-238	649	100
BELIKPJO_00780	mobileOG_000338019|int|WP_010723246.1|integration/excision|NA|Multiple|Homology	99.1	319	3	0	1	319	1	319	9.72e-238	648	100
BELIKPJO_00791	mobileOG_000006632|mecA|D4EWG0|transfer|competence|GPD|Manual	100	220	0	0	1	220	1	220	5.79e-151	420	100
BELIKPJO_00791	mobileOG_000192860|mecA|R3I1F3|transfer|competence|GPD|Homology	99.5	220	1	0	1	220	1	220	2.36e-150	419	100
BELIKPJO_00804	mobileOG_000261927|recD2|J5E2C0|transfer|conjugation|GPD|Homology	99.5	869	4	0	1	869	1	869	0.0	1664	100
BELIKPJO_00804	mobileOG_000241801|recD2|R3I1E0|transfer|conjugation|GPD|Homology	99.4	869	5	0	1	869	1	869	0.0	1662	100
BELIKPJO_00820	mobileOG_000071418|int|WP_081144405.1|integration/excision|NA|Multiple|Homology	100	319	0	0	1	319	1	319	5.02e-240	654	100
BELIKPJO_00820	mobileOG_000338311|int|WP_081144405.1|integration/excision|NA|Multiple|Homology	100	319	0	0	1	319	1	319	7.03e-240	654	100
BELIKPJO_00820	mobileOG_000339250|int|A0A0M2AVQ0|integration/excision|NA|Plasmid	99.7	319	1	0	1	319	1	319	2.04e-239	652	100
BELIKPJO_00820	mobileOG_000339978|int|WP_002293280.1|integration/excision|NA|Plasmid	99.7	319	1	0	1	319	1	319	2.90e-239	652	100
BELIKPJO_00820	mobileOG_000338924|int|WP_075070733.1|integration/excision|NA|Plasmid	100	318	0	0	1	318	1	318	3.72e-239	652	99.7
BELIKPJO_00820	mobileOG_000339246|int|WP_002375321.1|integration/excision|NA|Plasmid	99.7	319	1	0	1	319	1	319	5.86e-239	651	100
BELIKPJO_00820	mobileOG_000073284|int|WP_058147823.1|integration/excision|NA|Multiple|Homology	99.7	319	1	0	1	319	1	319	1.18e-238	650	100
BELIKPJO_00820	mobileOG_000337978|int|WP_002297271.1|integration/excision|NA|Multiple|Homology	99.4	319	2	0	1	319	1	319	1.18e-238	650	100
BELIKPJO_00820	mobileOG_000339157|int|WP_128251852.1|integration/excision|NA|Plasmid	99.4	319	2	0	1	319	1	319	1.68e-238	650	100
BELIKPJO_00820	mobileOG_000337980|int|U7U6Q0|integration/excision|NA|Plasmid	99.4	319	2	0	1	319	1	319	2.39e-238	649	100
BELIKPJO_00820	mobileOG_000338691|int|WP_002346735.1|integration/excision|NA|Plasmid	99.4	319	2	0	1	319	1	319	2.39e-238	649	100
BELIKPJO_00820	mobileOG_000067123|int|WP_016176468.1|integration/excision|NA|Multiple|Homology	99.4	319	2	0	1	319	1	319	3.39e-238	649	100
BELIKPJO_00820	mobileOG_000339699|int|WP_099097800.1|integration/excision|NA|Plasmid	99.1	319	3	0	1	319	1	319	3.39e-238	649	100
BELIKPJO_00820	mobileOG_000338224|int|WP_060811263.1|integration/excision|NA|Plasmid	99.4	319	2	0	1	319	1	319	4.82e-238	649	100
BELIKPJO_00820	mobileOG_000338019|int|WP_010723246.1|integration/excision|NA|Multiple|Homology	99.1	319	3	0	1	319	1	319	9.72e-238	648	100
BELIKPJO_00836	mobileOG_000301553|groL|WP_002290607.1|phage|replication,chaperone|Plasmid	95.9	542	20	2	1	541	1	541	0.0	951	100
BELIKPJO_00840	mobileOG_000071418|int|WP_081144405.1|integration/excision|NA|Multiple|Homology	100	319	0	0	1	319	1	319	5.02e-240	654	100
BELIKPJO_00840	mobileOG_000338311|int|WP_081144405.1|integration/excision|NA|Multiple|Homology	100	319	0	0	1	319	1	319	7.03e-240	654	100
BELIKPJO_00840	mobileOG_000339250|int|A0A0M2AVQ0|integration/excision|NA|Plasmid	99.7	319	1	0	1	319	1	319	2.04e-239	652	100
BELIKPJO_00840	mobileOG_000339978|int|WP_002293280.1|integration/excision|NA|Plasmid	99.7	319	1	0	1	319	1	319	2.90e-239	652	100
BELIKPJO_00840	mobileOG_000338924|int|WP_075070733.1|integration/excision|NA|Plasmid	100	318	0	0	1	318	1	318	3.72e-239	652	99.7
BELIKPJO_00840	mobileOG_000339246|int|WP_002375321.1|integration/excision|NA|Plasmid	99.7	319	1	0	1	319	1	319	5.86e-239	651	100
BELIKPJO_00840	mobileOG_000073284|int|WP_058147823.1|integration/excision|NA|Multiple|Homology	99.7	319	1	0	1	319	1	319	1.18e-238	650	100
BELIKPJO_00840	mobileOG_000337978|int|WP_002297271.1|integration/excision|NA|Multiple|Homology	99.4	319	2	0	1	319	1	319	1.18e-238	650	100
BELIKPJO_00840	mobileOG_000339157|int|WP_128251852.1|integration/excision|NA|Plasmid	99.4	319	2	0	1	319	1	319	1.68e-238	650	100
BELIKPJO_00840	mobileOG_000337980|int|U7U6Q0|integration/excision|NA|Plasmid	99.4	319	2	0	1	319	1	319	2.39e-238	649	100
BELIKPJO_00840	mobileOG_000338691|int|WP_002346735.1|integration/excision|NA|Plasmid	99.4	319	2	0	1	319	1	319	2.39e-238	649	100
BELIKPJO_00840	mobileOG_000067123|int|WP_016176468.1|integration/excision|NA|Multiple|Homology	99.4	319	2	0	1	319	1	319	3.39e-238	649	100
BELIKPJO_00840	mobileOG_000339699|int|WP_099097800.1|integration/excision|NA|Plasmid	99.1	319	3	0	1	319	1	319	3.39e-238	649	100
BELIKPJO_00840	mobileOG_000338224|int|WP_060811263.1|integration/excision|NA|Plasmid	99.4	319	2	0	1	319	1	319	4.82e-238	649	100
BELIKPJO_00840	mobileOG_000338019|int|WP_010723246.1|integration/excision|NA|Multiple|Homology	99.1	319	3	0	1	319	1	319	9.72e-238	648	100
BELIKPJO_00928	mobileOG_000071418|int|WP_081144405.1|integration/excision|NA|Multiple|Homology	100	319	0	0	1	319	1	319	5.02e-240	654	100
BELIKPJO_00928	mobileOG_000338311|int|WP_081144405.1|integration/excision|NA|Multiple|Homology	100	319	0	0	1	319	1	319	7.03e-240	654	100
BELIKPJO_00928	mobileOG_000339250|int|A0A0M2AVQ0|integration/excision|NA|Plasmid	99.7	319	1	0	1	319	1	319	2.04e-239	652	100
BELIKPJO_00928	mobileOG_000339978|int|WP_002293280.1|integration/excision|NA|Plasmid	99.7	319	1	0	1	319	1	319	2.90e-239	652	100
BELIKPJO_00928	mobileOG_000338924|int|WP_075070733.1|integration/excision|NA|Plasmid	100	318	0	0	1	318	1	318	3.72e-239	652	99.7
BELIKPJO_00928	mobileOG_000339246|int|WP_002375321.1|integration/excision|NA|Plasmid	99.7	319	1	0	1	319	1	319	5.86e-239	651	100
BELIKPJO_00928	mobileOG_000073284|int|WP_058147823.1|integration/excision|NA|Multiple|Homology	99.7	319	1	0	1	319	1	319	1.18e-238	650	100
BELIKPJO_00928	mobileOG_000337978|int|WP_002297271.1|integration/excision|NA|Multiple|Homology	99.4	319	2	0	1	319	1	319	1.18e-238	650	100
BELIKPJO_00928	mobileOG_000339157|int|WP_128251852.1|integration/excision|NA|Plasmid	99.4	319	2	0	1	319	1	319	1.68e-238	650	100
BELIKPJO_00928	mobileOG_000337980|int|U7U6Q0|integration/excision|NA|Plasmid	99.4	319	2	0	1	319	1	319	2.39e-238	649	100
BELIKPJO_00928	mobileOG_000338691|int|WP_002346735.1|integration/excision|NA|Plasmid	99.4	319	2	0	1	319	1	319	2.39e-238	649	100
BELIKPJO_00928	mobileOG_000067123|int|WP_016176468.1|integration/excision|NA|Multiple|Homology	99.4	319	2	0	1	319	1	319	3.39e-238	649	100
BELIKPJO_00928	mobileOG_000339699|int|WP_099097800.1|integration/excision|NA|Plasmid	99.1	319	3	0	1	319	1	319	3.39e-238	649	100
BELIKPJO_00928	mobileOG_000338224|int|WP_060811263.1|integration/excision|NA|Plasmid	99.4	319	2	0	1	319	1	319	4.82e-238	649	100
BELIKPJO_00928	mobileOG_000338019|int|WP_010723246.1|integration/excision|NA|Multiple|Homology	99.1	319	3	0	1	319	1	319	9.72e-238	648	100
BELIKPJO_00935	mobileOG_000034805|tnp|WP_002354485.1|integration/excision|NA|Multiple|Homology	100	226	0	0	1	226	1	226	6.06e-165	456	100
BELIKPJO_00935	mobileOG_000034881|tnp|WP_002354485.1|integration/excision|NA|Multiple|Homology	100	226	0	0	1	226	3	228	6.52e-165	456	100
BELIKPJO_00935	mobileOG_000367988|tnp|WP_161544171.1|integration/excision|NA|Plasmid	99.6	226	1	0	1	226	1	226	8.61e-165	456	100
BELIKPJO_00935	mobileOG_000285021|tnp|A0A2H4HI16|integration/excision|NA|Plasmid	99.6	226	1	0	1	226	1	226	1.74e-164	455	100
BELIKPJO_00935	mobileOG_000286580|tnp|WP_123936736.1|integration/excision|NA|Plasmid	99.6	226	1	0	1	226	1	226	1.74e-164	455	100
BELIKPJO_00935	mobileOG_000302372|tnp|A0A222W673|integration/excision|NA|Plasmid	99.6	226	1	0	1	226	1	226	1.74e-164	455	100
BELIKPJO_00935	mobileOG_000338689|tnp|WP_096638037.1|integration/excision|NA|Plasmid	99.6	226	1	0	1	226	1	226	1.74e-164	455	100
BELIKPJO_00935	mobileOG_000295950|tnp|WP_159373648.1|integration/excision|NA|Plasmid	99.6	226	1	0	1	226	1	226	2.47e-164	454	100
BELIKPJO_00935	mobileOG_000067144|tnp|WP_053109498.1|integration/excision|NA|Multiple|Homology	99.6	226	1	0	1	226	1	226	2.47e-164	454	100
BELIKPJO_00935	mobileOG_000067152|tnp|WP_053109531.1|integration/excision|NA|Multiple|Homology	99.6	226	1	0	1	226	1	226	2.47e-164	454	100
BELIKPJO_00935	mobileOG_000069970|tnp|WP_016252778.1|integration/excision|NA|Multiple|Homology	99.6	226	1	0	1	226	1	226	2.47e-164	454	100
BELIKPJO_00935	mobileOG_000282796|tnp|WP_080114315.1|integration/excision|NA|Plasmid	100	225	0	0	1	225	1	225	2.47e-164	454	99.6
BELIKPJO_00935	mobileOG_000288900|tnp|WP_105208453.1|integration/excision|NA|Plasmid	99.6	226	1	0	1	226	1	226	2.47e-164	454	100
BELIKPJO_00935	mobileOG_000295841|tnp|WP_139896901.1|integration/excision|NA|Plasmid	99.6	226	1	0	1	226	1	226	2.47e-164	454	100
BELIKPJO_00935	mobileOG_000338023|tnp|WP_002367814.1|integration/excision|NA|Plasmid	99.6	226	1	0	1	226	1	226	2.47e-164	454	100
BELIKPJO_01015	mobileOG_000191846|rnj|D4ERB5|replication/recombination/repair|NA|GPD|Homology	100	561	0	0	1	561	1	561	0.0	1106	100
BELIKPJO_01182	mobileOG_000071418|int|WP_081144405.1|integration/excision|NA|Multiple|Homology	99.7	319	1	0	1	319	1	319	2.04e-239	652	100
BELIKPJO_01182	mobileOG_000338311|int|WP_081144405.1|integration/excision|NA|Multiple|Homology	99.7	319	1	0	1	319	1	319	2.86e-239	652	100
BELIKPJO_01182	mobileOG_000339250|int|A0A0M2AVQ0|integration/excision|NA|Plasmid	99.4	319	2	0	1	319	1	319	8.33e-239	650	100
BELIKPJO_01182	mobileOG_000339978|int|WP_002293280.1|integration/excision|NA|Plasmid	99.4	319	2	0	1	319	1	319	1.18e-238	650	100
BELIKPJO_01182	mobileOG_000338924|int|WP_075070733.1|integration/excision|NA|Plasmid	99.7	318	1	0	1	318	1	318	1.52e-238	650	99.7
BELIKPJO_01182	mobileOG_000339246|int|WP_002375321.1|integration/excision|NA|Plasmid	99.4	319	2	0	1	319	1	319	2.39e-238	649	100
BELIKPJO_01182	mobileOG_000073284|int|WP_058147823.1|integration/excision|NA|Multiple|Homology	99.4	319	2	0	1	319	1	319	4.82e-238	649	100
BELIKPJO_01182	mobileOG_000337978|int|WP_002297271.1|integration/excision|NA|Multiple|Homology	99.1	319	3	0	1	319	1	319	4.82e-238	649	100
BELIKPJO_01182	mobileOG_000339157|int|WP_128251852.1|integration/excision|NA|Plasmid	99.1	319	3	0	1	319	1	319	6.84e-238	648	100
BELIKPJO_01182	mobileOG_000337980|int|U7U6Q0|integration/excision|NA|Plasmid	99.1	319	3	0	1	319	1	319	9.72e-238	648	100
BELIKPJO_01182	mobileOG_000338691|int|WP_002346735.1|integration/excision|NA|Plasmid	99.1	319	3	0	1	319	1	319	9.72e-238	648	100
BELIKPJO_01182	mobileOG_000067123|int|WP_016176468.1|integration/excision|NA|Multiple|Homology	99.1	319	3	0	1	319	1	319	1.38e-237	647	100
BELIKPJO_01182	mobileOG_000339699|int|WP_099097800.1|integration/excision|NA|Plasmid	98.7	319	4	0	1	319	1	319	1.38e-237	647	100
BELIKPJO_01182	mobileOG_000338224|int|WP_060811263.1|integration/excision|NA|Plasmid	99.1	319	3	0	1	319	1	319	1.96e-237	647	100
BELIKPJO_01182	mobileOG_000338019|int|WP_010723246.1|integration/excision|NA|Multiple|Homology	98.7	319	4	0	1	319	1	319	3.96e-237	646	100
BELIKPJO_01289	mobileOG_000023824|recA|WP_002287328.1|replication/recombination/repair|NA|Plasmid	90.2	346	34	0	1	346	1	346	1.94e-220	607	99.4
BELIKPJO_01296	mobileOG_000071418|int|WP_081144405.1|integration/excision|NA|Multiple|Homology	100	319	0	0	1	319	1	319	5.02e-240	654	100
BELIKPJO_01296	mobileOG_000338311|int|WP_081144405.1|integration/excision|NA|Multiple|Homology	100	319	0	0	1	319	1	319	7.03e-240	654	100
BELIKPJO_01296	mobileOG_000339250|int|A0A0M2AVQ0|integration/excision|NA|Plasmid	99.7	319	1	0	1	319	1	319	2.04e-239	652	100
BELIKPJO_01296	mobileOG_000339978|int|WP_002293280.1|integration/excision|NA|Plasmid	99.7	319	1	0	1	319	1	319	2.90e-239	652	100
BELIKPJO_01296	mobileOG_000338924|int|WP_075070733.1|integration/excision|NA|Plasmid	100	318	0	0	1	318	1	318	3.72e-239	652	99.7
BELIKPJO_01296	mobileOG_000339246|int|WP_002375321.1|integration/excision|NA|Plasmid	99.7	319	1	0	1	319	1	319	5.86e-239	651	100
BELIKPJO_01296	mobileOG_000073284|int|WP_058147823.1|integration/excision|NA|Multiple|Homology	99.7	319	1	0	1	319	1	319	1.18e-238	650	100
BELIKPJO_01296	mobileOG_000337978|int|WP_002297271.1|integration/excision|NA|Multiple|Homology	99.4	319	2	0	1	319	1	319	1.18e-238	650	100
BELIKPJO_01296	mobileOG_000339157|int|WP_128251852.1|integration/excision|NA|Plasmid	99.4	319	2	0	1	319	1	319	1.68e-238	650	100
BELIKPJO_01296	mobileOG_000337980|int|U7U6Q0|integration/excision|NA|Plasmid	99.4	319	2	0	1	319	1	319	2.39e-238	649	100
BELIKPJO_01296	mobileOG_000338691|int|WP_002346735.1|integration/excision|NA|Plasmid	99.4	319	2	0	1	319	1	319	2.39e-238	649	100
BELIKPJO_01296	mobileOG_000067123|int|WP_016176468.1|integration/excision|NA|Multiple|Homology	99.4	319	2	0	1	319	1	319	3.39e-238	649	100
BELIKPJO_01296	mobileOG_000339699|int|WP_099097800.1|integration/excision|NA|Plasmid	99.1	319	3	0	1	319	1	319	3.39e-238	649	100
BELIKPJO_01296	mobileOG_000338224|int|WP_060811263.1|integration/excision|NA|Plasmid	99.4	319	2	0	1	319	1	319	4.82e-238	649	100
BELIKPJO_01296	mobileOG_000338019|int|WP_010723246.1|integration/excision|NA|Multiple|Homology	99.1	319	3	0	1	319	1	319	9.72e-238	648	100
BELIKPJO_01341	mobileOG_000305086|mazF_2|WP_001278770.1|stability/transfer/defense|NA|Multiple|Homology	94.7	113	6	0	1	113	1	113	7.21e-75	219	100
BELIKPJO_01341	mobileOG_000305089|mazF_2|WP_002375375.1|stability/transfer/defense|NA|Plasmid	93.8	113	7	0	1	113	1	113	1.02e-74	219	100
BELIKPJO_01341	mobileOG_000305106|mazF_2|A0A4V5WKF1|stability/transfer/defense|NA|Plasmid	93.8	113	7	0	1	113	1	113	2.07e-74	218	100
BELIKPJO_01341	mobileOG_000305090|mazF_2|WP_002394791.1|stability/transfer/defense|NA|Plasmid	93.8	113	7	0	1	113	1	113	2.94e-74	218	100
BELIKPJO_01341	mobileOG_000305445|mazF_2|WP_087548803.1|stability/transfer/defense|NA|Multiple|Homology	93.8	113	7	0	1	113	1	113	4.17e-74	217	100
BELIKPJO_01341	mobileOG_000305085|mazF_2|WP_070416029.1|stability/transfer/defense|NA|Plasmid	92.9	113	8	0	1	113	1	113	6.93e-73	214	100
BELIKPJO_01341	mobileOG_000305088|mazF_2|WP_002362432.1|stability/transfer/defense|NA|Multiple|Homology	92.0	113	9	0	1	113	1	113	1.99e-72	213	100
BELIKPJO_01341	mobileOG_000316717|mazF_2|WP_010784114.1|stability/transfer/defense|NA|Plasmid	91.2	113	10	0	1	113	1	113	1.64e-71	211	100
BELIKPJO_01495	mobileOG_000071418|int|WP_081144405.1|integration/excision|NA|Multiple|Homology	100	319	0	0	1	319	1	319	5.02e-240	654	100
BELIKPJO_01495	mobileOG_000338311|int|WP_081144405.1|integration/excision|NA|Multiple|Homology	100	319	0	0	1	319	1	319	7.03e-240	654	100
BELIKPJO_01495	mobileOG_000339250|int|A0A0M2AVQ0|integration/excision|NA|Plasmid	99.7	319	1	0	1	319	1	319	2.04e-239	652	100
BELIKPJO_01495	mobileOG_000339978|int|WP_002293280.1|integration/excision|NA|Plasmid	99.7	319	1	0	1	319	1	319	2.90e-239	652	100
BELIKPJO_01495	mobileOG_000338924|int|WP_075070733.1|integration/excision|NA|Plasmid	100	318	0	0	1	318	1	318	3.72e-239	652	99.7
BELIKPJO_01495	mobileOG_000339246|int|WP_002375321.1|integration/excision|NA|Plasmid	99.7	319	1	0	1	319	1	319	5.86e-239	651	100
BELIKPJO_01495	mobileOG_000073284|int|WP_058147823.1|integration/excision|NA|Multiple|Homology	99.7	319	1	0	1	319	1	319	1.18e-238	650	100
BELIKPJO_01495	mobileOG_000337978|int|WP_002297271.1|integration/excision|NA|Multiple|Homology	99.4	319	2	0	1	319	1	319	1.18e-238	650	100
BELIKPJO_01495	mobileOG_000339157|int|WP_128251852.1|integration/excision|NA|Plasmid	99.4	319	2	0	1	319	1	319	1.68e-238	650	100
BELIKPJO_01495	mobileOG_000337980|int|U7U6Q0|integration/excision|NA|Plasmid	99.4	319	2	0	1	319	1	319	2.39e-238	649	100
BELIKPJO_01495	mobileOG_000338691|int|WP_002346735.1|integration/excision|NA|Plasmid	99.4	319	2	0	1	319	1	319	2.39e-238	649	100
BELIKPJO_01495	mobileOG_000067123|int|WP_016176468.1|integration/excision|NA|Multiple|Homology	99.4	319	2	0	1	319	1	319	3.39e-238	649	100
BELIKPJO_01495	mobileOG_000339699|int|WP_099097800.1|integration/excision|NA|Plasmid	99.1	319	3	0	1	319	1	319	3.39e-238	649	100
BELIKPJO_01495	mobileOG_000338224|int|WP_060811263.1|integration/excision|NA|Plasmid	99.4	319	2	0	1	319	1	319	4.82e-238	649	100
BELIKPJO_01495	mobileOG_000338019|int|WP_010723246.1|integration/excision|NA|Multiple|Homology	99.1	319	3	0	1	319	1	319	9.72e-238	648	100
BELIKPJO_01611	mobileOG_000321097|nuc|WP_002367711.1|transfer|competence|Multiple|Homology	97.9	192	4	0	1	192	1	192	2.72e-133	373	100
BELIKPJO_01611	mobileOG_000293531|nuc|WP_002387938.1|transfer|competence|Multiple|Homology	97.9	192	4	0	1	192	1	192	5.48e-133	372	100
BELIKPJO_01611	mobileOG_000036567|nuc|WP_002395034.1|transfer|competence|Multiple|Homology	97.4	192	5	0	1	192	1	192	1.57e-132	371	100
BELIKPJO_01611	mobileOG_000060023|nuc|E6GGK0|transfer|competence|COMPASS|Homology	96.9	192	6	0	1	192	1	192	4.51e-132	370	100
BELIKPJO_01613	mobileOG_000037379|ssb|WP_002368292.1|replication/recombination/repair|NA|Multiple|Homology	99.3	150	1	0	1	150	1	150	1.19e-102	292	100
BELIKPJO_01613	mobileOG_000036566|ssb|WP_002393727.1|replication/recombination/repair|NA|Multiple|Homology	98.7	150	2	0	1	150	1	150	1.69e-102	292	100
BELIKPJO_01613	mobileOG_000327258|ssb|WP_002382038.1|replication/recombination/repair|NA|Plasmid	98.7	150	2	0	1	150	1	150	1.97e-101	289	100
BELIKPJO_01613	mobileOG_000057813|ssb|WP_002360851.1|replication/recombination/repair|NA|Multiple|Homology	98.0	150	3	0	1	150	1	150	5.66e-101	288	100
BELIKPJO_01613	mobileOG_000354643|ssb|WP_042888940.1|replication/recombination/repair|NA|Plasmid	97.3	150	4	0	1	150	1	150	8.04e-101	288	100
BELIKPJO_01613	mobileOG_000331724|ssb|WP_002365876.1|replication/recombination/repair|NA|Plasmid	96.0	150	6	0	1	150	1	150	2.22e-98	281	100
BELIKPJO_01613	mobileOG_000331725|ssb|WP_002367708.1|replication/recombination/repair|NA|Multiple|Homology	95.3	150	7	0	1	150	1	150	2.59e-97	279	100
BELIKPJO_01627	mobileOG_000057811|mazF_2|WP_002360827.1|stability/transfer/defense|NA|Multiple|Homology	100	108	0	0	1	108	1	108	8.60e-76	221	100
BELIKPJO_01627	mobileOG_000283754|mazF_2|A0A1W6QY29|stability/transfer/defense|NA|Multiple|Homology	90.5	105	10	0	4	108	4	108	1.81e-68	202	97.2
BELIKPJO_01650	mobileOG_000071418|int|WP_081144405.1|integration/excision|NA|Multiple|Homology	100	319	0	0	1	319	1	319	5.02e-240	654	100
BELIKPJO_01650	mobileOG_000338311|int|WP_081144405.1|integration/excision|NA|Multiple|Homology	100	319	0	0	1	319	1	319	7.03e-240	654	100
BELIKPJO_01650	mobileOG_000339250|int|A0A0M2AVQ0|integration/excision|NA|Plasmid	99.7	319	1	0	1	319	1	319	2.04e-239	652	100
BELIKPJO_01650	mobileOG_000339978|int|WP_002293280.1|integration/excision|NA|Plasmid	99.7	319	1	0	1	319	1	319	2.90e-239	652	100
BELIKPJO_01650	mobileOG_000338924|int|WP_075070733.1|integration/excision|NA|Plasmid	100	318	0	0	1	318	1	318	3.72e-239	652	99.7
BELIKPJO_01650	mobileOG_000339246|int|WP_002375321.1|integration/excision|NA|Plasmid	99.7	319	1	0	1	319	1	319	5.86e-239	651	100
BELIKPJO_01650	mobileOG_000073284|int|WP_058147823.1|integration/excision|NA|Multiple|Homology	99.7	319	1	0	1	319	1	319	1.18e-238	650	100
BELIKPJO_01650	mobileOG_000337978|int|WP_002297271.1|integration/excision|NA|Multiple|Homology	99.4	319	2	0	1	319	1	319	1.18e-238	650	100
BELIKPJO_01650	mobileOG_000339157|int|WP_128251852.1|integration/excision|NA|Plasmid	99.4	319	2	0	1	319	1	319	1.68e-238	650	100
BELIKPJO_01650	mobileOG_000337980|int|U7U6Q0|integration/excision|NA|Plasmid	99.4	319	2	0	1	319	1	319	2.39e-238	649	100
BELIKPJO_01650	mobileOG_000338691|int|WP_002346735.1|integration/excision|NA|Plasmid	99.4	319	2	0	1	319	1	319	2.39e-238	649	100
BELIKPJO_01650	mobileOG_000067123|int|WP_016176468.1|integration/excision|NA|Multiple|Homology	99.4	319	2	0	1	319	1	319	3.39e-238	649	100
BELIKPJO_01650	mobileOG_000339699|int|WP_099097800.1|integration/excision|NA|Plasmid	99.1	319	3	0	1	319	1	319	3.39e-238	649	100
BELIKPJO_01650	mobileOG_000338224|int|WP_060811263.1|integration/excision|NA|Plasmid	99.4	319	2	0	1	319	1	319	4.82e-238	649	100
BELIKPJO_01650	mobileOG_000338019|int|WP_010723246.1|integration/excision|NA|Multiple|Homology	99.1	319	3	0	1	319	1	319	9.72e-238	648	100
BELIKPJO_01800	mobileOG_000265828|dnaX|A0A1X3NQ24|replication/recombination/repair|NA|GPD|Homology	99.8	586	1	0	1	586	1	586	0.0	1134	100
BELIKPJO_01815	mobileOG_000022183|recR|D4EY38|replication/recombination/repair|NA|GPD|Manual	100	198	0	0	1	198	1	198	5.06e-141	393	100
BELIKPJO_01816	mobileOG_000265827|tmk|D4EY37|phage|stability/transfer/defense,metabolism|GPD|Homology	99.5	212	1	0	1	212	1	212	4.59e-144	402	100
BELIKPJO_01818	mobileOG_000022182|holB|A0A1G1SGA7|replication/recombination/repair|NA|GPD|Manual	100	316	0	0	1	316	1	316	4.96e-209	575	100
BELIKPJO_01824	mobileOG_000022181|dinB|D4EY29|replication/recombination/repair|NA|GPD|Manual	99.7	372	1	0	1	372	1	372	4.34e-270	734	100
BELIKPJO_01838	mobileOG_000310964|tnp_2|WP_087548797.1|integration/excision|NA|Multiple|Homology	98.9	443	5	0	1	443	1	443	0.0	880	100
BELIKPJO_01838	mobileOG_000310969|tnp_2|WP_087548780.1|integration/excision|NA|Multiple|Homology	95.0	443	3	1	1	443	1	424	3.13e-308	836	100
BELIKPJO_01865	mobileOG_000034805|tnp|WP_002354485.1|integration/excision|NA|Multiple|Homology	100	226	0	0	1	226	1	226	6.06e-165	456	100
BELIKPJO_01865	mobileOG_000034881|tnp|WP_002354485.1|integration/excision|NA|Multiple|Homology	100	226	0	0	1	226	3	228	6.52e-165	456	100
BELIKPJO_01865	mobileOG_000367988|tnp|WP_161544171.1|integration/excision|NA|Plasmid	99.6	226	1	0	1	226	1	226	8.61e-165	456	100
BELIKPJO_01865	mobileOG_000285021|tnp|A0A2H4HI16|integration/excision|NA|Plasmid	99.6	226	1	0	1	226	1	226	1.74e-164	455	100
BELIKPJO_01865	mobileOG_000286580|tnp|WP_123936736.1|integration/excision|NA|Plasmid	99.6	226	1	0	1	226	1	226	1.74e-164	455	100
BELIKPJO_01865	mobileOG_000302372|tnp|A0A222W673|integration/excision|NA|Plasmid	99.6	226	1	0	1	226	1	226	1.74e-164	455	100
BELIKPJO_01865	mobileOG_000338689|tnp|WP_096638037.1|integration/excision|NA|Plasmid	99.6	226	1	0	1	226	1	226	1.74e-164	455	100
BELIKPJO_01865	mobileOG_000295950|tnp|WP_159373648.1|integration/excision|NA|Plasmid	99.6	226	1	0	1	226	1	226	2.47e-164	454	100
BELIKPJO_01865	mobileOG_000067144|tnp|WP_053109498.1|integration/excision|NA|Multiple|Homology	99.6	226	1	0	1	226	1	226	2.47e-164	454	100
BELIKPJO_01865	mobileOG_000067152|tnp|WP_053109531.1|integration/excision|NA|Multiple|Homology	99.6	226	1	0	1	226	1	226	2.47e-164	454	100
BELIKPJO_01865	mobileOG_000069970|tnp|WP_016252778.1|integration/excision|NA|Multiple|Homology	99.6	226	1	0	1	226	1	226	2.47e-164	454	100
BELIKPJO_01865	mobileOG_000282796|tnp|WP_080114315.1|integration/excision|NA|Plasmid	100	225	0	0	1	225	1	225	2.47e-164	454	99.6
BELIKPJO_01865	mobileOG_000288900|tnp|WP_105208453.1|integration/excision|NA|Plasmid	99.6	226	1	0	1	226	1	226	2.47e-164	454	100
BELIKPJO_01865	mobileOG_000295841|tnp|WP_139896901.1|integration/excision|NA|Plasmid	99.6	226	1	0	1	226	1	226	2.47e-164	454	100
BELIKPJO_01865	mobileOG_000338023|tnp|WP_002367814.1|integration/excision|NA|Plasmid	99.6	226	1	0	1	226	1	226	2.47e-164	454	100
BELIKPJO_01882	mobileOG_000034805|tnp|WP_002354485.1|integration/excision|NA|Multiple|Homology	100	226	0	0	1	226	1	226	6.06e-165	456	100
BELIKPJO_01882	mobileOG_000034881|tnp|WP_002354485.1|integration/excision|NA|Multiple|Homology	100	226	0	0	1	226	3	228	6.52e-165	456	100
BELIKPJO_01882	mobileOG_000367988|tnp|WP_161544171.1|integration/excision|NA|Plasmid	99.6	226	1	0	1	226	1	226	8.61e-165	456	100
BELIKPJO_01882	mobileOG_000285021|tnp|A0A2H4HI16|integration/excision|NA|Plasmid	99.6	226	1	0	1	226	1	226	1.74e-164	455	100
BELIKPJO_01882	mobileOG_000286580|tnp|WP_123936736.1|integration/excision|NA|Plasmid	99.6	226	1	0	1	226	1	226	1.74e-164	455	100
BELIKPJO_01882	mobileOG_000302372|tnp|A0A222W673|integration/excision|NA|Plasmid	99.6	226	1	0	1	226	1	226	1.74e-164	455	100
BELIKPJO_01882	mobileOG_000338689|tnp|WP_096638037.1|integration/excision|NA|Plasmid	99.6	226	1	0	1	226	1	226	1.74e-164	455	100
BELIKPJO_01882	mobileOG_000295950|tnp|WP_159373648.1|integration/excision|NA|Plasmid	99.6	226	1	0	1	226	1	226	2.47e-164	454	100
BELIKPJO_01882	mobileOG_000067144|tnp|WP_053109498.1|integration/excision|NA|Multiple|Homology	99.6	226	1	0	1	226	1	226	2.47e-164	454	100
BELIKPJO_01882	mobileOG_000067152|tnp|WP_053109531.1|integration/excision|NA|Multiple|Homology	99.6	226	1	0	1	226	1	226	2.47e-164	454	100
BELIKPJO_01882	mobileOG_000069970|tnp|WP_016252778.1|integration/excision|NA|Multiple|Homology	99.6	226	1	0	1	226	1	226	2.47e-164	454	100
BELIKPJO_01882	mobileOG_000282796|tnp|WP_080114315.1|integration/excision|NA|Plasmid	100	225	0	0	1	225	1	225	2.47e-164	454	99.6
BELIKPJO_01882	mobileOG_000288900|tnp|WP_105208453.1|integration/excision|NA|Plasmid	99.6	226	1	0	1	226	1	226	2.47e-164	454	100
BELIKPJO_01882	mobileOG_000295841|tnp|WP_139896901.1|integration/excision|NA|Plasmid	99.6	226	1	0	1	226	1	226	2.47e-164	454	100
BELIKPJO_01882	mobileOG_000338023|tnp|WP_002367814.1|integration/excision|NA|Plasmid	99.6	226	1	0	1	226	1	226	2.47e-164	454	100
BELIKPJO_01921	mobileOG_000319770|nuc|WP_087548750.1|transfer|competence|Multiple|Homology	99.5	193	1	0	1	193	1	193	5.92e-133	372	100
BELIKPJO_01922	mobileOG_000335136|ssb|WP_087548749.1|phage|replication/recombination/repair|Multiple|Homology	99.0	97	1	0	1	97	73	169	9.82e-60	182	100
BELIKPJO_01923	mobileOG_000335136|ssb|WP_087548749.1|phage|replication/recombination/repair|Multiple|Homology	100	55	0	0	1	55	1	55	8.17e-35	117	100
BELIKPJO_01943	mobileOG_000034805|tnp|WP_002354485.1|integration/excision|NA|Multiple|Homology	100	226	0	0	1	226	1	226	6.06e-165	456	100
BELIKPJO_01943	mobileOG_000034881|tnp|WP_002354485.1|integration/excision|NA|Multiple|Homology	100	226	0	0	1	226	3	228	6.52e-165	456	100
BELIKPJO_01943	mobileOG_000367988|tnp|WP_161544171.1|integration/excision|NA|Plasmid	99.6	226	1	0	1	226	1	226	8.61e-165	456	100
BELIKPJO_01943	mobileOG_000285021|tnp|A0A2H4HI16|integration/excision|NA|Plasmid	99.6	226	1	0	1	226	1	226	1.74e-164	455	100
BELIKPJO_01943	mobileOG_000286580|tnp|WP_123936736.1|integration/excision|NA|Plasmid	99.6	226	1	0	1	226	1	226	1.74e-164	455	100
BELIKPJO_01943	mobileOG_000302372|tnp|A0A222W673|integration/excision|NA|Plasmid	99.6	226	1	0	1	226	1	226	1.74e-164	455	100
BELIKPJO_01943	mobileOG_000338689|tnp|WP_096638037.1|integration/excision|NA|Plasmid	99.6	226	1	0	1	226	1	226	1.74e-164	455	100
BELIKPJO_01943	mobileOG_000295950|tnp|WP_159373648.1|integration/excision|NA|Plasmid	99.6	226	1	0	1	226	1	226	2.47e-164	454	100
BELIKPJO_01943	mobileOG_000067144|tnp|WP_053109498.1|integration/excision|NA|Multiple|Homology	99.6	226	1	0	1	226	1	226	2.47e-164	454	100
BELIKPJO_01943	mobileOG_000067152|tnp|WP_053109531.1|integration/excision|NA|Multiple|Homology	99.6	226	1	0	1	226	1	226	2.47e-164	454	100
BELIKPJO_01943	mobileOG_000069970|tnp|WP_016252778.1|integration/excision|NA|Multiple|Homology	99.6	226	1	0	1	226	1	226	2.47e-164	454	100
BELIKPJO_01943	mobileOG_000282796|tnp|WP_080114315.1|integration/excision|NA|Plasmid	100	225	0	0	1	225	1	225	2.47e-164	454	99.6
BELIKPJO_01943	mobileOG_000288900|tnp|WP_105208453.1|integration/excision|NA|Plasmid	99.6	226	1	0	1	226	1	226	2.47e-164	454	100
BELIKPJO_01943	mobileOG_000295841|tnp|WP_139896901.1|integration/excision|NA|Plasmid	99.6	226	1	0	1	226	1	226	2.47e-164	454	100
BELIKPJO_01943	mobileOG_000338023|tnp|WP_002367814.1|integration/excision|NA|Plasmid	99.6	226	1	0	1	226	1	226	2.47e-164	454	100
BELIKPJO_01948	mobileOG_000034805|tnp|WP_002354485.1|integration/excision|NA|Multiple|Homology	100	226	0	0	1	226	1	226	6.06e-165	456	100
BELIKPJO_01948	mobileOG_000034881|tnp|WP_002354485.1|integration/excision|NA|Multiple|Homology	100	226	0	0	1	226	3	228	6.52e-165	456	100
BELIKPJO_01948	mobileOG_000367988|tnp|WP_161544171.1|integration/excision|NA|Plasmid	99.6	226	1	0	1	226	1	226	8.61e-165	456	100
BELIKPJO_01948	mobileOG_000285021|tnp|A0A2H4HI16|integration/excision|NA|Plasmid	99.6	226	1	0	1	226	1	226	1.74e-164	455	100
BELIKPJO_01948	mobileOG_000286580|tnp|WP_123936736.1|integration/excision|NA|Plasmid	99.6	226	1	0	1	226	1	226	1.74e-164	455	100
BELIKPJO_01948	mobileOG_000302372|tnp|A0A222W673|integration/excision|NA|Plasmid	99.6	226	1	0	1	226	1	226	1.74e-164	455	100
BELIKPJO_01948	mobileOG_000338689|tnp|WP_096638037.1|integration/excision|NA|Plasmid	99.6	226	1	0	1	226	1	226	1.74e-164	455	100
BELIKPJO_01948	mobileOG_000295950|tnp|WP_159373648.1|integration/excision|NA|Plasmid	99.6	226	1	0	1	226	1	226	2.47e-164	454	100
BELIKPJO_01948	mobileOG_000067144|tnp|WP_053109498.1|integration/excision|NA|Multiple|Homology	99.6	226	1	0	1	226	1	226	2.47e-164	454	100
BELIKPJO_01948	mobileOG_000067152|tnp|WP_053109531.1|integration/excision|NA|Multiple|Homology	99.6	226	1	0	1	226	1	226	2.47e-164	454	100
BELIKPJO_01948	mobileOG_000069970|tnp|WP_016252778.1|integration/excision|NA|Multiple|Homology	99.6	226	1	0	1	226	1	226	2.47e-164	454	100
BELIKPJO_01948	mobileOG_000282796|tnp|WP_080114315.1|integration/excision|NA|Plasmid	100	225	0	0	1	225	1	225	2.47e-164	454	99.6
BELIKPJO_01948	mobileOG_000288900|tnp|WP_105208453.1|integration/excision|NA|Plasmid	99.6	226	1	0	1	226	1	226	2.47e-164	454	100
BELIKPJO_01948	mobileOG_000295841|tnp|WP_139896901.1|integration/excision|NA|Plasmid	99.6	226	1	0	1	226	1	226	2.47e-164	454	100
BELIKPJO_01948	mobileOG_000338023|tnp|WP_002367814.1|integration/excision|NA|Plasmid	99.6	226	1	0	1	226	1	226	2.47e-164	454	100
BELIKPJO_01950	mobileOG_000034805|tnp|WP_002354485.1|integration/excision|NA|Multiple|Homology	100	226	0	0	1	226	1	226	6.06e-165	456	100
BELIKPJO_01950	mobileOG_000034881|tnp|WP_002354485.1|integration/excision|NA|Multiple|Homology	100	226	0	0	1	226	3	228	6.52e-165	456	100
BELIKPJO_01950	mobileOG_000367988|tnp|WP_161544171.1|integration/excision|NA|Plasmid	99.6	226	1	0	1	226	1	226	8.61e-165	456	100
BELIKPJO_01950	mobileOG_000285021|tnp|A0A2H4HI16|integration/excision|NA|Plasmid	99.6	226	1	0	1	226	1	226	1.74e-164	455	100
BELIKPJO_01950	mobileOG_000286580|tnp|WP_123936736.1|integration/excision|NA|Plasmid	99.6	226	1	0	1	226	1	226	1.74e-164	455	100
BELIKPJO_01950	mobileOG_000302372|tnp|A0A222W673|integration/excision|NA|Plasmid	99.6	226	1	0	1	226	1	226	1.74e-164	455	100
BELIKPJO_01950	mobileOG_000338689|tnp|WP_096638037.1|integration/excision|NA|Plasmid	99.6	226	1	0	1	226	1	226	1.74e-164	455	100
BELIKPJO_01950	mobileOG_000295950|tnp|WP_159373648.1|integration/excision|NA|Plasmid	99.6	226	1	0	1	226	1	226	2.47e-164	454	100
BELIKPJO_01950	mobileOG_000067144|tnp|WP_053109498.1|integration/excision|NA|Multiple|Homology	99.6	226	1	0	1	226	1	226	2.47e-164	454	100
BELIKPJO_01950	mobileOG_000067152|tnp|WP_053109531.1|integration/excision|NA|Multiple|Homology	99.6	226	1	0	1	226	1	226	2.47e-164	454	100
BELIKPJO_01950	mobileOG_000069970|tnp|WP_016252778.1|integration/excision|NA|Multiple|Homology	99.6	226	1	0	1	226	1	226	2.47e-164	454	100
BELIKPJO_01950	mobileOG_000282796|tnp|WP_080114315.1|integration/excision|NA|Plasmid	100	225	0	0	1	225	1	225	2.47e-164	454	99.6
BELIKPJO_01950	mobileOG_000288900|tnp|WP_105208453.1|integration/excision|NA|Plasmid	99.6	226	1	0	1	226	1	226	2.47e-164	454	100
BELIKPJO_01950	mobileOG_000295841|tnp|WP_139896901.1|integration/excision|NA|Plasmid	99.6	226	1	0	1	226	1	226	2.47e-164	454	100
BELIKPJO_01950	mobileOG_000338023|tnp|WP_002367814.1|integration/excision|NA|Plasmid	99.6	226	1	0	1	226	1	226	2.47e-164	454	100
BELIKPJO_01953	mobileOG_000034805|tnp|WP_002354485.1|integration/excision|NA|Multiple|Homology	100	226	0	0	1	226	1	226	6.06e-165	456	100
BELIKPJO_01953	mobileOG_000034881|tnp|WP_002354485.1|integration/excision|NA|Multiple|Homology	100	226	0	0	1	226	3	228	6.52e-165	456	100
BELIKPJO_01953	mobileOG_000367988|tnp|WP_161544171.1|integration/excision|NA|Plasmid	99.6	226	1	0	1	226	1	226	8.61e-165	456	100
BELIKPJO_01953	mobileOG_000285021|tnp|A0A2H4HI16|integration/excision|NA|Plasmid	99.6	226	1	0	1	226	1	226	1.74e-164	455	100
BELIKPJO_01953	mobileOG_000286580|tnp|WP_123936736.1|integration/excision|NA|Plasmid	99.6	226	1	0	1	226	1	226	1.74e-164	455	100
BELIKPJO_01953	mobileOG_000302372|tnp|A0A222W673|integration/excision|NA|Plasmid	99.6	226	1	0	1	226	1	226	1.74e-164	455	100
BELIKPJO_01953	mobileOG_000338689|tnp|WP_096638037.1|integration/excision|NA|Plasmid	99.6	226	1	0	1	226	1	226	1.74e-164	455	100
BELIKPJO_01953	mobileOG_000295950|tnp|WP_159373648.1|integration/excision|NA|Plasmid	99.6	226	1	0	1	226	1	226	2.47e-164	454	100
BELIKPJO_01953	mobileOG_000067144|tnp|WP_053109498.1|integration/excision|NA|Multiple|Homology	99.6	226	1	0	1	226	1	226	2.47e-164	454	100
BELIKPJO_01953	mobileOG_000067152|tnp|WP_053109531.1|integration/excision|NA|Multiple|Homology	99.6	226	1	0	1	226	1	226	2.47e-164	454	100
BELIKPJO_01953	mobileOG_000069970|tnp|WP_016252778.1|integration/excision|NA|Multiple|Homology	99.6	226	1	0	1	226	1	226	2.47e-164	454	100
BELIKPJO_01953	mobileOG_000282796|tnp|WP_080114315.1|integration/excision|NA|Plasmid	100	225	0	0	1	225	1	225	2.47e-164	454	99.6
BELIKPJO_01953	mobileOG_000288900|tnp|WP_105208453.1|integration/excision|NA|Plasmid	99.6	226	1	0	1	226	1	226	2.47e-164	454	100
BELIKPJO_01953	mobileOG_000295841|tnp|WP_139896901.1|integration/excision|NA|Plasmid	99.6	226	1	0	1	226	1	226	2.47e-164	454	100
BELIKPJO_01953	mobileOG_000338023|tnp|WP_002367814.1|integration/excision|NA|Plasmid	99.6	226	1	0	1	226	1	226	2.47e-164	454	100
BELIKPJO_01980	mobileOG_000310964|tnp_2|WP_087548797.1|integration/excision|NA|Multiple|Homology	98.9	443	5	0	1	443	1	443	0.0	880	100
BELIKPJO_01980	mobileOG_000310969|tnp_2|WP_087548780.1|integration/excision|NA|Multiple|Homology	95.0	443	3	1	1	443	1	424	3.13e-308	836	100
BELIKPJO_02084	mobileOG_000057758|insF|A0A377NN49|integration/excision|NA|COMPASS|Homology	99.6	278	1	0	1	278	1	278	5.21e-201	551	100
BELIKPJO_02084	mobileOG_000035776|insF|WP_086953888.1|integration/excision|NA|Multiple|Homology	99.3	278	2	0	1	278	1	278	1.05e-200	551	100
BELIKPJO_02084	mobileOG_000067158|insF|WP_137022748.1|integration/excision|NA|COMPASS|Homology	98.9	278	3	0	1	278	1	278	1.49e-200	550	100
BELIKPJO_02084	mobileOG_000067171|insF|WP_156322289.1|integration/excision|NA|COMPASS|Homology	98.9	278	3	0	1	278	1	278	1.49e-200	550	100
BELIKPJO_02084	mobileOG_000061798|insF|WP_087043335.1|integration/excision|NA|COMPASS|Homology	98.9	278	3	0	1	278	1	278	3.01e-200	550	100
BELIKPJO_02084	mobileOG_000067267|insF|WP_148699113.1|integration/excision|NA|COMPASS|Homology	98.9	278	3	0	1	278	1	278	3.01e-200	550	100
BELIKPJO_02084	mobileOG_000044476|insF|WP_096157807.1|integration/excision|NA|COMPASS|Homology	98.9	278	3	0	1	278	1	278	4.28e-200	549	100
BELIKPJO_02084	mobileOG_000048435|insF|WP_106914390.1|integration/excision|NA|COMPASS|Homology	98.9	278	3	0	1	278	1	278	4.28e-200	549	100
BELIKPJO_02084	mobileOG_000051904|insF|WP_143350988.1|integration/excision|NA|COMPASS|Homology	98.9	278	3	0	1	278	1	278	4.28e-200	549	100
BELIKPJO_02084	mobileOG_000058488|insF|WP_002341295.1|integration/excision|NA|COMPASS|Homology	98.9	278	3	0	1	278	1	278	4.28e-200	549	100
BELIKPJO_02084	mobileOG_000058521|insF|WP_146761826.1|integration/excision|NA|COMPASS|Homology	98.9	278	3	0	1	278	18	295	5.65e-200	550	100
BELIKPJO_02084	mobileOG_000051882|insF|WP_164927926.1|integration/excision|NA|COMPASS|Homology	98.9	278	3	0	1	278	1	278	8.64e-200	548	100
BELIKPJO_02084	mobileOG_000041131|insF|WP_001809739.1|integration/excision|NA|COMPASS|Homology	98.6	278	4	0	1	278	1	278	1.74e-199	548	100
BELIKPJO_02084	mobileOG_000061327|insF|WP_123836059.1|integration/excision|NA|COMPASS|Homology	98.9	278	3	0	1	278	1	278	1.74e-199	548	100
BELIKPJO_02084	mobileOG_000290865|insF|WP_086956687.1|integration/excision|NA|Plasmid	99.6	278	1	0	1	278	110	387	2.83e-199	551	100
BELIKPJO_02085	mobileOG_000048469|tnp|E6GLF0|integration/excision|NA|COMPASS|Homology	97.9	96	2	0	1	96	1	96	1.53e-59	179	100
BELIKPJO_02085	mobileOG_000051883|tnp|WP_002287869.1|integration/excision|NA|Multiple|Homology	96.9	96	3	0	1	96	1	96	2.54e-58	176	100
BELIKPJO_02085	mobileOG_000044551|tnp|F0EPV4|integration/excision|NA|COMPASS|Homology	95.8	96	4	0	1	96	1	96	5.13e-58	175	100
BELIKPJO_02085	mobileOG_000048127|tnp|WP_002287869.1|integration/excision|NA|COMPASS|Homology	95.8	96	4	0	1	96	1	96	1.04e-57	174	100
BELIKPJO_02085	mobileOG_000061332|tnp|WP_002287869.1|integration/excision|NA|COMPASS|Homology	95.8	96	4	0	1	96	1	96	1.04e-57	174	100
BELIKPJO_02085	mobileOG_000041133|tnp|WP_000044790.1|integration/excision|NA|COMPASS|Homology	95.8	96	4	0	1	96	1	96	1.47e-57	174	100
BELIKPJO_02085	mobileOG_000035777|tnp|WP_000044789.1|integration/excision|NA|Multiple|Homology	95.8	96	4	0	1	96	1	96	2.09e-57	174	100
BELIKPJO_02085	mobileOG_000058537|tnp|A0A377L3V8|integration/excision|NA|COMPASS|Homology	95.8	96	4	0	1	96	1	96	2.09e-57	174	100
BELIKPJO_02085	mobileOG_000055489|tnp|A0A132Z1P3|integration/excision|NA|COMPASS|Homology	95.8	96	4	0	1	96	1	96	2.97e-57	173	100
BELIKPJO_02085	mobileOG_000067170|tnp|WP_002287869.1|integration/excision|NA|COMPASS|Homology	94.8	96	5	0	1	96	1	96	6.00e-57	172	100
BELIKPJO_02085	mobileOG_000051783|tnp|I3U5V0|integration/excision|NA|COMPASS|Homology	94.8	96	5	0	1	96	1	96	1.42e-55	169	100
BELIKPJO_02085	mobileOG_000058523|tnp|WP_087043335.1|integration/excision|NA|COMPASS|Homology	96.7	92	3	0	1	92	1	92	2.53e-55	168	95.8
BELIKPJO_02085	mobileOG_000342488|insF|WP_127824108.1|integration/excision|NA|Plasmid	97.8	92	2	0	1	92	1	92	7.02e-53	171	95.8
BELIKPJO_02085	mobileOG_000318987|insF|WP_131639410.1|integration/excision|NA|Plasmid	96.7	92	3	0	1	92	1	92	6.91e-52	168	95.8
BELIKPJO_02085	mobileOG_000315734|insF|WP_119364684.1|integration/excision|NA|Plasmid	96.7	92	3	0	1	92	1	92	1.05e-51	168	95.8
BELIKPJO_02086	mobileOG_000315895|detL_2|WP_104681373.1|replication/recombination/repair|transfer|Plasmid	98.2	284	5	0	1	284	15	298	2.12e-195	538	100
BELIKPJO_02086	mobileOG_000369969|detL_2|WP_071621498.1|replication/recombination/repair|transfer|Plasmid	97.9	284	6	0	1	284	1	284	3.62e-195	537	100
BELIKPJO_02086	mobileOG_000269984|detL_2|A0A2A6ZAV5|replication/recombination/repair|transfer|immedb|Homology	97.2	284	8	0	1	284	1	284	1.47e-194	536	100
BELIKPJO_02086	mobileOG_000053971|detL_2|WP_002387620.1|replication/recombination/repair|transfer|Multiple|Homology	97.5	284	7	0	1	284	15	298	1.74e-194	536	100
BELIKPJO_02086	mobileOG_000317448|detL_2|WP_118215883.1|replication/recombination/repair|transfer|Plasmid	97.5	284	7	0	1	284	15	298	2.47e-194	536	100
BELIKPJO_02086	mobileOG_000315894|detL_2|WP_096741266.1|replication/recombination/repair|transfer|Multiple|Homology	97.5	284	7	0	1	284	15	298	3.51e-194	535	100
BELIKPJO_02086	mobileOG_000267924|detL_2|WP_001809760.1|replication/recombination/repair|transfer|ICE|Homology	96.8	284	9	0	1	284	1	284	6.00e-194	534	100
BELIKPJO_02086	mobileOG_000315878|detL_2|WP_010725963.1|replication/recombination/repair|transfer|Multiple|Homology	97.2	284	8	0	1	284	15	298	7.07e-194	535	100
BELIKPJO_02086	mobileOG_000286366|detL_2|WP_002387620.1|replication/recombination/repair|transfer|Plasmid	97.2	284	8	0	1	284	15	298	7.07e-194	535	100
BELIKPJO_02086	mobileOG_000041137|detL_2|WP_001809760.1|replication/recombination/repair|transfer|Multiple|Homology	96.8	284	9	0	1	284	15	298	1.00e-193	534	100
BELIKPJO_02086	mobileOG_000368171|detL_2|WP_033627585.1|replication/recombination/repair|transfer|Plasmid	96.8	284	9	0	1	284	1	284	1.21e-193	533	100
BELIKPJO_02086	mobileOG_000321717|detL_2|WP_012477197.1|replication/recombination/repair|transfer|Multiple|Homology	97.2	284	8	0	1	284	15	298	1.43e-193	534	100
BELIKPJO_02086	mobileOG_000347182|detL_2|WP_002333001.1|replication/recombination/repair|transfer|Plasmid	97.2	284	8	0	1	284	15	298	2.88e-193	533	100
BELIKPJO_02086	mobileOG_000315892|detL_2|WP_077495094.1|replication/recombination/repair|transfer|Plasmid	96.5	284	10	0	1	284	1	284	3.47e-193	532	100
BELIKPJO_02086	mobileOG_000316070|detL_2|WP_114526084.1|replication/recombination/repair|transfer|Plasmid	96.1	284	11	0	1	284	1	284	2.01e-192	530	100
BELIKPJO_02088	mobileOG_000001479|NA|Q9AL19|stability/transfer/defense|NA|Multiple|Manual	100	90	0	0	1	90	1	90	5.53e-57	172	100
BELIKPJO_02088	mobileOG_000001482|NA|Q9AL01|stability/transfer/defense|NA|Multiple|Manual	98.9	90	1	0	1	90	1	90	3.20e-56	170	100
BELIKPJO_02088	mobileOG_000026355|NA|Q9AL01|stability/transfer/defense|NA|Multiple|Manual	100	84	0	0	1	84	1	84	5.12e-53	162	93.3
BELIKPJO_02088	mobileOG_000311187|NA|WP_104661859.1|stability/transfer/defense|NA|Plasmid	97.6	84	2	0	1	84	1	84	4.76e-52	160	93.3
BELIKPJO_02088	mobileOG_000340444|NA|WP_096741268.1|stability/transfer/defense|NA|Multiple|Homology	95.2	84	4	0	1	84	1	84	7.91e-51	157	93.3
BELIKPJO_02088	mobileOG_000291969|NA|A0A5P9W8W6|stability/transfer/defense|NA|Plasmid	94.0	84	5	0	1	84	1	84	9.24e-50	154	93.3
BELIKPJO_02089	mobileOG_000279523|NA|WP_010708525.1|stability/transfer/defense|NA|Multiple|Homology	92.9	98	7	0	1	98	1	98	2.16e-61	185	96.1
BELIKPJO_02089	mobileOG_000001480|NA|P0A4M1|stability/transfer/defense|NA|Multiple|Manual	94.9	98	5	0	1	98	1	98	1.32e-59	186	96.1
BELIKPJO_02089	mobileOG_000001747|NA|P0A4M2|stability/transfer/defense|NA|Multiple|Manual	94.9	98	5	0	1	98	1	98	1.32e-59	186	96.1
BELIKPJO_02089	mobileOG_000279978|NA|WP_155282197.1|stability/transfer/defense|NA|Plasmid	94.9	98	5	0	1	98	1	98	1.32e-59	186	96.1
BELIKPJO_02089	mobileOG_000024037|NA|WP_074394525.1|stability/transfer/defense|NA|Plasmid	94.9	98	5	0	1	98	1	98	1.39e-59	186	96.1
BELIKPJO_02089	mobileOG_000374198|NA|WP_014862453.1|stability/transfer/defense|NA|Multiple|Homology	92.9	98	7	0	1	98	1	98	1.57e-59	185	96.1
BELIKPJO_02089	mobileOG_000374322|NA|WP_074394525.1|stability/transfer/defense|NA|Plasmid	92.9	98	7	0	1	98	1	98	2.64e-59	185	96.1
BELIKPJO_02089	mobileOG_000280140|NA|WP_096741269.1|stability/transfer/defense|NA|Multiple|Homology	96.9	98	3	0	1	98	200	297	5.62e-59	190	96.1
BELIKPJO_02089	mobileOG_000292845|NA|A0A5P9W8Y0|stability/transfer/defense|NA|Plasmid	91.8	98	8	0	1	98	1	98	5.80e-59	184	96.1
BELIKPJO_02089	mobileOG_000280161|NA|WP_123866620.1|stability/transfer/defense|NA|Plasmid	94.9	98	5	0	1	98	200	297	8.61e-58	187	96.1
BELIKPJO_02101	mobileOG_000341292|NA|WP_103301260.1|integration/excision|NA|Plasmid	95.7	92	4	0	1	92	97	188	1.66e-51	162	100
BELIKPJO_02101	mobileOG_000318856|NA|WP_073460947.1|integration/excision|NA|Plasmid	94.3	88	5	0	1	88	104	191	1.28e-49	157	95.7
BELIKPJO_02102	mobileOG_000318856|NA|WP_073460947.1|integration/excision|NA|Plasmid	97.1	102	3	0	1	102	1	102	5.86e-64	194	96.2
BELIKPJO_02110	mobileOG_000034805|tnp|WP_002354485.1|integration/excision|NA|Multiple|Homology	100	226	0	0	1	226	1	226	6.06e-165	456	100
BELIKPJO_02110	mobileOG_000034881|tnp|WP_002354485.1|integration/excision|NA|Multiple|Homology	100	226	0	0	1	226	3	228	6.52e-165	456	100
BELIKPJO_02110	mobileOG_000367988|tnp|WP_161544171.1|integration/excision|NA|Plasmid	99.6	226	1	0	1	226	1	226	8.61e-165	456	100
BELIKPJO_02110	mobileOG_000285021|tnp|A0A2H4HI16|integration/excision|NA|Plasmid	99.6	226	1	0	1	226	1	226	1.74e-164	455	100
BELIKPJO_02110	mobileOG_000286580|tnp|WP_123936736.1|integration/excision|NA|Plasmid	99.6	226	1	0	1	226	1	226	1.74e-164	455	100
BELIKPJO_02110	mobileOG_000302372|tnp|A0A222W673|integration/excision|NA|Plasmid	99.6	226	1	0	1	226	1	226	1.74e-164	455	100
BELIKPJO_02110	mobileOG_000338689|tnp|WP_096638037.1|integration/excision|NA|Plasmid	99.6	226	1	0	1	226	1	226	1.74e-164	455	100
BELIKPJO_02110	mobileOG_000295950|tnp|WP_159373648.1|integration/excision|NA|Plasmid	99.6	226	1	0	1	226	1	226	2.47e-164	454	100
BELIKPJO_02110	mobileOG_000067144|tnp|WP_053109498.1|integration/excision|NA|Multiple|Homology	99.6	226	1	0	1	226	1	226	2.47e-164	454	100
BELIKPJO_02110	mobileOG_000067152|tnp|WP_053109531.1|integration/excision|NA|Multiple|Homology	99.6	226	1	0	1	226	1	226	2.47e-164	454	100
BELIKPJO_02110	mobileOG_000069970|tnp|WP_016252778.1|integration/excision|NA|Multiple|Homology	99.6	226	1	0	1	226	1	226	2.47e-164	454	100
BELIKPJO_02110	mobileOG_000282796|tnp|WP_080114315.1|integration/excision|NA|Plasmid	100	225	0	0	1	225	1	225	2.47e-164	454	99.6
BELIKPJO_02110	mobileOG_000288900|tnp|WP_105208453.1|integration/excision|NA|Plasmid	99.6	226	1	0	1	226	1	226	2.47e-164	454	100
BELIKPJO_02110	mobileOG_000295841|tnp|WP_139896901.1|integration/excision|NA|Plasmid	99.6	226	1	0	1	226	1	226	2.47e-164	454	100
BELIKPJO_02110	mobileOG_000338023|tnp|WP_002367814.1|integration/excision|NA|Plasmid	99.6	226	1	0	1	226	1	226	2.47e-164	454	100
BELIKPJO_02113	mobileOG_000034805|tnp|WP_002354485.1|integration/excision|NA|Multiple|Homology	100	226	0	0	1	226	1	226	6.06e-165	456	100
BELIKPJO_02113	mobileOG_000034881|tnp|WP_002354485.1|integration/excision|NA|Multiple|Homology	100	226	0	0	1	226	3	228	6.52e-165	456	100
BELIKPJO_02113	mobileOG_000367988|tnp|WP_161544171.1|integration/excision|NA|Plasmid	99.6	226	1	0	1	226	1	226	8.61e-165	456	100
BELIKPJO_02113	mobileOG_000285021|tnp|A0A2H4HI16|integration/excision|NA|Plasmid	99.6	226	1	0	1	226	1	226	1.74e-164	455	100
BELIKPJO_02113	mobileOG_000286580|tnp|WP_123936736.1|integration/excision|NA|Plasmid	99.6	226	1	0	1	226	1	226	1.74e-164	455	100
BELIKPJO_02113	mobileOG_000302372|tnp|A0A222W673|integration/excision|NA|Plasmid	99.6	226	1	0	1	226	1	226	1.74e-164	455	100
BELIKPJO_02113	mobileOG_000338689|tnp|WP_096638037.1|integration/excision|NA|Plasmid	99.6	226	1	0	1	226	1	226	1.74e-164	455	100
BELIKPJO_02113	mobileOG_000295950|tnp|WP_159373648.1|integration/excision|NA|Plasmid	99.6	226	1	0	1	226	1	226	2.47e-164	454	100
BELIKPJO_02113	mobileOG_000067144|tnp|WP_053109498.1|integration/excision|NA|Multiple|Homology	99.6	226	1	0	1	226	1	226	2.47e-164	454	100
BELIKPJO_02113	mobileOG_000067152|tnp|WP_053109531.1|integration/excision|NA|Multiple|Homology	99.6	226	1	0	1	226	1	226	2.47e-164	454	100
BELIKPJO_02113	mobileOG_000069970|tnp|WP_016252778.1|integration/excision|NA|Multiple|Homology	99.6	226	1	0	1	226	1	226	2.47e-164	454	100
BELIKPJO_02113	mobileOG_000282796|tnp|WP_080114315.1|integration/excision|NA|Plasmid	100	225	0	0	1	225	1	225	2.47e-164	454	99.6
BELIKPJO_02113	mobileOG_000288900|tnp|WP_105208453.1|integration/excision|NA|Plasmid	99.6	226	1	0	1	226	1	226	2.47e-164	454	100
BELIKPJO_02113	mobileOG_000295841|tnp|WP_139896901.1|integration/excision|NA|Plasmid	99.6	226	1	0	1	226	1	226	2.47e-164	454	100
BELIKPJO_02113	mobileOG_000338023|tnp|WP_002367814.1|integration/excision|NA|Plasmid	99.6	226	1	0	1	226	1	226	2.47e-164	454	100
BELIKPJO_02223	mobileOG_000377006|clpP|WP_002289402.1|phage|replication/recombination/repair|Plasmid	90.9	197	18	0	1	197	1	197	1.12e-123	349	100
BELIKPJO_02413	mobileOG_000181691|nusB|A0A1Q8J5P9|phage|regulation,infection|GPD|Homology	100	150	0	0	1	150	1	150	9.39e-100	285	100
BELIKPJO_02415	mobileOG_000181692|xseA|A0A1J6YAM3|replication/recombination/repair|NA|GPD|Homology	100	448	0	0	1	448	1	448	3.62e-312	847	100
BELIKPJO_02467	mobileOG_000240956|uvrA|A0A0Y7KNJ1|replication/recombination/repair|NA|GPD|Homology	99.5	392	2	0	1	392	354	745	4.93e-281	778	100
BELIKPJO_02468	mobileOG_000240956|uvrA|A0A0Y7KNJ1|replication/recombination/repair|NA|GPD|Homology	98.9	265	3	0	1	265	1	265	4.67e-193	549	97.8
BELIKPJO_02486	mobileOG_000301554|copR|WP_002290973.1|transfer|conjugation,relaxosome|Plasmid	97.4	228	6	0	1	228	1	228	4.05e-155	431	100
BELIKPJO_02790	mobileOG_000100265|dnaC|A0A125W8T5|replication/recombination/repair|NA|GPD|Homology	100	280	0	0	1	280	1	280	2.77e-197	542	100
BELIKPJO_02790	mobileOG_000039034|dnaC|J5EF97|replication/recombination/repair|NA|ACLAME|Homology	98.6	280	4	0	1	280	1	280	1.54e-194	535	100
BELIKPJO_02819	mobileOG_000301557|dnaK|WP_002292134.1|phage|infection,regulation|Plasmid	92.9	609	43	0	1	609	1	609	0.0	1061	100
