IFBJBKOH_00441	mobileOG_000146032|ligA|A0A2X2W954|replication/recombination/repair|NA|GPD|Homology	99.1	651	6	0	1	651	1	651	0.0	1269	100
IFBJBKOH_00441	mobileOG_000204832|ligA|A8RIE5|replication/recombination/repair|NA|GPD|Homology	96.5	651	23	0	1	651	1	651	0.0	1239	100
IFBJBKOH_00453	mobileOG_000022205|uvrB|A0A3R6VCZ4|replication/recombination/repair|NA|GPD|Manual	90.1	659	65	0	1	659	1	659	0.0	1144	100
IFBJBKOH_00453	mobileOG_000022114|uvrB|A0A3R6VCZ4|replication/recombination/repair|NA|GPD|Manual	90.1	657	65	0	3	659	8	664	0.0	1143	99.7
IFBJBKOH_00520	mobileOG_000011175|ltrA|A0A395X5R7|integration/excision|introns|GPD|Manual	93.1	361	25	0	1	361	1	361	3.83e-248	686	100
IFBJBKOH_00831	mobileOG_000273597|ltrA|A0A412YRY2|integration/excision|introns|immedb|Homology	96.1	610	24	0	1	610	1	610	0.0	1197	100
IFBJBKOH_01054	mobileOG_000273597|ltrA|A0A412YRY2|integration/excision|introns|immedb|Homology	96.2	610	23	0	1	610	1	610	0.0	1202	100
IFBJBKOH_01257	mobileOG_000187905|xkdM|A0A3E2U8X6|phage|structural|GPD|Homology	97.4	155	4	0	1	155	1	155	4.80e-109	309	100
IFBJBKOH_01257	mobileOG_000138381|xkdM|A0A227L4P6|phage|structural|GPD|Homology	97.4	155	4	0	1	155	1	155	6.81e-109	308	100
IFBJBKOH_01257	mobileOG_000192234|xkdM|A0A3E2U8X6|phage|structural|GPD|Homology	96.8	155	5	0	1	155	1	155	1.95e-108	307	100
IFBJBKOH_01257	mobileOG_000150636|xkdM|A0A3E2U8X6|phage|structural|GPD|Homology	96.1	155	6	0	1	155	1	155	6.55e-107	303	100
IFBJBKOH_01257	mobileOG_000099235|xkdM|A0A1C5TGV0|phage|structural|GPD|Homology	94.8	155	8	0	1	155	1	155	9.30e-107	303	100
IFBJBKOH_01257	mobileOG_000217602|xkdM|A0A1C5TGV0|phage|structural|GPD|Homology	94.2	155	9	0	1	155	1	155	1.32e-106	303	100
IFBJBKOH_01257	mobileOG_000079949|xkdM|A0A3E2U8X6|phage|structural|GPD|Homology	92.2	154	12	0	1	154	1	154	8.58e-103	293	99.4
IFBJBKOH_01273	mobileOG_000150635|orf36|A0A227L4W1|phage|structural|GPD|Homology	97.0	473	14	0	1	473	1	473	0.0	926	99.2
IFBJBKOH_01273	mobileOG_000138383|orf36|A0A227L4W1|phage|structural|GPD|Homology	98.3	471	8	0	1	471	1	471	0.0	924	98.7
IFBJBKOH_01273	mobileOG_000150400|orf36|N9XBS0|phage|structural|GPD|Homology	91.3	473	40	1	1	472	1	473	0.0	884	99.0
IFBJBKOH_01273	mobileOG_000264729|orf36|A0A227L4W1|phage|structural|GPD|Homology	95.0	459	23	0	1	459	1	459	0.0	879	96.2
IFBJBKOH_01273	mobileOG_000210089|orf36|N9XBS0|phage|structural|GPD|Homology	92.4	462	35	0	1	462	1	462	0.0	877	96.9
IFBJBKOH_01287	mobileOG_000207772|gp26|N9YY42|transfer|conjugation|GPD|Homology	98.3	820	14	0	1	820	1	820	0.0	1667	100
IFBJBKOH_01287	mobileOG_000205320|gp26|N9YY42|transfer|conjugation|GPD|Homology	98.2	820	15	0	1	820	1	820	0.0	1665	100
IFBJBKOH_01287	mobileOG_000229434|gp26|N9YY42|transfer|conjugation|GPD|Homology	98.0	820	16	0	1	820	1	820	0.0	1663	100
IFBJBKOH_01287	mobileOG_000165238|gp26|A0A174EE98|transfer|conjugation|GPD|Homology	98.0	820	16	0	1	820	1	820	0.0	1660	100
IFBJBKOH_01287	mobileOG_000217523|gp26|N9YY42|transfer|conjugation|GPD|Homology	98.0	820	16	0	1	820	1	820	0.0	1660	100
IFBJBKOH_01287	mobileOG_000151366|gp26|A0A174EE98|transfer|conjugation|GPD|Homology	97.8	820	18	0	1	820	1	820	0.0	1656	100
IFBJBKOH_01288	mobileOG_000229433|polA_2|A0A174ECD4|replication/recombination/repair|NA|GPD|Homology	98.0	654	13	0	1	654	1	654	0.0	1304	100
IFBJBKOH_01288	mobileOG_000151365|polA_2|A0A174ECD4|replication/recombination/repair|NA|GPD|Homology	97.7	654	15	0	1	654	1	654	0.0	1301	100
IFBJBKOH_01288	mobileOG_000165239|polA_2|A0A414AEG5|replication/recombination/repair|NA|GPD|Homology	97.1	654	19	0	1	654	1	654	0.0	1294	100
IFBJBKOH_01288	mobileOG_000205319|polA_2|A0A414AEG5|replication/recombination/repair|NA|GPD|Homology	97.1	654	19	0	1	654	1	654	0.0	1293	100
IFBJBKOH_01288	mobileOG_000207771|polA_2|A0A227L4X1|replication/recombination/repair|NA|GPD|Homology	95.7	654	28	0	1	654	1	654	0.0	1272	100
IFBJBKOH_01288	mobileOG_000217522|polA_2|A0A227L4X1|replication/recombination/repair|NA|GPD|Homology	94.0	654	39	0	1	654	1	654	0.0	1251	100
IFBJBKOH_01432	mobileOG_000142259|pcrA|R5FKZ8|replication/recombination/repair|NA|GPD|Homology	96.5	780	27	0	1	780	1	780	0.0	1474	100
IFBJBKOH_01569	mobileOG_000006877|groL|A0A174NX61|transfer|conjugation,regulation|GPD|Manual	100	540	0	0	1	540	1	540	0.0	998	100
IFBJBKOH_01569	mobileOG_000006774|groL|A0A0E2H8G0|transfer|conjugation,regulation|GPD|Manual	99.4	540	3	0	1	540	1	540	0.0	993	100
IFBJBKOH_01569	mobileOG_000009885|groL|R5F9F1|transfer|conjugation,regulation|GPD|Manual	98.9	540	6	0	1	540	1	540	0.0	988	100
IFBJBKOH_01570	mobileOG_000098723|groS|A0A174NU18|phage|structural|GPD|Homology	98.9	94	1	0	1	94	1	94	2.20e-58	176	100
IFBJBKOH_01570	mobileOG_000183546|groS|A0A3E2WA94|phage|structural|GPD|Homology	94.7	94	5	0	1	94	1	94	3.65e-57	173	100
IFBJBKOH_01570	mobileOG_000205168|groS|A0A417LXN6|phage|structural|GPD|Homology	93.6	94	6	0	1	94	1	94	3.52e-55	168	100
IFBJBKOH_01610	mobileOG_000213863|2|A0A227LAS0|phage|replication,packaging|GPD|Homology	99.1	546	5	0	1	546	4	549	0.0	1089	100
IFBJBKOH_01610	mobileOG_000202004|2|A0A227LAS0|phage|replication,packaging|GPD|Homology	94.3	546	31	0	1	546	1	546	0.0	1050	100
IFBJBKOH_01610	mobileOG_000080129|2|A0A227LAS0|phage|replication,packaging|GPD|Homology	91.7	545	44	1	2	546	3	546	0.0	1015	99.8
IFBJBKOH_01610	mobileOG_000099762|2|A0A0F0CE32|phage|replication,packaging|GPD|Homology	90.4	543	52	0	4	546	5	547	0.0	1000	99.5
IFBJBKOH_01610	mobileOG_000165533|2|A0A227LAS0|phage|replication,packaging|GPD|Homology	90.8	543	50	0	4	546	5	547	0.0	987	99.5
IFBJBKOH_01625	mobileOG_000207772|gp26|N9YY42|transfer|conjugation|GPD|Homology	98.3	820	14	0	1	820	1	820	0.0	1667	100
IFBJBKOH_01625	mobileOG_000205320|gp26|N9YY42|transfer|conjugation|GPD|Homology	98.2	820	15	0	1	820	1	820	0.0	1665	100
IFBJBKOH_01625	mobileOG_000229434|gp26|N9YY42|transfer|conjugation|GPD|Homology	98.0	820	16	0	1	820	1	820	0.0	1663	100
IFBJBKOH_01625	mobileOG_000165238|gp26|A0A174EE98|transfer|conjugation|GPD|Homology	98.0	820	16	0	1	820	1	820	0.0	1660	100
IFBJBKOH_01625	mobileOG_000217523|gp26|N9YY42|transfer|conjugation|GPD|Homology	98.0	820	16	0	1	820	1	820	0.0	1660	100
IFBJBKOH_01625	mobileOG_000151366|gp26|A0A174EE98|transfer|conjugation|GPD|Homology	97.8	820	18	0	1	820	1	820	0.0	1656	100
IFBJBKOH_01626	mobileOG_000229433|polA_2|A0A174ECD4|replication/recombination/repair|NA|GPD|Homology	98.0	654	13	0	1	654	1	654	0.0	1304	100
IFBJBKOH_01626	mobileOG_000151365|polA_2|A0A174ECD4|replication/recombination/repair|NA|GPD|Homology	97.7	654	15	0	1	654	1	654	0.0	1301	100
IFBJBKOH_01626	mobileOG_000165239|polA_2|A0A414AEG5|replication/recombination/repair|NA|GPD|Homology	97.1	654	19	0	1	654	1	654	0.0	1294	100
IFBJBKOH_01626	mobileOG_000205319|polA_2|A0A414AEG5|replication/recombination/repair|NA|GPD|Homology	97.1	654	19	0	1	654	1	654	0.0	1293	100
IFBJBKOH_01626	mobileOG_000207771|polA_2|A0A227L4X1|replication/recombination/repair|NA|GPD|Homology	95.7	654	28	0	1	654	1	654	0.0	1272	100
IFBJBKOH_01626	mobileOG_000217522|polA_2|A0A227L4X1|replication/recombination/repair|NA|GPD|Homology	94.0	654	39	0	1	654	1	654	0.0	1251	100
IFBJBKOH_01644	mobileOG_000099591|pilT|A0A174NYM3|transfer|conjugation,competence|GPD|Homology	100	353	0	0	1	353	1	353	4.35e-249	679	100
IFBJBKOH_01644	mobileOG_000177237|pilT|A0A0E2H7U3|transfer|conjugation,competence|GPD|Homology	99.7	353	1	0	1	353	1	353	5.08e-248	677	100
IFBJBKOH_01644	mobileOG_000122712|pilT|A0A412ZGC6|transfer|conjugation,competence|GPD|Homology	98.9	353	4	0	1	353	1	353	2.07e-247	675	100
IFBJBKOH_01644	mobileOG_000183541|pilT|A0A3E2WBF7|transfer|conjugation,competence|GPD|Homology	94.3	353	20	0	1	353	1	353	4.57e-235	644	100
IFBJBKOH_01644	mobileOG_000205701|pilT|A0A3E2VQC7|transfer|conjugation,competence|GPD|Homology	94.1	353	21	0	1	353	1	353	7.56e-234	641	100
IFBJBKOH_02680	mobileOG_000108997|tnpB|A0A174J7I0|integration/excision|NA|GPD|Homology	96.4	112	4	0	1	112	1	112	2.07e-78	228	100
IFBJBKOH_02680	mobileOG_000272216|tnpB|A0A1Y4M0E7|integration/excision|NA|immedb|Homology	96.4	112	4	0	1	112	1	112	2.36e-78	228	100
IFBJBKOH_02680	mobileOG_000234286|tnpB|A0A416LQ02|integration/excision|NA|GPD|Homology	93.8	112	7	0	1	112	1	112	5.73e-76	222	100
IFBJBKOH_02680	mobileOG_000148964|tnpB|A0A174FMM5|integration/excision|NA|GPD|Homology	92.9	112	8	0	1	112	1	112	8.14e-76	221	100
IFBJBKOH_02870	mobileOG_000188466|pinR|A0A3R6HZ35|integration/excision|NA|GPD|Homology	92.7	110	8	0	1	110	550	659	2.43e-62	202	100
IFBJBKOH_02912	mobileOG_000273343|hin|A0A417HZ44|integration/excision|NA|immedb|Homology	90.1	503	50	0	1	503	1	503	0.0	909	100
IFBJBKOH_02987	mobileOG_000205308|immA|E7GRD5|phage|stability/transfer/defense|GPD|Homology	95.2	146	7	0	1	146	1	146	4.70e-98	280	100
IFBJBKOH_02987	mobileOG_000262602|immA|E7GRD5|phage|stability/transfer/defense|GPD|Homology	92.5	146	11	0	1	146	1	146	3.87e-97	278	100
IFBJBKOH_02993	mobileOG_000171561|mutS2|A0A412Z3U5|replication/recombination/repair|NA|GPD|Homology	94.5	812	45	0	1	812	1	812	0.0	1450	100
IFBJBKOH_03024	mobileOG_000101015|mecB|R5F0L8|transfer|competence|GPD|Homology	96.0	249	10	0	1	249	1	249	9.75e-162	450	100
IFBJBKOH_03445	mobileOG_000273436|tndX|A0A4R1QVW4|integration/excision|NA|Multiple|Homology	98.6	426	6	0	1	426	120	545	1.73e-307	839	99.1
IFBJBKOH_03445	mobileOG_000208737|tndX|A0A4R1QVW4|integration/excision|NA|GPD|Homology	98.4	426	7	0	1	426	120	545	2.45e-307	838	99.1
IFBJBKOH_03445	mobileOG_000212189|tndX|A0A411ZXX0|integration/excision|NA|GPD|Homology	98.4	426	7	0	1	426	120	545	4.95e-307	838	99.1
IFBJBKOH_03446	mobileOG_000023325|hin|A0A174V895|integration/excision|NA|immedb|Manual	96.4	503	18	0	1	503	1	503	0.0	969	100
IFBJBKOH_03448	mobileOG_000272218|repA|EJW99731.1|replication/recombination/repair|initiation,copy	90.3	124	12	0	2	125	5	128	1.64e-81	237	96.9
IFBJBKOH_03448	mobileOG_000271661|repA|A0A3R6KFA2|replication/recombination/repair|initiation,copy	90.3	124	12	0	2	125	5	128	3.30e-81	236	96.9
IFBJBKOH_03448	mobileOG_000103900|repA|A0A373C7M1|replication/recombination/repair|initiation,copy	90.3	124	12	0	2	125	5	128	1.35e-80	235	96.9
IFBJBKOH_03514	mobileOG_000285480|ltrA|A0A373CHK7|integration/excision|introns|Multiple|Homology	94.1	440	26	0	1	440	114	553	1.39e-311	853	92.6
IFBJBKOH_03515	mobileOG_000285480|ltrA|A0A373CHK7|integration/excision|introns|Multiple|Homology	95.2	63	3	0	1	63	1	63	1.25e-33	122	96.9
IFBJBKOH_03521	mobileOG_000007159|tnpA|A0A174L5S9|integration/excision|NA|GPD|Manual	97.0	134	4	0	1	134	1	134	2.95e-98	281	96.4
IFBJBKOH_03776	mobileOG_000154299|recR|A0A417LRK4|replication/recombination/repair|NA|GPD|Homology	96.0	198	8	0	1	198	1	198	7.73e-136	380	100
IFBJBKOH_03776	mobileOG_000163349|recR|C5EW77|replication/recombination/repair|NA|GPD|Homology	94.4	198	11	0	1	198	1	198	7.42e-134	375	100
IFBJBKOH_04020	mobileOG_000272223|hin|A0A3D0VXW0|integration/excision|NA|immedb|Homology	100	503	0	0	1	503	1	503	0.0	995	100
IFBJBKOH_04020	mobileOG_000272142|hin|A0A489I9G8|integration/excision|NA|immedb|Homology	97.8	503	11	0	1	503	1	503	0.0	978	100
IFBJBKOH_04020	mobileOG_000273539|hin|A0A3E3DQ52|integration/excision|NA|immedb|Homology	96.6	503	17	0	1	503	1	503	0.0	969	100
IFBJBKOH_04020	mobileOG_000273343|hin|A0A417HZ44|integration/excision|NA|immedb|Homology	97.2	503	14	0	1	503	1	503	0.0	969	100
IFBJBKOH_04020	mobileOG_000205792|hin|D4CAH2|integration/excision|NA|GPD|Homology	97.4	503	13	0	1	503	1	503	0.0	968	100
IFBJBKOH_04020	mobileOG_000273869|hin|A0A3R6QKZ1|integration/excision|NA|immedb|Homology	96.4	503	18	0	1	503	1	503	0.0	964	100
IFBJBKOH_04020	mobileOG_000274012|hin|A0A3F3JZF4|integration/excision|NA|immedb|Homology	96.6	503	17	0	1	503	1	503	0.0	964	100
IFBJBKOH_04020	mobileOG_000271662|hin|A0A3R6P2P4|integration/excision|NA|immedb|Homology	96.4	503	18	0	1	503	1	503	0.0	960	100
IFBJBKOH_04020	mobileOG_000103901|hin|A0A373C9S9|integration/excision|NA|GPD|Homology	95.8	503	21	0	1	503	1	503	0.0	960	100
IFBJBKOH_04020	mobileOG_000048788|hin|WP_007215987.1|integration/excision|NA|Multiple|Homology	94.2	503	29	0	1	503	1	503	0.0	948	100
IFBJBKOH_04020	mobileOG_000259164|hin|A0A3E3DQ52|integration/excision|NA|GPD|Homology	96.5	490	17	0	1	490	1	490	0.0	944	97.4
IFBJBKOH_04020	mobileOG_000271505|hin|WP_007215987.1|integration/excision|NA|immedb|Homology	92.8	503	36	0	1	503	1	503	0.0	932	100
IFBJBKOH_04023	mobileOG_000272218|repA|EJW99731.1|replication/recombination/repair|initiation,copy	100	131	0	0	1	131	1	131	4.21e-96	274	100
IFBJBKOH_04023	mobileOG_000271661|repA|A0A3R6KFA2|replication/recombination/repair|initiation,copy	93.8	130	8	0	1	130	1	130	4.55e-91	261	99.2
IFBJBKOH_04023	mobileOG_000268565|repA|A0A1Y3RDZ5|replication/recombination/repair|initiation,copy	92.4	131	10	0	1	131	1	131	1.53e-89	258	100
IFBJBKOH_04023	mobileOG_000103900|repA|A0A373C7M1|replication/recombination/repair|initiation,copy	92.4	131	10	0	1	131	1	131	3.08e-89	257	100
IFBJBKOH_04023	mobileOG_000273254|repA|A0A5M9HTZ1|replication/recombination/repair|initiation,copy	92.4	131	10	0	1	131	1	131	4.38e-89	256	100
IFBJBKOH_04023	mobileOG_000273346|repA|A0A174XPW8|replication/recombination/repair|initiation,copy	93.1	130	9	0	1	130	1	130	4.38e-89	256	99.2
IFBJBKOH_04023	mobileOG_000270026|repA|A0A3E3DFG9|replication/recombination/repair|initiation,copy	92.3	130	10	0	1	130	1	130	3.60e-88	254	99.2
IFBJBKOH_04023	mobileOG_000210327|repA|A0A373C8S7|replication/recombination/repair|initiation,copy	92.3	130	10	0	1	130	1	130	7.27e-88	253	99.2
IFBJBKOH_04023	mobileOG_000273868|repA|A0A174KRF6|replication/recombination/repair|initiation,copy	91.5	130	11	0	1	130	1	130	2.08e-87	252	99.2
IFBJBKOH_04023	mobileOG_000273344|repA|A0A417XN30|replication/recombination/repair|initiation,copy	91.5	130	11	0	1	130	1	130	2.96e-87	252	99.2
IFBJBKOH_04023	mobileOG_000273423|repA|A0A416Z7S3|replication/recombination/repair|initiation,copy	93.0	128	9	0	1	128	1	128	5.98e-87	251	97.7
IFBJBKOH_04023	mobileOG_000269888|repA|A0A0W7TSI3|replication/recombination/repair|initiation,copy	90.8	130	12	0	1	130	1	130	8.50e-87	251	99.2
IFBJBKOH_04023	mobileOG_000270905|repA|A0A518NHZ1|replication/recombination/repair|initiation,copy	90.8	130	12	0	1	130	1	130	8.50e-87	251	99.2
IFBJBKOH_04023	mobileOG_000272140|repA|A0A373BZW5|replication/recombination/repair|initiation,copy	91.6	131	11	0	1	131	1	131	8.50e-87	251	100
IFBJBKOH_04023	mobileOG_000273540|repA|A0A3E3DQK7|replication/recombination/repair|initiation,copy	91.5	130	11	0	1	130	1	130	1.21e-86	250	99.2
IFBJBKOH_04173	mobileOG_000091541|ltrA|A0A415KZB9|integration/excision|introns|GPD|Homology	96.8	216	7	0	1	216	1	216	2.36e-150	432	100
IFBJBKOH_04173	mobileOG_000272199|ltrA|A0A1E3A4G5|integration/excision|introns|immedb|Homology	96.3	216	8	0	1	216	1	216	3.34e-150	432	100
IFBJBKOH_04179	mobileOG_000271133|Tb_ORF38|C0FQU7|stability/transfer/defense|NA|immedb|Homology	91.6	263	22	0	1	263	1	263	6.44e-179	494	99.6
IFBJBKOH_04182	mobileOG_000273597|ltrA|A0A412YRY2|integration/excision|introns|immedb|Homology	96.2	610	23	0	1	610	1	610	0.0	1202	100
IFBJBKOH_04378	mobileOG_000268805|orf23|A0A416RXD4|integration/excision|NA|ICE|Homology	91.7	108	9	0	1	108	1	108	6.31e-69	204	100
IFBJBKOH_04378	mobileOG_000267226|orf23|Q18DB8|integration/excision|NA|ICE|Homology	91.7	108	9	0	1	108	1	108	1.27e-68	203	100
IFBJBKOH_04574	mobileOG_000177324|ndoA_1|A0A174CW55|stability/transfer/defense|NA|GPD|Homology	98.6	142	2	0	1	142	1	142	9.60e-96	274	100
IFBJBKOH_04970	mobileOG_000005172|uvrA|A0A3R6UAK1|replication/recombination/repair|NA|GPD|Manual	91.7	940	78	0	1	940	1	940	0.0	1748	99.9
IFBJBKOH_05018	mobileOG_000172968|xis|A0A395ZYG7|integration/excision|replication/recombination/repair|Multiple|Homology	93.0	57	4	0	1	57	1	57	6.77e-32	107	91.9
IFBJBKOH_05018	mobileOG_000260968|xis|R5H9Q5|integration/excision|replication/recombination/repair|GPD|Homology	91.2	57	5	0	1	57	1	57	2.76e-31	105	91.9
IFBJBKOH_05018	mobileOG_000122849|xis|R5H9Q5|integration/excision|replication/recombination/repair|GPD|Homology	91.2	57	5	0	1	57	1	57	3.15e-31	105	91.9
IFBJBKOH_05022	mobileOG_000208826|xerD_1|A0A3E5A628|integration/excision|replication/recombination/repair|GPD|Homology	92.7	287	21	0	17	303	76	362	3.93e-198	549	94.4
IFBJBKOH_05022	mobileOG_000115880|xerD_1|A0A176UA54|integration/excision|replication/recombination/repair|GPD|Homology	92.0	287	23	0	17	303	76	362	7.93e-198	548	94.4
IFBJBKOH_05022	mobileOG_000206033|xerD_1|A0A4Q5C8T0|integration/excision|replication/recombination/repair|GPD|Homology	92.3	287	22	0	17	303	76	362	1.13e-197	548	94.4
IFBJBKOH_05022	mobileOG_000224832|xerD_1|A0A3E5A628|integration/excision|replication/recombination/repair|GPD|Homology	92.3	287	22	0	17	303	76	362	1.60e-197	547	94.4
IFBJBKOH_05022	mobileOG_000194697|xerD_1|A0A412KPY1|integration/excision|replication/recombination/repair|GPD|Homology	92.0	287	23	0	17	303	76	362	3.22e-197	546	94.4
IFBJBKOH_05022	mobileOG_000172969|xerD_1|A0A396FWL8|integration/excision|replication/recombination/repair|Multiple|Homology	90.9	287	26	0	17	303	76	362	7.22e-194	538	94.4
IFBJBKOH_05022	mobileOG_000134556|xerD_1|A0A396FWL8|integration/excision|replication/recombination/repair|GPD|Homology	90.9	287	26	0	17	303	76	362	7.22e-194	538	94.4
IFBJBKOH_05068	mobileOG_000273335|tndX|A0A0E2H5F3|integration/excision|NA|immedb|Homology	90.9	626	57	0	1	626	1	626	0.0	1118	100
IFBJBKOH_05088	mobileOG_000273333|dnaD|A0A0E2H5D4|replication/recombination/repair|NA|immedb|Homology	91.4	70	6	0	1	70	22	91	2.17e-37	127	100
IFBJBKOH_05127	mobileOG_000007159|tnpA|A0A174L5S9|integration/excision|NA|GPD|Manual	95.5	134	6	0	1	134	1	134	8.12e-96	275	96.4
IFBJBKOH_05402	mobileOG_000285480|ltrA|A0A373CHK7|integration/excision|introns|Multiple|Homology	95.2	63	3	0	1	63	1	63	1.25e-33	122	96.9
IFBJBKOH_05419	mobileOG_000167307|tndX|A0A414EG20|integration/excision|NA|Multiple|Homology	91.1	540	48	0	1	540	1	540	0.0	974	100
IFBJBKOH_05500	mobileOG_000007159|tnpA|A0A174L5S9|integration/excision|NA|GPD|Manual	95.5	134	6	0	1	134	1	134	2.33e-95	273	96.4
IFBJBKOH_06076	mobileOG_000205702|hicB|A0A227L9B9|stability/transfer/defense|NA|GPD|Homology	98.5	132	2	0	1	132	1	132	4.20e-92	264	100
IFBJBKOH_06076	mobileOG_000076704|hicB|A0A227L9B9|stability/transfer/defense|NA|GPD|Homology	93.2	132	9	0	1	132	1	132	3.19e-87	252	100
IFBJBKOH_06155	mobileOG_000150860|uvrC|N9Z561|replication/recombination/repair|NA|GPD|Homology	93.0	659	34	1	1	647	1	659	0.0	1208	100
IFBJBKOH_06161	mobileOG_000150861|dnaE|A8RX62|replication/recombination/repair|NA|GPD|Homology	98.7	1161	15	0	1	1161	1	1161	0.0	2283	100
IFBJBKOH_06217	mobileOG_000006806|ssbB|A0A174F1Z4|replication/recombination/repair|NA|GPD|Manual	96.3	136	5	0	1	136	1	136	1.23e-86	251	100
IFBJBKOH_06643	mobileOG_000231529|gyrB|A0A3R6SRZ0|replication/recombination/repair|transfer|Multiple|Homology	90.8	639	59	0	1	639	1	639	0.0	1187	100
IFBJBKOH_06643	mobileOG_000136972|gyrB|A0A3R6SRZ0|replication/recombination/repair|transfer|GPD|Homology	90.5	639	61	0	1	639	1	639	0.0	1185	100
