HCHHCEEF_00342	mobileOG_000273549|ORF5|A0A173ZJ29|transfer|conjugation|immedb|Homology	99.3	578	4	0	1	578	1	578	0.0	1147	100
HCHHCEEF_00347	mobileOG_000273550|fic|A0A173ZHZ8|replication/recombination/repair|transfer|immedb|Homology	96.6	264	9	0	1	264	1	264	5.59e-189	520	100
HCHHCEEF_00352	mobileOG_000023326|mbeC|A0A174TBX1|transfer|conjugation,relaxosome|immedb|Manual	99.0	101	1	0	1	101	1	101	8.27e-64	190	100
HCHHCEEF_00470	mobileOG_000097140|nikA|A0A1Y4FJ72|replication/recombination/repair|transfer|GPD|Homology	94.6	111	6	0	1	111	1	111	1.65e-70	208	100
HCHHCEEF_00470	mobileOG_000164742|nikA|A0A413WBW7|replication/recombination/repair|transfer|GPD|Homology	94.6	111	6	0	1	111	1	111	3.33e-70	207	100
HCHHCEEF_00470	mobileOG_000109876|nikA|A0A1Y4EL82|replication/recombination/repair|transfer|GPD|Homology	90.1	111	11	0	1	111	1	111	1.03e-64	193	100
HCHHCEEF_00471	mobileOG_000097141|xerD_1|A0A417KNF0|integration/excision|replication/recombination/repair|GPD|Homology	98.3	357	6	0	1	357	1	357	1.38e-263	716	100
HCHHCEEF_00471	mobileOG_000164741|xerD_1|A0A416NGQ6|integration/excision|replication/recombination/repair|GPD|Homology	96.9	357	11	0	1	357	1	357	7.35e-259	704	100
HCHHCEEF_00471	mobileOG_000116745|xerD_1|A0A1Y4EQ36|integration/excision|replication/recombination/repair|GPD|Homology	90.8	357	33	0	1	357	1	357	2.32e-246	673	100
HCHHCEEF_00471	mobileOG_000132383|xerD_1|H1CK95|integration/excision|replication/recombination/repair|GPD|Homology	94.2	343	20	0	1	343	1	343	4.39e-243	664	96.1
HCHHCEEF_00472	mobileOG_000164740|xis|A0A416NGM7|integration/excision|replication/recombination/repair|GPD|Homology	96.9	64	2	0	1	64	1	64	1.81e-39	126	100
HCHHCEEF_00472	mobileOG_000257073|xis|A0A1C7FL09|integration/excision|replication/recombination/repair|GPD|Homology	98.3	58	1	0	7	64	1	58	3.53e-36	117	90.6
HCHHCEEF_00472	mobileOG_000097142|xis|A0A1Y4WJI0|integration/excision|replication/recombination/repair|GPD|Homology	94.8	58	3	0	7	64	1	58	5.88e-35	114	90.6
HCHHCEEF_00578	mobileOG_000271132|dam|C0FQU6|stability/transfer/defense|NA|immedb|Homology	91.0	167	15	0	1	167	33	199	1.28e-117	333	100
HCHHCEEF_00595	mobileOG_000271131|mobC|C0FQT5|transfer|conjugation,relaxosome|immedb|Homology	93.0	114	8	0	1	114	1	114	3.83e-71	210	99.1
HCHHCEEF_00595	mobileOG_000270976|mobC|EKC77970.1|transfer|conjugation,relaxosome|immedb|Homology	92.1	114	9	0	1	114	1	114	2.22e-70	208	99.1
HCHHCEEF_00595	mobileOG_000235320|mobC|A0A396N0U5|transfer|conjugation,relaxosome|GPD|Homology	91.2	114	10	0	1	114	1	114	1.82e-69	206	99.1
HCHHCEEF_00595	mobileOG_000273542|mobC|A0A096B8W2|transfer|conjugation,relaxosome|immedb|Homology	91.1	112	10	0	3	114	4	115	3.80e-69	205	97.4
HCHHCEEF_00595	mobileOG_000270030|mobC|A0A1Y4EZN5|transfer|conjugation,relaxosome|immedb|Homology	91.2	113	10	0	1	113	1	113	2.04e-66	198	98.3
HCHHCEEF_00625	mobileOG_000165166|oppF|U2DIZ5|transfer|competence|GPD|Homology	98.9	271	3	0	1	271	1	271	4.08e-190	523	100
HCHHCEEF_00938	mobileOG_000091541|ltrA|A0A415KZB9|integration/excision|introns|GPD|Homology	97.5	596	15	0	1	596	1	596	0.0	1184	100
HCHHCEEF_00938	mobileOG_000272199|ltrA|A0A1E3A4G5|integration/excision|introns|immedb|Homology	97.7	596	14	0	1	596	1	596	0.0	1183	100
HCHHCEEF_01018	mobileOG_000184343|hsdR_1|A0A1Y4FGT8|stability/transfer/defense|NA|GPD|Homology	98.3	531	9	0	1	531	1	531	0.0	1050	100
HCHHCEEF_01018	mobileOG_000203890|hsdR_1|A0A1Y4FGT8|stability/transfer/defense|NA|GPD|Homology	97.9	531	11	0	1	531	1	531	0.0	1046	100
HCHHCEEF_01018	mobileOG_000202688|hsdR_1|A0A174V6H3|stability/transfer/defense|NA|GPD|Homology	97.7	531	12	0	1	531	1	531	0.0	1045	100
HCHHCEEF_01019	mobileOG_000016206|repA|A0A174UZK5|replication/recombination/repair|initiation,copy	95.0	762	38	0	1	762	1	762	0.0	1483	100
HCHHCEEF_01020	mobileOG_000184345|rusA|A0A1V0QCB5|replication/recombination/repair|NA|GPD|Homology	94.6	147	8	0	1	147	1	147	1.06e-103	295	97.4
HCHHCEEF_01020	mobileOG_000202689|rusA|A0A174V3S6|replication/recombination/repair|NA|GPD|Homology	93.9	147	9	0	1	147	1	147	1.24e-102	292	97.4
HCHHCEEF_01157	mobileOG_000163458|parA|G9YLP7|replication/recombination/repair|transfer|GPD|Homology	98.8	256	3	0	1	256	1	256	1.41e-178	493	100
HCHHCEEF_01157	mobileOG_000176925|parA|A0A174H2F4|replication/recombination/repair|transfer|GPD|Homology	98.4	256	4	0	1	256	1	256	1.41e-178	493	100
HCHHCEEF_01157	mobileOG_000205212|parA|A0A174H2F4|replication/recombination/repair|transfer|GPD|Homology	98.4	256	4	0	1	256	1	256	2.01e-178	493	100
HCHHCEEF_01157	mobileOG_000112838|parA|A0A4R2M5A3|replication/recombination/repair|transfer|GPD|Homology	94.9	253	13	0	1	253	1	253	2.31e-168	467	98.8
HCHHCEEF_01174	mobileOG_000133010|yoeB|A0A174SR00|stability/transfer/defense|NA|GPD|Homology	97.7	86	2	0	1	86	1	86	9.33e-63	186	100
HCHHCEEF_01523	mobileOG_000023054|mobC|A0A3E3IUJ9|transfer|conjugation,relaxosome|immedb|Manual	90.2	112	11	0	1	112	1	112	4.90e-68	202	100
HCHHCEEF_01650	mobileOG_000192459|oppF|A0A174UU42|transfer|competence|GPD|Homology	100	344	0	0	1	344	1	344	7.62e-259	703	100
HCHHCEEF_01651	mobileOG_000192458|oppD|A0A174KMW0|transfer|competence|GPD|Homology	100	350	0	0	1	350	1	350	7.89e-255	694	100
HCHHCEEF_02063	mobileOG_000272218|repA|EJW99731.1|replication/recombination/repair|initiation,copy	90.3	124	12	0	2	125	5	128	1.64e-81	237	96.9
HCHHCEEF_02063	mobileOG_000271661|repA|A0A3R6KFA2|replication/recombination/repair|initiation,copy	90.3	124	12	0	2	125	5	128	3.30e-81	236	96.9
HCHHCEEF_02063	mobileOG_000103900|repA|A0A373C7M1|replication/recombination/repair|initiation,copy	90.3	124	12	0	2	125	5	128	1.35e-80	235	96.9
HCHHCEEF_02065	mobileOG_000023325|hin|A0A174V895|integration/excision|NA|immedb|Manual	96.4	503	18	0	1	503	1	503	0.0	971	100
HCHHCEEF_02251	mobileOG_000273343|hin|A0A417HZ44|integration/excision|NA|immedb|Homology	95.0	503	25	0	1	503	1	503	0.0	951	100
HCHHCEEF_02251	mobileOG_000274012|hin|A0A3F3JZF4|integration/excision|NA|immedb|Homology	95.0	503	25	0	1	503	1	503	0.0	951	100
HCHHCEEF_02251	mobileOG_000271662|hin|A0A3R6P2P4|integration/excision|NA|immedb|Homology	94.8	503	26	0	1	503	1	503	0.0	950	100
HCHHCEEF_02251	mobileOG_000205792|hin|D4CAH2|integration/excision|NA|GPD|Homology	95.0	503	25	0	1	503	1	503	0.0	950	100
HCHHCEEF_02251	mobileOG_000272142|hin|A0A489I9G8|integration/excision|NA|immedb|Homology	94.8	503	26	0	1	503	1	503	0.0	949	100
HCHHCEEF_02251	mobileOG_000273869|hin|A0A3R6QKZ1|integration/excision|NA|immedb|Homology	94.8	503	26	0	1	503	1	503	0.0	949	100
HCHHCEEF_02251	mobileOG_000273539|hin|A0A3E3DQ52|integration/excision|NA|immedb|Homology	94.6	503	27	0	1	503	1	503	0.0	949	100
HCHHCEEF_02251	mobileOG_000048788|hin|WP_007215987.1|integration/excision|NA|Multiple|Homology	94.2	503	29	0	1	503	1	503	0.0	946	100
HCHHCEEF_02251	mobileOG_000272223|hin|A0A3D0VXW0|integration/excision|NA|immedb|Homology	94.4	503	28	0	1	503	1	503	0.0	945	100
HCHHCEEF_02251	mobileOG_000103901|hin|A0A373C9S9|integration/excision|NA|GPD|Homology	93.0	503	35	0	1	503	1	503	0.0	936	100
HCHHCEEF_02251	mobileOG_000271505|hin|WP_007215987.1|integration/excision|NA|immedb|Homology	92.8	503	36	0	1	503	1	503	0.0	931	100
HCHHCEEF_02251	mobileOG_000259164|hin|A0A3E3DQ52|integration/excision|NA|GPD|Homology	94.5	490	27	0	1	490	1	490	0.0	924	97.4
HCHHCEEF_02271	mobileOG_000091541|ltrA|A0A415KZB9|integration/excision|introns|GPD|Homology	97.5	596	15	0	1	596	1	596	0.0	1184	100
HCHHCEEF_02271	mobileOG_000272199|ltrA|A0A1E3A4G5|integration/excision|introns|immedb|Homology	97.7	596	14	0	1	596	1	596	0.0	1183	100
HCHHCEEF_02530	mobileOG_000153968|copR|A0A174W877|transfer|conjugation,relaxosome|GPD|Homology	100	230	0	0	1	230	1	230	4.22e-158	439	100
HCHHCEEF_02591	mobileOG_000202761|ssb|A0A1C7FSG7|replication/recombination/repair|NA|GPD|Homology	100	139	0	0	1	139	1	139	2.67e-96	275	100
HCHHCEEF_02591	mobileOG_000129174|ssb|A0A1C7FSG7|replication/recombination/repair|NA|GPD|Homology	97.1	139	4	0	1	139	1	139	1.81e-94	271	100
HCHHCEEF_02591	mobileOG_000172413|ssb|A0A1C7FSG7|replication/recombination/repair|NA|GPD|Homology	95.7	139	6	0	1	139	1	139	1.22e-92	266	100
HCHHCEEF_02591	mobileOG_000258043|ssb|A0A1C7FSG7|replication/recombination/repair|NA|GPD|Homology	94.2	139	8	0	1	139	1	139	2.03e-91	263	100
HCHHCEEF_02591	mobileOG_000186669|ssb|A0A1C7FSG7|replication/recombination/repair|NA|GPD|Homology	95.0	139	5	1	1	139	1	137	1.56e-90	261	100
HCHHCEEF_02591	mobileOG_000204721|ssb|A0A1C7FSG7|replication/recombination/repair|NA|GPD|Homology	94.2	139	6	1	1	139	1	137	9.04e-90	259	100
HCHHCEEF_02591	mobileOG_000142697|ssb|A0A1C7FSG7|replication/recombination/repair|NA|GPD|Homology	94.2	139	6	1	1	139	1	137	1.82e-89	258	100
HCHHCEEF_02607	mobileOG_000086820|ant|A0A1V0QCE9|phage|lysis/lysogeny,regulation|GPD|Homology	100	212	0	0	1	212	1	212	9.74e-155	429	100
HCHHCEEF_02607	mobileOG_000081944|ant|A0A1V0QCE9|phage|lysis/lysogeny,regulation|GPD|Homology	98.6	212	3	0	1	212	1	212	5.41e-152	422	100
HCHHCEEF_02636	mobileOG_000190103|lexA|G9YL98|phage|infection,regulation|GPD|Homology	100	205	0	0	1	205	1	205	1.56e-143	400	100
HCHHCEEF_02636	mobileOG_000151997|lexA|A0A096CPU8|phage|infection,regulation|GPD|Homology	95.1	205	10	0	1	205	1	205	5.60e-137	384	100
HCHHCEEF_02636	mobileOG_000171183|lexA|A0A096CPU8|phage|infection,regulation|GPD|Homology	95.1	205	10	0	1	205	1	205	7.95e-137	383	100
HCHHCEEF_02636	mobileOG_000120674|lexA|A0A4V2SFM8|phage|infection,regulation|GPD|Homology	94.6	205	11	0	1	205	1	205	1.60e-136	382	100
HCHHCEEF_02683	mobileOG_000217386|ORF|A0A174UFF6|stability/transfer/defense|NA|GPD|Homology	100	82	0	0	1	82	1	82	2.38e-52	160	100
HCHHCEEF_03179	mobileOG_000270027|Tb_ORF38|A0A174R4G2|stability/transfer/defense|NA|immedb|Homology	91.3	264	23	0	1	264	1	264	7.83e-180	497	100
HCHHCEEF_03180	mobileOG_000270028|dam|A0A416HGC3|stability/transfer/defense|NA|immedb|Homology	90.9	187	17	0	8	194	1	187	3.00e-134	375	96.4
HCHHCEEF_03183	mobileOG_000091541|ltrA|A0A415KZB9|integration/excision|introns|GPD|Homology	97.3	596	16	0	1	596	1	596	0.0	1182	100
HCHHCEEF_03183	mobileOG_000272199|ltrA|A0A1E3A4G5|integration/excision|introns|immedb|Homology	97.5	596	15	0	1	596	1	596	0.0	1180	100
HCHHCEEF_03192	mobileOG_000273542|mobC|A0A096B8W2|transfer|conjugation,relaxosome|immedb|Homology	92.0	113	9	0	3	115	4	116	9.32e-70	206	98.3
HCHHCEEF_03229	mobileOG_000128485|polA|A0A096BAN5|replication/recombination/repair|NA|GPD|Homology	98.9	882	10	0	1	882	1	882	0.0	1693	100
HCHHCEEF_03351	mobileOG_000272162|mobC|A0A1Y4EVA0|transfer|conjugation,relaxosome|immedb|Homology	94.7	132	7	0	1	132	1	132	8.80e-85	246	100
HCHHCEEF_03351	mobileOG_000270235|mobC|A0A174JDB5|transfer|conjugation,relaxosome|immedb|Homology	93.2	132	9	0	1	132	1	132	1.46e-83	243	100
HCHHCEEF_03351	mobileOG_000155125|mobC|F7V2J3|transfer|conjugation,relaxosome|GPD|Homology	92.4	132	10	0	1	132	1	132	2.95e-83	242	100
HCHHCEEF_03351	mobileOG_000273341|mobC|R0AGV1|transfer|conjugation,relaxosome|immedb|Homology	91.7	132	11	0	1	132	1	132	4.19e-83	241	100
