bacterium_name_clean	display_name	taxonomic_classification	size_bp	gc_content	num_genes	ncbi_link	accession	assembly_level	ncbi_refseq	genome_link	ncbi_taxonomy_id	ncbi_taxonomy_link		shape	type	lifestyle	synonyms	rRNA_sequences	rRNA_link
acutalibacter_muris_kb18	Acutalibacter muris KB18	Bacteria; Bacillati; Bacillota; Clostridia; Eubacteriales; Acutalibacteraceae; Acutalibacter	3802913	54.6	3,941	https://www.ncbi.nlm.nih.gov/nuccore/CP065321	CP065321	Chromosome	GCF_016697365.1	https://www.ncbi.nlm.nih.gov/datasets/genome/GCF_016697365.1/	1796620	https://www.ncbi.nlm.nih.gov/datasets/taxonomy/1796620/		Rod shaped	Anaerobic	Mesophilic	Clostridiales bacterium KB18; DSM 26090	KR364749	https://www.ncbi.nlm.nih.gov/nuccore/KR364749
akkermansia_muciniphila_YL44	Akkermansia muciniphila YL44	Bacteria; Pseudomonadati; Verrucomicrobiota; Verrucomicrobiia; Verrucomicrobiales; Akkermansiaceae; Akkermansia	2737357	55.7	2,307	https://www.ncbi.nlm.nih.gov/nuccore/CP065322	CP065322	Chromosome	GCF_016697425.1	https://www.ncbi.nlm.nih.gov/datasets/genome/GCF_016697425.1/	239935	https://www.ncbi.nlm.nih.gov/datasets/taxonomy/239935/			Anaerobic	Mesophilic	DSM 26127	KR364731	https://www.ncbi.nlm.nih.gov/nuccore/KR364731
bacteroides_caecimuris_I48	Bacteroides caecimuris I48	Bacteria; Pseudomonadati; Bacteroidota; Bacteroidia; Bacteroidales; Bacteroidaceae; Bacteroides	4800606	42.6	3,998	https://www.ncbi.nlm.nih.gov/nuccore/CP065319	CP065319	Chromosome	GCF_016697125.1	https://www.ncbi.nlm.nih.gov/datasets/genome/GCF_016697125.1/	1796613	https://www.ncbi.nlm.nih.gov/datasets/taxonomy/1796613/		Rod shaped	Anaerobic	Mesophilic	DSM 26085	KR364741	https://www.ncbi.nlm.nih.gov/nuccore/KR364741
bifidobacterium_animalis_YL2	Bifidobacterium animalis YL2	Bacteria; Bacillati; Actinomycetota; Actinomycetes; Bifidobacteriales; Bifidobacteriaceae; Bifidobacterium	2021936	60.2	1,666	https://www.ncbi.nlm.nih.gov/nuccore/CP065311	CP065311	Chromosome	GCF_016696725.1	https://www.ncbi.nlm.nih.gov/datasets/genome/GCF_016696725.1/	28025	https://www.ncbi.nlm.nih.gov/datasets/taxonomy/28025/				Mesophilic	DSM 26074	KR364745	https://www.ncbi.nlm.nih.gov/nuccore/KR364745
blautia_coccoides_YL58	Blautia pseudococcoides YL58	Bacteria; Bacillati; Bacillota; Clostridia; Lachnospirales; Lachnospiraceae; Blautia	5128582	45.7	4,799	https://www.ncbi.nlm.nih.gov/nuccore/CP065312	CP065312	Chromosome	GCF_016696745.1	https://www.ncbi.nlm.nih.gov/datasets/genome/GCF_016696745.1/	1796616	https://www.ncbi.nlm.nih.gov/datasets/taxonomy/1796616/			Anaerobic	Mesophilic	Blautia coccoides YL58 (name used in Brugiroux et al. 2016); type strain of Blautia pseudococcoides; DSM 26115; JCM 35243	KR364747	https://www.ncbi.nlm.nih.gov/nuccore/KR364747
clostridium_innocuum_I46	[Clostridium] innocuum I46	Bacteria; Bacillati; Bacillota; Clostridia; Eubacteriales; Clostridiaceae; Clostridium	4452146	43.3	4,331	https://www.ncbi.nlm.nih.gov/nuccore/CP065320	CP065320	Chromosome	GCF_016697325.1	https://www.ncbi.nlm.nih.gov/datasets/genome/GCF_016697325.1/	1522	https://www.ncbi.nlm.nih.gov/datasets/taxonomy/1522/			Anaerobic	Mesophilic	Clostridium innocuum I46 (name used in Brugiroux et al. 2016); DSM 26113	KR364751	https://www.ncbi.nlm.nih.gov/nuccore/KR364751
enterocloster_clostridioformis_YL32	Enterocloster clostridioformis YL32	Bacteria; Bacillati; Bacillota; Clostridia; Lachnospirales; Lachnospiraceae; Enterocloster	7157610	48.1	7,021	https://www.ncbi.nlm.nih.gov/nuccore/CP065314	CP065314	Chromosome	GCA_016696785.1	https://www.ncbi.nlm.nih.gov/datasets/genome/GCA_016696785.1/	1531	https://www.ncbi.nlm.nih.gov/datasets/taxonomy/1531/			Anaerobic	Mesophilic	Clostridium clostridioforme YL32; DSM 26114	KR364750	https://www.ncbi.nlm.nih.gov/nuccore/KR364750
enterococcus_faecalis_KB1	Enterococcus faecalis KB1	Bacteria; Bacillati; Bacillota; Bacilli; Lactobacillales; Enterococcaceae; Enterococcus	3025655	37.2	2,864	https://www.ncbi.nlm.nih.gov/nuccore/CP065317	CP065317	Chromosome	GCF_016696825.1	https://www.ncbi.nlm.nih.gov/datasets/genome/GCF_016696825.1/	1351	https://www.ncbi.nlm.nih.gov/datasets/taxonomy/1351/				Mesophilic	DSM 32036	KR364769	https://www.ncbi.nlm.nih.gov/nuccore/KR364769
flavonifractor_plautii_YL31	Flavonifractor plautii YL31	Bacteria; Bacillati; Bacillota; Clostridia; Eubacteriales; Oscillospiraceae; Flavonifractor	3813715	60.9	3,744	https://www.ncbi.nlm.nih.gov/nuccore/CP065315	CP065315	Chromosome	GCF_016696805.1	https://www.ncbi.nlm.nih.gov/datasets/genome/GCF_016696805.1/	292800	https://www.ncbi.nlm.nih.gov/datasets/taxonomy/292800/			Anaerobic	Mesophilic	DSM 26117	KR364773	https://www.ncbi.nlm.nih.gov/nuccore/KR364773
limosilactobacillus_reuteri_I49	Limosilactobacillus reuteri I49	Bacteria; Bacillati; Bacillota; Bacilli; Lactobacillales; Lactobacillaceae; Limosilactobacillus	2063624	38.8	1,980	https://www.ncbi.nlm.nih.gov/nuccore/CP065318	CP065318	Chromosome	GCF_016697045.1	https://www.ncbi.nlm.nih.gov/datasets/genome/GCF_016697045.1/	1598	https://www.ncbi.nlm.nih.gov/datasets/taxonomy/1598/			Microaerophilic	Mesophilic	Lactobacillus reuteri I49; DSM 32035	KR364776	https://www.ncbi.nlm.nih.gov/nuccore/KR364776
muribaculum_intestinales_YL27	Muribaculum intestinale YL27	Bacteria; Pseudomonadati; Bacteroidota; Bacteroidia; Bacteroidales; Muribaculaceae; Muribaculum	3307069	50.1	2,745	https://www.ncbi.nlm.nih.gov/nuccore/CP065316	CP065316	Chromosome	GCF_016696845.1	https://www.ncbi.nlm.nih.gov/datasets/genome/GCF_016696845.1/	1796646	https://www.ncbi.nlm.nih.gov/datasets/taxonomy/1796646/			Anaerobic	Mesophilic	DSM 28989	KR364784	https://www.ncbi.nlm.nih.gov/nuccore/KR364784
turicimonas_muris_YL45	Turicimonas muris YL45	Bacteria; Pseudomonadati; Pseudomonadota; Betaproteobacteria; Burkholderiales; Sutterellaceae; Turicimonas	2887949	44.1	2,592	https://www.ncbi.nlm.nih.gov/nuccore/CP065313	CP065313	Chromosome	GCF_016696765.1	https://www.ncbi.nlm.nih.gov/datasets/genome/GCF_016696765.1/	1796652	https://www.ncbi.nlm.nih.gov/datasets/taxonomy/1796652/		Rod shaped	Anaerobic	Mesophilic	DSM 26109	KR364792	https://www.ncbi.nlm.nih.gov/nuccore/KR364792
