PBFPHCLI_00010	mobileOG_000345303|int|A0A143PYR4|integration/excision|NA|Plasmid	99.1	322	3	0	1	322	1	322	3.99e-243	662	100
PBFPHCLI_00027	mobileOG_000345303|int|A0A143PYR4|integration/excision|NA|Plasmid	96.6	322	11	0	1	322	1	322	7.95e-234	638	100
PBFPHCLI_00039	mobileOG_000264823|int-Tn_2|A0A0U5D5H4|integration/excision|replication/recombination/repair|GPD|Homology	99.1	328	3	0	1	328	1	328	2.13e-241	658	100
PBFPHCLI_00047	mobileOG_000207019|orf75|A0A317GQZ2|phage|replication,transfer|GPD|Homology	98.6	71	1	0	1	71	23	93	2.45e-42	134	100
PBFPHCLI_00048	mobileOG_000016591|lexA1|A0A0U5FA65|phage|lysis/lysogeny,regulation|GPD|Manual	99.5	218	1	0	1	218	1	218	1.32e-155	432	100
PBFPHCLI_00148	mobileOG_000040886|insK|WP_087448686.1|integration/excision|NA|Multiple|Homology	99.4	166	1	0	1	166	293	458	1.03e-115	337	100
PBFPHCLI_00148	mobileOG_000310537|insK|WP_016497334.1|integration/excision|NA|Multiple|Homology	99.4	166	1	0	1	166	293	458	1.03e-115	337	100
PBFPHCLI_00148	mobileOG_000035325|insK|WP_011241738.1|integration/excision|NA|Multiple|Homology	91.6	166	14	0	1	166	294	459	1.12e-107	317	100
PBFPHCLI_00149	mobileOG_000040886|insK|WP_087448686.1|integration/excision|NA|Multiple|Homology	97.8	270	6	0	15	284	1	270	1.49e-187	525	94.7
PBFPHCLI_00149	mobileOG_000310537|insK|WP_016497334.1|integration/excision|NA|Multiple|Homology	97.0	270	8	0	15	284	1	270	2.01e-185	520	94.7
PBFPHCLI_00169	mobileOG_000177346|gyrB|C2ESF6|replication/recombination/repair|transfer|GPD|Homology	91.3	656	57	0	1	656	1	656	0.0	1163	98.1
PBFPHCLI_00198	mobileOG_000264822|xerD|A0A081NPT4|integration/excision|replication/recombination/repair|GPD|Homology	99.7	297	1	0	1	297	1	297	3.56e-213	584	100
PBFPHCLI_00265	mobileOG_000016592|lexA|A0A073JR82|phage|lysis/lysogeny,regulation|GPD|Manual	99.5	208	1	0	1	208	1	208	1.82e-148	413	100
PBFPHCLI_00267	mobileOG_000120316|rnhA|A0A1C2GFJ0|replication/recombination/repair|NA|GPD|Homology	99.5	222	1	0	1	222	1	222	1.38e-168	465	100
PBFPHCLI_00267	mobileOG_000207026|rnhA|A0A0U5JRG0|replication/recombination/repair|NA|GPD|Homology	96.8	222	7	0	1	222	1	222	3.13e-165	456	100
PBFPHCLI_00283	mobileOG_000298333|ltrA|WP_013923770.1|integration/excision|introns|Multiple|Homology	99.3	460	3	0	1	460	1	460	0.0	902	100
PBFPHCLI_00283	mobileOG_000021786|ltrA|A0A4P6K7K6|integration/excision|introns|Multiple|Manual	99.3	460	3	0	1	460	1	460	0.0	900	100
PBFPHCLI_00283	mobileOG_000347290|ltrA|WP_016497296.1|integration/excision|introns|Multiple|Homology	98.5	460	7	0	1	460	1	460	0.0	894	100
PBFPHCLI_00283	mobileOG_000347361|ltrA|WP_068377356.1|integration/excision|introns|Multiple|Homology	97.8	460	10	0	1	460	1	460	0.0	890	100
PBFPHCLI_00283	mobileOG_000354705|ltrA|WP_157262061.1|integration/excision|introns|Plasmid	97.8	460	10	0	1	460	1	460	0.0	889	100
PBFPHCLI_00283	mobileOG_000289670|ltrA|WP_016497296.1|integration/excision|introns|Plasmid	97.4	460	12	0	1	460	1	460	0.0	883	100
PBFPHCLI_00283	mobileOG_000001812|ltrA|A0A4P6K7M0|integration/excision|introns|ACLAME|Manual	97.6	457	11	0	1	457	1	457	0.0	879	99.3
PBFPHCLI_00309	mobileOG_000038930|tnpA|B3XMT7|integration/excision|NA|ACLAME|Homology	100	152	0	0	1	152	1	152	4.13e-113	319	100
PBFPHCLI_00375	mobileOG_000206827|tnpB|S5NUN7|integration/excision|NA|GPD|Homology	99.2	118	1	0	1	118	1	118	1.12e-87	252	100
PBFPHCLI_00415	mobileOG_000298333|ltrA|WP_013923770.1|integration/excision|introns|Multiple|Homology	99.1	460	4	0	1	460	1	460	0.0	902	100
PBFPHCLI_00415	mobileOG_000021786|ltrA|A0A4P6K7K6|integration/excision|introns|Multiple|Manual	99.1	460	4	0	1	460	1	460	0.0	900	100
PBFPHCLI_00415	mobileOG_000347290|ltrA|WP_016497296.1|integration/excision|introns|Multiple|Homology	98.3	460	8	0	1	460	1	460	0.0	894	100
PBFPHCLI_00415	mobileOG_000347361|ltrA|WP_068377356.1|integration/excision|introns|Multiple|Homology	97.6	460	11	0	1	460	1	460	0.0	890	100
PBFPHCLI_00415	mobileOG_000354705|ltrA|WP_157262061.1|integration/excision|introns|Plasmid	97.6	460	11	0	1	460	1	460	0.0	889	100
PBFPHCLI_00415	mobileOG_000289670|ltrA|WP_016497296.1|integration/excision|introns|Plasmid	97.2	460	13	0	1	460	1	460	0.0	883	100
PBFPHCLI_00415	mobileOG_000001812|ltrA|A0A4P6K7M0|integration/excision|introns|ACLAME|Manual	97.4	457	12	0	1	457	1	457	0.0	879	99.3
PBFPHCLI_00470	mobileOG_000345303|int|A0A143PYR4|integration/excision|NA|Plasmid	96.9	322	10	0	1	322	1	322	6.81e-235	641	100
PBFPHCLI_00633	mobileOG_000345303|int|A0A143PYR4|integration/excision|NA|Plasmid	96.9	322	10	0	1	322	1	322	6.81e-235	641	100
PBFPHCLI_00677	mobileOG_000038930|tnpA|B3XMT7|integration/excision|NA|ACLAME|Homology	100	152	0	0	1	152	1	152	4.13e-113	319	100
PBFPHCLI_00725	mobileOG_000345303|int|A0A143PYR4|integration/excision|NA|Plasmid	96.9	322	10	0	1	322	1	322	6.81e-235	641	100
PBFPHCLI_00729	mobileOG_000206827|tnpB|S5NUN7|integration/excision|NA|GPD|Homology	99.2	118	1	0	1	118	1	118	1.12e-87	252	100
PBFPHCLI_00953	mobileOG_000040543|ltrA|WP_068377356.1|integration/excision|introns|COMPASS|Homology	96.1	102	4	0	1	102	126	227	1.53e-65	199	100
PBFPHCLI_00953	mobileOG_000049430|ltrA|WP_068377356.1|integration/excision|introns|COMPASS|Homology	96.1	102	4	0	1	102	170	271	5.88e-65	199	100
PBFPHCLI_00953	mobileOG_000298333|ltrA|WP_013923770.1|integration/excision|introns|Multiple|Homology	98.0	102	2	0	1	102	359	460	2.79e-64	203	100
PBFPHCLI_00953	mobileOG_000347290|ltrA|WP_016497296.1|integration/excision|introns|Multiple|Homology	97.1	102	3	0	1	102	359	460	1.56e-63	201	100
PBFPHCLI_00953	mobileOG_000021786|ltrA|A0A4P6K7K6|integration/excision|introns|Multiple|Manual	97.1	102	3	0	1	102	359	460	8.65e-63	199	100
PBFPHCLI_00953	mobileOG_000347361|ltrA|WP_068377356.1|integration/excision|introns|Multiple|Homology	96.1	102	4	0	1	102	359	460	8.65e-63	199	100
PBFPHCLI_00953	mobileOG_000289670|ltrA|WP_016497296.1|integration/excision|introns|Plasmid	96.1	102	4	0	1	102	359	460	8.65e-63	199	100
PBFPHCLI_00953	mobileOG_000354705|ltrA|WP_157262061.1|integration/excision|introns|Plasmid	96.1	102	4	0	1	102	359	460	8.65e-63	199	100
PBFPHCLI_00953	mobileOG_000001812|ltrA|A0A4P6K7M0|integration/excision|introns|ACLAME|Manual	96.0	99	4	0	1	99	359	457	5.47e-60	192	97.1
PBFPHCLI_00954	mobileOG_000021786|ltrA|A0A4P6K7K6|integration/excision|introns|Multiple|Manual	99.2	356	3	0	1	356	1	356	1.82e-254	697	100
PBFPHCLI_00954	mobileOG_000298333|ltrA|WP_013923770.1|integration/excision|introns|Multiple|Homology	99.2	355	3	0	1	355	1	355	1.05e-253	696	99.7
PBFPHCLI_00954	mobileOG_000347290|ltrA|WP_016497296.1|integration/excision|introns|Multiple|Homology	98.9	355	4	0	1	355	1	355	2.46e-252	692	99.7
PBFPHCLI_00954	mobileOG_000347361|ltrA|WP_068377356.1|integration/excision|introns|Multiple|Homology	98.3	355	6	0	1	355	1	355	1.42e-251	690	99.7
PBFPHCLI_00954	mobileOG_000354705|ltrA|WP_157262061.1|integration/excision|introns|Plasmid	98.3	355	6	0	1	355	1	355	4.07e-251	689	99.7
PBFPHCLI_00954	mobileOG_000001812|ltrA|A0A4P6K7M0|integration/excision|introns|ACLAME|Manual	98.0	355	7	0	1	355	1	355	2.99e-250	687	99.7
PBFPHCLI_00954	mobileOG_000289670|ltrA|WP_016497296.1|integration/excision|introns|Plasmid	97.7	355	8	0	1	355	1	355	7.84e-249	683	99.7
PBFPHCLI_00969	mobileOG_000021786|ltrA|A0A4P6K7K6|integration/excision|introns|Multiple|Manual	99.3	460	3	0	1	460	1	460	0.0	899	100
PBFPHCLI_00969	mobileOG_000298333|ltrA|WP_013923770.1|integration/excision|introns|Multiple|Homology	98.9	460	5	0	1	460	1	460	0.0	895	100
PBFPHCLI_00969	mobileOG_000347290|ltrA|WP_016497296.1|integration/excision|introns|Multiple|Homology	98.0	460	9	0	1	460	1	460	0.0	887	100
PBFPHCLI_00969	mobileOG_000347361|ltrA|WP_068377356.1|integration/excision|introns|Multiple|Homology	97.4	460	12	0	1	460	1	460	0.0	883	100
PBFPHCLI_00969	mobileOG_000354705|ltrA|WP_157262061.1|integration/excision|introns|Plasmid	97.4	460	12	0	1	460	1	460	0.0	882	100
PBFPHCLI_00969	mobileOG_000001812|ltrA|A0A4P6K7M0|integration/excision|introns|ACLAME|Manual	97.4	457	12	0	1	457	1	457	0.0	876	99.3
PBFPHCLI_00969	mobileOG_000289670|ltrA|WP_016497296.1|integration/excision|introns|Plasmid	97.0	460	14	0	1	460	1	460	0.0	876	100
PBFPHCLI_00975	mobileOG_000345303|int|A0A143PYR4|integration/excision|NA|Plasmid	96.9	322	10	0	1	322	1	322	6.81e-235	641	100
PBFPHCLI_01133	mobileOG_000038930|tnpA|B3XMT7|integration/excision|NA|ACLAME|Homology	100	152	0	0	1	152	1	152	4.13e-113	319	100
PBFPHCLI_01142	mobileOG_000021786|ltrA|A0A4P6K7K6|integration/excision|introns|Multiple|Manual	98.9	460	5	0	1	460	1	460	0.0	895	100
PBFPHCLI_01142	mobileOG_000298333|ltrA|WP_013923770.1|integration/excision|introns|Multiple|Homology	98.5	460	7	0	1	460	1	460	0.0	891	100
PBFPHCLI_01142	mobileOG_000347290|ltrA|WP_016497296.1|integration/excision|introns|Multiple|Homology	97.6	460	11	0	1	460	1	460	0.0	882	100
PBFPHCLI_01142	mobileOG_000347361|ltrA|WP_068377356.1|integration/excision|introns|Multiple|Homology	97.0	460	14	0	1	460	1	460	0.0	879	100
PBFPHCLI_01142	mobileOG_000354705|ltrA|WP_157262061.1|integration/excision|introns|Plasmid	97.0	460	14	0	1	460	1	460	0.0	877	100
PBFPHCLI_01142	mobileOG_000001812|ltrA|A0A4P6K7M0|integration/excision|introns|ACLAME|Manual	96.9	457	14	0	1	457	1	457	0.0	872	99.3
PBFPHCLI_01142	mobileOG_000289670|ltrA|WP_016497296.1|integration/excision|introns|Plasmid	96.5	460	16	0	1	460	1	460	0.0	872	100
PBFPHCLI_01219	mobileOG_000021786|ltrA|A0A4P6K7K6|integration/excision|introns|Multiple|Manual	99.1	460	4	0	1	460	1	460	0.0	897	100
PBFPHCLI_01219	mobileOG_000298333|ltrA|WP_013923770.1|integration/excision|introns|Multiple|Homology	98.7	460	6	0	1	460	1	460	0.0	893	100
PBFPHCLI_01219	mobileOG_000347290|ltrA|WP_016497296.1|integration/excision|introns|Multiple|Homology	97.8	460	10	0	1	460	1	460	0.0	885	100
PBFPHCLI_01219	mobileOG_000347361|ltrA|WP_068377356.1|integration/excision|introns|Multiple|Homology	97.2	460	13	0	1	460	1	460	0.0	881	100
PBFPHCLI_01219	mobileOG_000354705|ltrA|WP_157262061.1|integration/excision|introns|Plasmid	97.2	460	13	0	1	460	1	460	0.0	880	100
PBFPHCLI_01219	mobileOG_000001812|ltrA|A0A4P6K7M0|integration/excision|introns|ACLAME|Manual	97.2	457	13	0	1	457	1	457	0.0	874	99.3
PBFPHCLI_01219	mobileOG_000289670|ltrA|WP_016497296.1|integration/excision|introns|Plasmid	96.7	460	15	0	1	460	1	460	0.0	874	100
PBFPHCLI_01221	mobileOG_000345303|int|A0A143PYR4|integration/excision|NA|Plasmid	96.9	322	10	0	1	322	1	322	6.81e-235	641	100
PBFPHCLI_01302	mobileOG_000345303|int|A0A143PYR4|integration/excision|NA|Plasmid	96.9	322	10	0	1	322	1	322	6.81e-235	641	100
PBFPHCLI_01359	mobileOG_000021786|ltrA|A0A4P6K7K6|integration/excision|introns|Multiple|Manual	99.1	460	4	0	1	460	1	460	0.0	897	100
PBFPHCLI_01359	mobileOG_000298333|ltrA|WP_013923770.1|integration/excision|introns|Multiple|Homology	98.7	460	6	0	1	460	1	460	0.0	893	100
PBFPHCLI_01359	mobileOG_000347290|ltrA|WP_016497296.1|integration/excision|introns|Multiple|Homology	97.8	460	10	0	1	460	1	460	0.0	885	100
PBFPHCLI_01359	mobileOG_000347361|ltrA|WP_068377356.1|integration/excision|introns|Multiple|Homology	97.2	460	13	0	1	460	1	460	0.0	881	100
PBFPHCLI_01359	mobileOG_000354705|ltrA|WP_157262061.1|integration/excision|introns|Plasmid	97.2	460	13	0	1	460	1	460	0.0	880	100
PBFPHCLI_01359	mobileOG_000001812|ltrA|A0A4P6K7M0|integration/excision|introns|ACLAME|Manual	97.2	457	13	0	1	457	1	457	0.0	874	99.3
PBFPHCLI_01359	mobileOG_000289670|ltrA|WP_016497296.1|integration/excision|introns|Plasmid	96.7	460	15	0	1	460	1	460	0.0	874	100
PBFPHCLI_01436	mobileOG_000021786|ltrA|A0A4P6K7K6|integration/excision|introns|Multiple|Manual	99.2	358	3	0	1	358	1	358	7.31e-256	702	96.2
PBFPHCLI_01436	mobileOG_000298333|ltrA|WP_013923770.1|integration/excision|introns|Multiple|Homology	98.9	358	4	0	1	358	1	358	4.22e-255	700	96.2
PBFPHCLI_01436	mobileOG_000347290|ltrA|WP_016497296.1|integration/excision|introns|Multiple|Homology	98.6	358	5	0	1	358	1	358	9.91e-254	696	96.2
PBFPHCLI_01436	mobileOG_000347361|ltrA|WP_068377356.1|integration/excision|introns|Multiple|Homology	98.0	358	7	0	1	358	1	358	5.72e-253	694	96.2
PBFPHCLI_01436	mobileOG_000354705|ltrA|WP_157262061.1|integration/excision|introns|Plasmid	98.0	358	7	0	1	358	1	358	1.64e-252	693	96.2
PBFPHCLI_01436	mobileOG_000001812|ltrA|A0A4P6K7M0|integration/excision|introns|ACLAME|Manual	97.8	358	8	0	1	358	1	358	1.20e-251	691	96.2
PBFPHCLI_01436	mobileOG_000289670|ltrA|WP_016497296.1|integration/excision|introns|Plasmid	97.5	358	9	0	1	358	1	358	3.15e-250	687	96.2
PBFPHCLI_01437	mobileOG_000040543|ltrA|WP_068377356.1|integration/excision|introns|COMPASS|Homology	96.1	102	4	0	1	102	126	227	3.78e-66	201	100
PBFPHCLI_01437	mobileOG_000298333|ltrA|WP_013923770.1|integration/excision|introns|Multiple|Homology	100	102	0	0	1	102	359	460	4.51e-66	207	100
PBFPHCLI_01437	mobileOG_000049430|ltrA|WP_068377356.1|integration/excision|introns|COMPASS|Homology	96.1	102	4	0	1	102	170	271	1.46e-65	201	100
PBFPHCLI_01437	mobileOG_000021786|ltrA|A0A4P6K7K6|integration/excision|introns|Multiple|Manual	99.0	102	1	0	1	102	359	460	1.40e-64	204	100
PBFPHCLI_01437	mobileOG_000347290|ltrA|WP_016497296.1|integration/excision|introns|Multiple|Homology	97.1	102	3	0	1	102	359	460	3.94e-64	202	100
PBFPHCLI_01437	mobileOG_000347361|ltrA|WP_068377356.1|integration/excision|introns|Multiple|Homology	96.1	102	4	0	1	102	359	460	2.19e-63	201	100
PBFPHCLI_01437	mobileOG_000289670|ltrA|WP_016497296.1|integration/excision|introns|Plasmid	96.1	102	4	0	1	102	359	460	2.19e-63	201	100
PBFPHCLI_01437	mobileOG_000354705|ltrA|WP_157262061.1|integration/excision|introns|Plasmid	96.1	102	4	0	1	102	359	460	2.19e-63	201	100
PBFPHCLI_01437	mobileOG_000001812|ltrA|A0A4P6K7M0|integration/excision|introns|ACLAME|Manual	96.0	99	4	0	1	99	359	457	1.39e-60	193	97.1
PBFPHCLI_01553	mobileOG_000345303|int|A0A143PYR4|integration/excision|NA|Plasmid	96.9	322	10	0	1	322	1	322	6.81e-235	641	100
PBFPHCLI_01555	mobileOG_000345303|int|A0A143PYR4|integration/excision|NA|Plasmid	98.3	233	4	0	1	233	1	233	1.47e-169	472	100
PBFPHCLI_01555	mobileOG_000038936|int|A5VL83|integration/excision|NA|ACLAME|Homology	97.1	210	6	0	1	210	1	210	3.95e-150	418	90.1
PBFPHCLI_01563	mobileOG_000021786|ltrA|A0A4P6K7K6|integration/excision|introns|Multiple|Manual	98.9	460	5	0	1	460	1	460	0.0	896	100
PBFPHCLI_01563	mobileOG_000298333|ltrA|WP_013923770.1|integration/excision|introns|Multiple|Homology	98.5	460	7	0	1	460	1	460	0.0	892	100
PBFPHCLI_01563	mobileOG_000347290|ltrA|WP_016497296.1|integration/excision|introns|Multiple|Homology	97.6	460	11	0	1	460	1	460	0.0	884	100
PBFPHCLI_01563	mobileOG_000347361|ltrA|WP_068377356.1|integration/excision|introns|Multiple|Homology	97.0	460	14	0	1	460	1	460	0.0	880	100
PBFPHCLI_01563	mobileOG_000354705|ltrA|WP_157262061.1|integration/excision|introns|Plasmid	97.0	460	14	0	1	460	1	460	0.0	879	100
PBFPHCLI_01563	mobileOG_000001812|ltrA|A0A4P6K7M0|integration/excision|introns|ACLAME|Manual	96.9	457	14	0	1	457	1	457	0.0	873	99.3
PBFPHCLI_01563	mobileOG_000289670|ltrA|WP_016497296.1|integration/excision|introns|Plasmid	96.5	460	16	0	1	460	1	460	0.0	873	100
PBFPHCLI_01651	mobileOG_000206827|tnpB|S5NUN7|integration/excision|NA|GPD|Homology	99.2	118	1	0	1	118	1	118	1.12e-87	252	100
PBFPHCLI_01653	mobileOG_000345303|int|A0A143PYR4|integration/excision|NA|Plasmid	99.1	322	3	0	1	322	1	322	3.99e-243	662	100
PBFPHCLI_01654	mobileOG_000040886|insK|WP_087448686.1|integration/excision|NA|Multiple|Homology	98.3	458	8	0	1	458	1	458	0.0	890	100
PBFPHCLI_01654	mobileOG_000310537|insK|WP_016497334.1|integration/excision|NA|Multiple|Homology	97.8	458	10	0	1	458	1	458	0.0	885	100
PBFPHCLI_01661	mobileOG_000347290|ltrA|WP_016497296.1|integration/excision|introns|Multiple|Homology	99.1	338	3	0	2	339	123	460	1.70e-243	669	99.7
PBFPHCLI_01661	mobileOG_000289670|ltrA|WP_016497296.1|integration/excision|introns|Plasmid	98.5	338	5	0	2	339	123	460	3.99e-242	665	99.7
PBFPHCLI_01661	mobileOG_000354705|ltrA|WP_157262061.1|integration/excision|introns|Plasmid	98.5	338	5	0	2	339	123	460	3.99e-242	665	99.7
PBFPHCLI_01661	mobileOG_000347361|ltrA|WP_068377356.1|integration/excision|introns|Multiple|Homology	98.5	338	5	0	2	339	123	460	5.67e-242	665	99.7
PBFPHCLI_01661	mobileOG_000298333|ltrA|WP_013923770.1|integration/excision|introns|Multiple|Homology	97.6	338	8	0	2	339	123	460	1.89e-240	661	99.7
PBFPHCLI_01661	mobileOG_000001812|ltrA|A0A4P6K7M0|integration/excision|introns|ACLAME|Manual	98.8	335	4	0	2	336	123	457	3.41e-240	660	98.8
PBFPHCLI_01661	mobileOG_000021786|ltrA|A0A4P6K7K6|integration/excision|introns|Multiple|Manual	97.0	338	10	0	2	339	123	460	1.04e-237	654	99.7
PBFPHCLI_01669	mobileOG_000021786|ltrA|A0A4P6K7K6|integration/excision|introns|Multiple|Manual	98.4	62	1	0	1	62	1	62	2.30e-32	117	95.4
PBFPHCLI_01669	mobileOG_000298333|ltrA|WP_013923770.1|integration/excision|introns|Multiple|Homology	98.4	62	1	0	1	62	1	62	2.30e-32	117	95.4
PBFPHCLI_01669	mobileOG_000040542|ltrA|A0A2G9VCK9|integration/excision|introns|COMPASS|Homology	95.2	62	3	0	1	62	1	62	1.04e-31	112	95.4
PBFPHCLI_01669	mobileOG_000001812|ltrA|A0A4P6K7M0|integration/excision|introns|ACLAME|Manual	96.8	62	2	0	1	62	1	62	2.23e-31	115	95.4
PBFPHCLI_01669	mobileOG_000347361|ltrA|WP_068377356.1|integration/excision|introns|Multiple|Homology	96.8	62	2	0	1	62	1	62	2.29e-31	115	95.4
PBFPHCLI_01669	mobileOG_000347290|ltrA|WP_016497296.1|integration/excision|introns|Multiple|Homology	95.2	62	3	0	1	62	1	62	8.50e-31	113	95.4
PBFPHCLI_01669	mobileOG_000354705|ltrA|WP_157262061.1|integration/excision|introns|Plasmid	95.2	62	3	0	1	62	1	62	2.27e-30	112	95.4
PBFPHCLI_01669	mobileOG_000289670|ltrA|WP_016497296.1|integration/excision|introns|Plasmid	91.9	62	5	0	1	62	1	62	5.94e-29	108	95.4
PBFPHCLI_01670	mobileOG_000021786|ltrA|A0A4P6K7K6|integration/excision|introns|Multiple|Manual	99.0	390	4	0	1	390	71	460	3.18e-280	764	100
PBFPHCLI_01670	mobileOG_000298333|ltrA|WP_013923770.1|integration/excision|introns|Multiple|Homology	98.5	390	6	0	1	390	71	460	1.06e-278	760	100
PBFPHCLI_01670	mobileOG_000347290|ltrA|WP_016497296.1|integration/excision|introns|Multiple|Homology	97.9	390	8	0	1	390	71	460	5.03e-277	756	100
PBFPHCLI_01670	mobileOG_000354705|ltrA|WP_157262061.1|integration/excision|introns|Plasmid	97.4	390	10	0	1	390	71	460	1.18e-275	753	100
PBFPHCLI_01670	mobileOG_000347361|ltrA|WP_068377356.1|integration/excision|introns|Multiple|Homology	97.2	390	11	0	1	390	71	460	4.80e-275	751	100
PBFPHCLI_01670	mobileOG_000289670|ltrA|WP_016497296.1|integration/excision|introns|Plasmid	97.2	390	11	0	1	390	71	460	9.69e-275	750	100
PBFPHCLI_01670	mobileOG_000001812|ltrA|A0A4P6K7M0|integration/excision|introns|ACLAME|Manual	97.2	387	11	0	1	387	71	457	2.37e-272	744	99.2
PBFPHCLI_01671	mobileOG_000345303|int|A0A143PYR4|integration/excision|NA|Plasmid	98.4	322	5	0	1	322	1	322	2.58e-239	652	100
PBFPHCLI_01784	mobileOG_000345303|int|A0A143PYR4|integration/excision|NA|Plasmid	96.9	322	10	0	1	322	1	322	6.81e-235	641	100
PBFPHCLI_01792	mobileOG_000021786|ltrA|A0A4P6K7K6|integration/excision|introns|Multiple|Manual	99.0	390	4	0	1	390	71	460	3.18e-280	764	100
PBFPHCLI_01792	mobileOG_000298333|ltrA|WP_013923770.1|integration/excision|introns|Multiple|Homology	98.5	390	6	0	1	390	71	460	1.06e-278	760	100
PBFPHCLI_01792	mobileOG_000347290|ltrA|WP_016497296.1|integration/excision|introns|Multiple|Homology	97.9	390	8	0	1	390	71	460	5.03e-277	756	100
PBFPHCLI_01792	mobileOG_000354705|ltrA|WP_157262061.1|integration/excision|introns|Plasmid	97.4	390	10	0	1	390	71	460	1.18e-275	753	100
PBFPHCLI_01792	mobileOG_000347361|ltrA|WP_068377356.1|integration/excision|introns|Multiple|Homology	97.2	390	11	0	1	390	71	460	4.80e-275	751	100
PBFPHCLI_01792	mobileOG_000289670|ltrA|WP_016497296.1|integration/excision|introns|Plasmid	97.2	390	11	0	1	390	71	460	9.69e-275	750	100
PBFPHCLI_01792	mobileOG_000001812|ltrA|A0A4P6K7M0|integration/excision|introns|ACLAME|Manual	97.2	387	11	0	1	387	71	457	2.37e-272	744	99.2
PBFPHCLI_01793	mobileOG_000021786|ltrA|A0A4P6K7K6|integration/excision|introns|Multiple|Manual	100	64	0	0	1	64	1	64	1.48e-35	126	90.1
PBFPHCLI_01793	mobileOG_000298333|ltrA|WP_013923770.1|integration/excision|introns|Multiple|Homology	100	64	0	0	1	64	1	64	1.48e-35	126	90.1
PBFPHCLI_01793	mobileOG_000040542|ltrA|A0A2G9VCK9|integration/excision|introns|COMPASS|Homology	96.9	64	2	0	1	64	1	64	4.73e-35	120	90.1
PBFPHCLI_01793	mobileOG_000001812|ltrA|A0A4P6K7M0|integration/excision|introns|ACLAME|Manual	98.4	64	1	0	1	64	1	64	1.45e-34	124	90.1
PBFPHCLI_01793	mobileOG_000347361|ltrA|WP_068377356.1|integration/excision|introns|Multiple|Homology	98.4	64	1	0	1	64	1	64	1.51e-34	124	90.1
PBFPHCLI_01793	mobileOG_000347290|ltrA|WP_016497296.1|integration/excision|introns|Multiple|Homology	96.9	64	2	0	1	64	1	64	5.65e-34	122	90.1
PBFPHCLI_01793	mobileOG_000354705|ltrA|WP_157262061.1|integration/excision|introns|Plasmid	96.9	64	2	0	1	64	1	64	1.52e-33	121	90.1
PBFPHCLI_01793	mobileOG_000289670|ltrA|WP_016497296.1|integration/excision|introns|Plasmid	93.8	64	4	0	1	64	1	64	4.11e-32	117	90.1
PBFPHCLI_01849	mobileOG_000021787|xth|A0A2R7DKN7|replication/recombination/repair|NA|Multiple|Manual	99.6	275	1	0	1	275	1	275	1.34e-206	565	100
PBFPHCLI_01962	mobileOG_000345303|int|A0A143PYR4|integration/excision|NA|Plasmid	96.9	322	10	0	1	322	1	322	6.81e-235	641	100
PBFPHCLI_01979	mobileOG_000038930|tnpA|B3XMT7|integration/excision|NA|ACLAME|Homology	100	152	0	0	1	152	1	152	4.13e-113	319	100
