iso3	country	publications_all	publications_uses_omm12
DEU	Germany	123	78
USA	United States	85	32
CHE	Switzerland	67	50
CHN	China	35	1
FRA	France	33	21
CAN	Canada	26	16
GBR	United Kingdom	23	10
ITA	Italy	15	4
NLD	Netherlands	14	4
DNK	Denmark	12	6
AUT	Austria	11	9
KOR	South Korea	10	4
IND	India	7	0
MEX	Mexico	7	0
BEL	Belgium	6	2
CZE	Czechia	6	4
IRL	Ireland	6	2
ESP	Spain	5	1
SWE	Sweden	5	3
AUS	Australia	4	1
BRA	Brazil	4	0
NOR	Norway	4	3
FIN	Finland	3	0
JPN	Japan	3	2
LUX	Luxembourg	3	0
PAK	Pakistan	3	0
SAU	Saudi Arabia	3	0
TUR	Turkey	3	0
ISR	Israel	2	1
MYS	Malaysia	2	0
PRT	Portugal	2	1
SGP	Singapore	2	1
CHL	Chile	1	0
CRI	Costa Rica	1	1
ECU	Ecuador	1	0
EGY	Egypt	1	0
GHA	Ghana	1	0
HKG	Hong Kong	1	0
IRQ	Iraq	1	0
NZL	New Zealand	1	1
POL	Poland	1	0
RUS	Russia	1	0
SVN	Slovenia	1	0
TJK	Tajikistan	1	0
TZA	Tanzania	1	0
THA	Thailand	1	0
UKR	Ukraine	1	0
UZB	Uzbekistan	1	0
