journal	group	publications	journal_total	journal_citations_scopus
Nature Communications	Uses OMM12	17	20	1524
Nature Communications	Other publications	3	20	1524
Cell Host & Microbe	Uses OMM12	13	18	1446
Cell Host & Microbe	Other publications	5	18	1446
Gut Microbes	Uses OMM12	10	17	679
Gut Microbes	Other publications	7	17	679
Microbiome	Uses OMM12	6	11	965
Microbiome	Other publications	5	11	965
Nature Microbiology	Uses OMM12	7	10	825
Nature Microbiology	Other publications	3	10	825
Frontiers in Microbiology	Uses OMM12	1	7	245
Frontiers in Microbiology	Other publications	6	7	245
Microorganisms	Uses OMM12	2	7	363
Microorganisms	Other publications	5	7	363
Current Opinion in Microbiology	Uses OMM12	0	6	93
Current Opinion in Microbiology	Other publications	6	6	93
International Journal of Molecular Sciences	Uses OMM12	0	5	99
International Journal of Molecular Sciences	Other publications	5	5	99
Mucosal Immunology	Uses OMM12	2	5	101
Mucosal Immunology	Other publications	3	5	101
