year	group	publications	citations_scopus
2015	Uses OMM12	1	436
2015	Other publications	2	115
2016	Uses OMM12	3	586
2016	Other publications	2	242
2017	Uses OMM12	2	72
2017	Other publications	3	152
2018	Uses OMM12	4	722
2018	Other publications	8	227
2019	Uses OMM12	8	559
2019	Other publications	11	1462
2020	Uses OMM12	15	2666
2020	Other publications	10	399
2021	Uses OMM12	16	1542
2021	Other publications	16	541
2022	Uses OMM12	10	396
2022	Other publications	28	1520
2023	Uses OMM12	18	691
2023	Other publications	26	874
2024	Uses OMM12	22	505
2024	Other publications	29	943
2025	Uses OMM12	25	264
2025	Other publications	35	469
2026	Uses OMM12	9	3
2026	Other publications	31	44
