hit_id	replicon	hit_pos	hit_sequence_length	gene_name	i_eval	hit_score	hit_profile_cov	hit_seq_cov	hit_begin_match	hit_end_match
ECEGEIHF_00035	turicimonas_muris_YL45	31	778	recD_IV-D_1	1.1000000000000002e-78	262.4	0.811	0.751	193	776
ECEGEIHF_00045	turicimonas_muris_YL45	38	303	RT_I_II_III_IV_V_VI_1	1.6000000000000002e-78	260.8	0.912	0.894	23	293
ECEGEIHF_00062	turicimonas_muris_YL45	55	430	RT_I_II_III_IV_V_VI_1	1.8e-79	263.9	0.923	0.637	23	296
ECEGEIHF_00195	turicimonas_muris_YL45	186	231	CBASS__QueC	1.0999999999999998e-22	78.2	0.553	0.485	104	215
ECEGEIHF_00195	turicimonas_muris_YL45	186	231	Dpd__QueC	2.1e-50	168.2	0.982	0.991	2	230
ECEGEIHF_00206	turicimonas_muris_YL45	197	929	UG9__DNA_pol	3.1000000000000005e-36	122.5	0.752	0.446	503	916
ECEGEIHF_00209	turicimonas_muris_YL45	200	783	Gabija__GajB_3	1.6e-12	44.5	0.66	0.358	24	303
ECEGEIHF_00209	turicimonas_muris_YL45	200	783	Gabija__GajB_1	1.9e-41	139.6	0.908	0.765	22	620
ECEGEIHF_00209	turicimonas_muris_YL45	200	783	UG35__UvrD	2.9e-78	261.0	0.552	0.584	8	464
ECEGEIHF_00209	turicimonas_muris_YL45	200	783	Gabija__GajB_2	3e-104	346.8	0.786	0.858	1	672
ECEGEIHF_00234	turicimonas_muris_YL45	221	800	Dodola__DolB	7.3e-08	29.1	0.629	0.302	313	554
ECEGEIHF_00267	turicimonas_muris_YL45	252	203	cas4_I_II_III_IV_V_VI_6	1.5e-18	64.7	0.988	0.911	16	200
ECEGEIHF_00267	turicimonas_muris_YL45	252	203	cas4_I_II_III_IV_V_VI_4	1.9999999999999999e-22	77.4	0.914	0.926	13	200
ECEGEIHF_00267	turicimonas_muris_YL45	252	203	cas4_I_II_III_IV_V_VI_1	6.7e-32	108.3	0.994	0.916	14	199
ECEGEIHF_00268	turicimonas_muris_YL45	253	96	cas2_I_II_III_IV_V_VI_5	2.2e-11	41.2	0.843	0.781	5	79
ECEGEIHF_00268	turicimonas_muris_YL45	253	96	cas2_I_II_III_IV_V_VI_13	3.7e-12	43.5	0.901	0.677	4	68
ECEGEIHF_00268	turicimonas_muris_YL45	253	96	cas2_I_II_III_IV_V_VI_3	6.7e-13	45.9	0.835	0.698	5	71
ECEGEIHF_00269	turicimonas_muris_YL45	254	335	cas1_I_II_III_IV_V_VI_7	6e-21	72.2	0.919	0.901	30	331
ECEGEIHF_00269	turicimonas_muris_YL45	254	335	cas1_I_II_III_IV_V_VI_5	2.5e-28	96.2	0.92	0.848	4	287
ECEGEIHF_00269	turicimonas_muris_YL45	254	335	cas1_I_II_III_IV_V_VI_2	1.8e-49	165.6	0.95	0.77	5	262
ECEGEIHF_00269	turicimonas_muris_YL45	254	335	cas1_I_II_III_IV_V_VI_8	7.1e-54	180.3	0.982	0.985	2	331
ECEGEIHF_00269	turicimonas_muris_YL45	254	335	cas1_I_II_III_IV_V_VI_10	4.6e-66	220.1	0.979	0.845	4	286
ECEGEIHF_00269	turicimonas_muris_YL45	254	335	cas1_I_II_III_IV_V_VI_1	4.5e-68	226.8	0.994	0.958	2	322
ECEGEIHF_00270	turicimonas_muris_YL45	255	1422	cas9_II-B_3	3.5000000000000005e-128	426.3	1.0	0.557	9	800
ECEGEIHF_00270	turicimonas_muris_YL45	255	1422	cas9_II-B_2	1.9e-128	427.1	1.0	0.557	9	800
ECEGEIHF_00334	turicimonas_muris_YL45	315	463	RT_I_II_III_IV_V_VI_1	2.5e-80	266.7	0.97	0.629	45	335
ECEGEIHF_00343	turicimonas_muris_YL45	324	336	RM_Type_II__Type_II_MTases_FAM_33	2.9e-12	43.3	0.462	0.693	17	249
ECEGEIHF_00343	turicimonas_muris_YL45	324	336	RM_Type_IIG__Type_IIG_1	8.7e-138	458.4	0.403	0.979	1	329
ECEGEIHF_00460	turicimonas_muris_YL45	431	220	AbiEii__AbiEii	3.6e-18	63.6	0.77	0.695	20	172
ECEGEIHF_00461	turicimonas_muris_YL45	432	283	RM_Type_II__Type_II_MTases_FAM_20	4.4e-18	62.4	0.489	0.509	117	260
ECEGEIHF_00461	turicimonas_muris_YL45	432	283	RM_Type_II__Type_II_MTases_FAM_8	1.1e-18	64.6	0.435	0.512	114	258
ECEGEIHF_00461	turicimonas_muris_YL45	432	283	RM_Type_II__Type_II_MTases_FAM_3	1.1e-42	143.6	0.896	0.88	9	257
ECEGEIHF_00461	turicimonas_muris_YL45	432	283	RM_Type_II__Type_II_MTases_FAM_1	2.5e-67	224.4	0.905	0.908	2	258
ECEGEIHF_00462	turicimonas_muris_YL45	433	295	RM_Type_II__Type_II_REase18	2.2e-21	74.4	0.927	0.915	25	294
ECEGEIHF_00465	turicimonas_muris_YL45	436	375	ardc	7.3e-93	308.3	0.891	0.773	12	301
ECEGEIHF_00484	turicimonas_muris_YL45	455	118	MazEF__MazF	2.1e-18	63.5	0.919	0.915	7	114
ECEGEIHF_00495	turicimonas_muris_YL45	466	88	MazEF__MazE	9.9e-08	29.1	0.762	0.716	3	65
ECEGEIHF_00497	turicimonas_muris_YL45	468	111	PfiAT__PfiT	3.2e-05	21.1	0.843	0.865	4	99
ECEGEIHF_00520	turicimonas_muris_YL45	491	258	AbiL__AbiLii	6.2e-15	52.2	0.475	0.531	109	245
ECEGEIHF_00520	turicimonas_muris_YL45	491	258	AbiL__AbiLii2	8.2e-20	68.6	0.454	0.539	109	247
ECEGEIHF_00539	turicimonas_muris_YL45	510	540	RM_Type_IIG__Type_IIG_1	7.6e-141	468.6	0.636	0.952	1	514
ECEGEIHF_00560	turicimonas_muris_YL45	531	259	Gao_Qat__QatD	6.300000000000001e-20	68.8	0.953	0.969	2	252
ECEGEIHF_00665	turicimonas_muris_YL45	636	1232	Lamassu__LmuB_Long	1.8e-18	63.6	0.494	0.363	1	447
ECEGEIHF_00670	turicimonas_muris_YL45	641	376	cas12f2_V-F_1	4.9000000000000004e-30	101.7	0.571	0.75	80	361
ECEGEIHF_00676	turicimonas_muris_YL45	647	331	WYL_I_II_III_IV_V_VI_1	4e-14	50.0	0.722	0.719	14	251
ECEGEIHF_00676	turicimonas_muris_YL45	647	331	WYL_I_II_III_IV_V_VI_4	1.6e-22	77.6	0.86	0.459	158	309
ECEGEIHF_00702	turicimonas_muris_YL45	672	248	CBASS__AG_E1_ThiF	2.6e-61	204.3	0.98	0.94	8	240
ECEGEIHF_00727	turicimonas_muris_YL45	697	421	RT_I_II_III_IV_V_VI_1	4.6e-81	269.2	0.902	0.644	2	272
ECEGEIHF_00876	turicimonas_muris_YL45	846	281	RM_Type_IV__Type_IV_05	3.1000000000000002e-21	73.7	0.852	0.904	11	264
ECEGEIHF_00917	turicimonas_muris_YL45	879	265	CBASS__AG_E1_ThiF	9.3e-35	117.3	0.594	0.547	20	164
ECEGEIHF_00982	turicimonas_muris_YL45	943	189	vcrx091	3.3e-52	174.1	0.662	1.0	1	189
ECEGEIHF_01214	turicimonas_muris_YL45	1175	172	DarTG__DarG	4.2000000000000004e-63	210.4	0.744	0.965	2	167
ECEGEIHF_01225	turicimonas_muris_YL45	1186	421	RT_I_II_III_IV_V_VI_1	4.6e-81	269.2	0.902	0.644	2	272
ECEGEIHF_01249	turicimonas_muris_YL45	1209	319	narp1_adps	4.3e-68	226.8	0.905	0.884	35	316
ECEGEIHF_01499	turicimonas_muris_YL45	1448	374	RosmerTA__RmrA_2641389401	5.6e-05	19.3	0.696	0.725	33	303
ECEGEIHF_01499	turicimonas_muris_YL45	1448	374	RosmerTA__RmrA_2677172838	1.3e-07	27.9	0.676	0.714	32	298
ECEGEIHF_01499	turicimonas_muris_YL45	1448	374	RosmerTA__RmrA_2662548665	1.8e-08	30.8	0.637	0.717	32	299
ECEGEIHF_01499	turicimonas_muris_YL45	1448	374	RosmerTA__RmrA_2623274509	1.9e-09	33.9	0.663	0.709	35	299
ECEGEIHF_01499	turicimonas_muris_YL45	1448	374	RosmerTA__RmrA_2600853143	3.7e-10	36.4	0.661	0.714	36	302
ECEGEIHF_01499	turicimonas_muris_YL45	1448	374	RosmerTA__RmrA_2617826694	7.9e-12	41.6	0.77	0.791	6	301
ECEGEIHF_01499	turicimonas_muris_YL45	1448	374	RosmerTA__RmrA_2634932349	6.1e-13	45.4	0.763	0.802	7	306
ECEGEIHF_01499	turicimonas_muris_YL45	1448	374	RosmerTA__RmrA_2634882613	2e-14	50.3	0.69	0.759	26	309
ECEGEIHF_01526	turicimonas_muris_YL45	1475	271	cas12f2_V-F_1	2.4e-37	125.8	0.476	0.889	4	244
ECEGEIHF_01541	turicimonas_muris_YL45	1488	445	RM_Type_II__Type_II_MTases_FAM_8	3.6e-12	43.3	0.476	0.499	78	299
ECEGEIHF_01541	turicimonas_muris_YL45	1488	445	RM_Type_II__Type_II_MTases_FAM_1	1.3e-16	58.1	0.495	0.306	2	137
ECEGEIHF_01541	turicimonas_muris_YL45	1488	445	RM_Type_II__Type_II_MTases_FAM_3	1.8e-24	83.8	0.821	0.674	9	308
ECEGEIHF_01541	turicimonas_muris_YL45	1488	445	RM_Type_II__Type_II_MTases_FAM_37	1.1e-42	143.6	0.721	0.679	2	303
ECEGEIHF_01541	turicimonas_muris_YL45	1488	445	RM_Type_III__Type_III_MTases_FAM_0	2.7e-105	350.8	0.609	0.76	2	339
ECEGEIHF_01542	turicimonas_muris_YL45	1489	925	RM_Type_III__Type_III_REases_FAM_1.einsi_trimmed	5.1e-119	395.9	0.995	0.995	2	921
ECEGEIHF_01547	turicimonas_muris_YL45	1494	172	RM_Type_II__Type_II_MTases_FAM_36	8.3e-18	62.0	0.42	0.738	7	133
ECEGEIHF_01547	turicimonas_muris_YL45	1494	172	RM_Type_II__Type_II_MTases_FAM_3	6e-19	65.7	0.567	0.814	10	149
ECEGEIHF_01547	turicimonas_muris_YL45	1494	172	RM_Type_II__Type_II_MTases_FAM_1	8.6e-40	134.1	0.549	0.855	2	148
ECEGEIHF_01702	turicimonas_muris_YL45	1647	512	RM_Type_II__Type_II_REase12	4e-07	27.4	0.601	0.457	51	284
ECEGEIHF_01702	turicimonas_muris_YL45	1647	512	RM_Type_II__Type_II_REase37	5.6e-65	217.9	0.53	0.961	10	501
ECEGEIHF_01703	turicimonas_muris_YL45	1648	858	DS-21__DS-21B	2.8e-129	429.7	0.752	0.795	4	685
ECEGEIHF_01703	turicimonas_muris_YL45	1648	858	RM_Type_IIG__Type_IIG_2	3e-204	678.1	0.81	0.984	5	848
ECEGEIHF_01789	turicimonas_muris_YL45	1730	336	cas12f2_V-F_1	3e-36	122.2	0.515	0.78	55	316
ECEGEIHF_01800	turicimonas_muris_YL45	1741	1019	RM__Type_I_REases_FAM_2.einsi_trimmed	9.2e-26	87.6	0.427	0.396	134	537
ECEGEIHF_01800	turicimonas_muris_YL45	1741	1019	RM__Type_I_REases_FAM_0.einsi_trimmed	2.9e-163	542.8	0.733	0.786	1	801
ECEGEIHF_01801	turicimonas_muris_YL45	1742	403	RM__Type_I_S_03	1.6e-18	64.4	0.819	0.948	21	402
ECEGEIHF_01801	turicimonas_muris_YL45	1742	403	RM__Type_I_S_06	3.4e-23	79.5	0.715	0.943	23	402
ECEGEIHF_01801	turicimonas_muris_YL45	1742	403	RM__Type_I_S_02	2.1e-28	96.8	0.865	0.968	13	402
ECEGEIHF_01801	turicimonas_muris_YL45	1742	403	RM__Type_I_S_52	4.1e-33	112.2	0.661	0.948	21	402
ECEGEIHF_01801	turicimonas_muris_YL45	1742	403	RM__Type_I_S_04	3.9000000000000003e-35	119.1	0.729	0.943	22	401
ECEGEIHF_01801	turicimonas_muris_YL45	1742	403	RM__Type_I_S_51	6.1e-46	154.0	0.802	0.945	22	402
ECEGEIHF_01802	turicimonas_muris_YL45	1743	524	RM_Type_II__Type_II_MTases_FAM_6	1.1e-13	47.9	0.409	0.447	191	424
ECEGEIHF_01802	turicimonas_muris_YL45	1743	524	RM_Type_II__Type_II_MTases_FAM_13	3.1e-18	62.8	0.514	0.586	158	464
ECEGEIHF_01802	turicimonas_muris_YL45	1743	524	RM_Type_II__Type_II_MTases_FAM_29	1.9e-18	63.5	0.502	0.576	176	477
ECEGEIHF_01802	turicimonas_muris_YL45	1743	524	RM_Type_II__Type_II_MTases_FAM_14	4.9e-20	68.6	0.417	0.456	191	429
ECEGEIHF_01802	turicimonas_muris_YL45	1743	524	RM_Type_II__Type_II_MTases_FAM_33	1.7e-38	129.9	0.501	0.511	151	418
ECEGEIHF_01802	turicimonas_muris_YL45	1743	524	RM__Type_I_MTases_FAM_3	4.4e-50	167.8	0.763	0.962	5	508
ECEGEIHF_01802	turicimonas_muris_YL45	1743	524	RM__Type_I_MTases_FAM_1	5.5e-57	190.6	0.869	0.8	95	513
ECEGEIHF_01802	turicimonas_muris_YL45	1743	524	PrrC__EcoprrI	9.299999999999998e-103	342.3	0.958	0.99	1	519
ECEGEIHF_01802	turicimonas_muris_YL45	1743	524	RM__Type_I_MTases_FAM_0	1.7e-167	555.6	0.988	0.987	4	520
ECEGEIHF_01816	turicimonas_muris_YL45	1757	1190	Gabija__GajB_2	1.5e-43	146.5	0.625	0.508	113	717
ECEGEIHF_01837	turicimonas_muris_YL45	1776	165	Veles__VlsC1	2e-37	125.8	0.959	0.915	2	152
ECEGEIHF_01837	turicimonas_muris_YL45	1776	165	Veles__VlsC2	4.3e-38	127.9	0.973	0.921	4	155
ECEGEIHF_01839	turicimonas_muris_YL45	1778	402	Dnd__DndA	1.8e-136	452.2	0.966	0.903	5	367
ECEGEIHF_01855	turicimonas_muris_YL45	1794	278	Gao_Qat__QatD	4.7e-10	36.4	0.614	0.583	97	258
ECEGEIHF_01911	turicimonas_muris_YL45	1848	863	Dodola__DolB	1e-24	84.5	0.741	0.341	444	737
ECEGEIHF_02006	turicimonas_muris_YL45	1942	770	Dodola__DolB	2.6999999999999997e-29	99.6	0.688	0.374	434	721
ECEGEIHF_02021	turicimonas_muris_YL45	1957	641	UG6__DnaG	2.2e-33	112.8	0.829	0.44	32	313
ECEGEIHF_02071	turicimonas_muris_YL45	2004	489	DEDDh_I_II_III_IV_V_VI_1	8.7e-12	42.7	0.975	0.368	15	194
ECEGEIHF_02114	turicimonas_muris_YL45	2041	375	Veles__VlsB1	5.2e-103	342.2	0.957	0.955	16	373
ECEGEIHF_02114	turicimonas_muris_YL45	2041	375	Veles__VlsB2	4.5e-103	342.4	0.923	0.957	15	373
ECEGEIHF_02123	turicimonas_muris_YL45	2050	728	RM__Type_I_REases_FAM_0.einsi_trimmed	4.3000000000000005e-128	426.3	0.674	0.964	8	709
ECEGEIHF_02124	turicimonas_muris_YL45	2051	542	RM_Type_II__Type_II_MTases_FAM_6	2.5e-12	43.4	0.42	0.446	192	433
ECEGEIHF_02124	turicimonas_muris_YL45	2051	542	RM_Type_II__Type_II_MTases_FAM_29	2.3e-12	43.5	0.438	0.469	165	418
ECEGEIHF_02124	turicimonas_muris_YL45	2051	542	RM_Type_II__Type_II_MTases_FAM_13	4.3e-16	55.8	0.421	0.45	160	403
ECEGEIHF_02124	turicimonas_muris_YL45	2051	542	RM_Type_II__Type_II_MTases_FAM_33	2.6999999999999997e-39	132.5	0.448	0.432	173	406
ECEGEIHF_02124	turicimonas_muris_YL45	2051	542	RM__Type_I_MTases_FAM_3	1.0999999999999999e-47	159.9	0.68	0.819	18	461
ECEGEIHF_02124	turicimonas_muris_YL45	2051	542	PrrC__EcoprrI	1.6e-50	170.2	0.928	0.948	19	532
ECEGEIHF_02124	turicimonas_muris_YL45	2051	542	RM__Type_I_MTases_FAM_0	4.2e-132	438.8	0.986	0.97	15	540
ECEGEIHF_02125	turicimonas_muris_YL45	2052	386	RM__Type_I_S_01	9.800000000000001e-26	87.5	0.489	0.837	25	347
ECEGEIHF_02125	turicimonas_muris_YL45	2052	386	RM__Type_I_S_03	1.4000000000000001e-30	104.1	0.708	0.847	51	377
ECEGEIHF_02125	turicimonas_muris_YL45	2052	386	RM__Type_I_S_51	2.1e-31	106.0	0.65	0.775	57	355
ECEGEIHF_02155	turicimonas_muris_YL45	2081	164	DEDDh_I_II_III_IV_V_VI_1	3.8e-29	99.1	0.988	0.945	6	160
ECEGEIHF_02223	turicimonas_muris_YL45	2149	340	vcrx089	1.2e-86	288.4	0.774	0.941	13	332
ECEGEIHF_02251	turicimonas_muris_YL45	2177	374	Lamassu__LmuA_legacy_Cap4_II	2.7e-50	169.8	0.957	0.955	3	359
ECEGEIHF_02251	turicimonas_muris_YL45	2177	374	Lamassu__LmuA_Cap4_I	1.4e-70	235.7	0.972	0.979	1	366
ECEGEIHF_02252	turicimonas_muris_YL45	2178	155	Lamassu__LmuC_Clade_V	2e-26	89.5	0.957	0.961	5	153
ECEGEIHF_02252	turicimonas_muris_YL45	2178	155	Lamassu__LmuC_MC3	5e-39	130.5	0.981	0.968	4	153
ECEGEIHF_02253	turicimonas_muris_YL45	2179	614	Lamassu__LmuB_Short	7.1e-59	197.2	0.803	0.915	18	579
ECEGEIHF_02263	turicimonas_muris_YL45	2189	344	CapRel__CapRel	1.8e-44	149.5	0.941	0.959	10	339
ECEGEIHF_02266	turicimonas_muris_YL45	2192	302	FS_HP_SDH_sah__SDH_sah	2.2e-113	375.5	0.98	0.974	1	294
ECEGEIHF_02268	turicimonas_muris_YL45	2194	341	FS_HP_SDH_sah__SDH_sah	6.6e-08	29.2	0.603	0.513	77	251
ECEGEIHF_02271	turicimonas_muris_YL45	2197	469	AbiL__AbiLi	1.3e-63	212.8	0.989	0.908	1	426
ECEGEIHF_02271	turicimonas_muris_YL45	2197	469	AbiL__AbiLi2	2.2e-68	228.7	0.982	0.9	1	422
ECEGEIHF_02272	turicimonas_muris_YL45	2198	292	RM_Type_II__Type_II_REase19	8.5e-16	55.4	0.471	0.503	145	291
ECEGEIHF_02272	turicimonas_muris_YL45	2198	292	VcaM4I__VcaM4I	2.8e-47	159.1	0.736	0.925	23	292
ECEGEIHF_02280	turicimonas_muris_YL45	2206	354	Gabija__GajB_3	1.7e-74	248.4	0.888	0.912	1	323
ECEGEIHF_02281	turicimonas_muris_YL45	2207	538	Gabija__GajA	8.4e-55	183.8	0.861	0.937	10	513
ECEGEIHF_02282	turicimonas_muris_YL45	2208	1264	Dsr_I__Dsr1	0.0	1269.0	1.0	1.0	1	1264
ECEGEIHF_02306	turicimonas_muris_YL45	2232	342	DarTG__DarG	4.8e-27	92.5	0.731	0.477	1	163
ECEGEIHF_02385	turicimonas_muris_YL45	2311	263	DEDDh_I_II_III_IV_V_VI_1	2.8000000000000002e-43	145.1	0.994	0.62	10	172
ECEGEIHF_02443	turicimonas_muris_YL45	2369	673	csf4_IV-A_1	5.7e-60	200.8	0.926	0.933	1	628
ECEGEIHF_02523	turicimonas_muris_YL45	2443	258	RT_I_II_III_IV_V_VI_1	7.000000000000001e-26	88.0	0.424	0.488	7	132
ECEGEIHF_02558	turicimonas_muris_YL45	2477	296	PD-Lambda-5__PD-Lambda-5_B	9.5e-12	41.9	0.92	0.916	23	293
ECEGEIHF_02558	turicimonas_muris_YL45	2477	296	RM_Type_II__Type_II_MTases_FAM_23	6.899999999999999e-22	75.1	0.595	0.639	108	296
ECEGEIHF_02558	turicimonas_muris_YL45	2477	296	RM_Type_II__Type_II_MTases_FAM_4	1.9e-89	296.8	0.989	0.926	22	295
ECEGEIHF_02574	turicimonas_muris_YL45	2493	192	DEDDh_I_II_III_IV_V_VI_1	1.4e-09	35.5	0.806	0.74	20	161
